/*******************************************************************************
 * Monochrome emoji, generated by tools/gen_emoji_font.py - do not edit by hand.
 *
 * Rendered from Noto Emoji (SIL Open Font License 1.1) at 13px, dilated to
 * thresholded to 1bpp, which is all this e-paper panel can show. Colour emoji
 * fonts would be wasted here; Noto Emoji is drawn as silhouettes to begin with.
 *
 * 1374 glyphs. Regional indicators are omitted (they only mean anything in
 * pairs); variation selectors, the zero width joiner and the skin tone
 * modifiers are present but render as nothing, so they do not leave a
 * placeholder box after every emoji.
 ******************************************************************************/

#include "lvgl.h"

#ifndef FONT_EMOJI_16
#define FONT_EMOJI_16 1
#endif

#if FONT_EMOJI_16

/*-----------------
 *    BITMAPS
 *----------------*/

static LV_ATTRIBUTE_LARGE_CONST const uint8_t glyph_bitmap[] = {
    0x1f, 0xe0, 0x7f, 0xf1, 0xff, 0xf7, 0xff, 0xef, 0xff, 0xff, 0xff, 0xff, 0x87, 0xfe, 0x07, 0xfe,
    0x1f, 0xff, 0xbf, 0xff, 0xff, 0xff, 0xe7, 0xff, 0xc7, 0xff, 0x07, 0xf8, 0x00, 0x1f, 0xe0, 0x7f,
    0xf1, 0xff, 0xf7, 0xff, 0xef, 0xff, 0xff, 0xff, 0xfb, 0xff, 0xf7, 0xf7, 0xef, 0xdf, 0xff, 0xff,
    0xff, 0xff, 0xff, 0xe7, 0xff, 0xc7, 0xff, 0x07, 0xf8, 0x00, 0x7f, 0xdf, 0xf7, 0xfd, 0xff, 0x7f,
    0xdf, 0xf7, 0xfd, 0xff, 0x7f, 0xdf, 0xf7, 0xbf, 0xff, 0xff, 0xff, 0xf7, 0xfc, 0x7b, 0xf9, 0xff,
    0xf7, 0xff, 0xdf, 0xff, 0x7f, 0xfd, 0xe1, 0xf7, 0x8f, 0xde, 0x7e, 0x79, 0xf1, 0xe7, 0x87, 0x9e,
    0x3e, 0x7c, 0xf9, 0xf3, 0xe7, 0xc7, 0x9e, 0x00, 0xff, 0xff, 0xff, 0xff, 0xff, 0xff, 0x7f, 0xff,
    0x3f, 0xff, 0x3f, 0xff, 0x3f, 0xff, 0x3f, 0xff, 0x3f, 0xff, 0x7f, 0xfe, 0xff, 0xff, 0xff, 0xff,
    0xff, 0xff, 0xff, 0xff, 0xff, 0xff, 0xff, 0xff, 0xff, 0xff, 0xff, 0xff, 0xff, 0xff, 0xff, 0xff,
    0xff, 0xff, 0xff, 0xff, 0xff, 0xff, 0x7f, 0xff, 0xff, 0xff, 0xff, 0xff, 0xff, 0xff, 0xff, 0xff,
    0xff, 0xff, 0xff, 0xff, 0xff, 0xfb, 0xff, 0xff, 0xff, 0xff, 0xff, 0xff, 0xff, 0xff, 0xff, 0xff,
    0xff, 0xff, 0xff, 0xff, 0x80, 0x7f, 0xfe, 0xff, 0xff, 0xff, 0xff, 0xff, 0xff, 0xff, 0xff, 0xff,
    0xff, 0xff, 0xff, 0xff, 0xff, 0xff, 0xff, 0xff, 0xff, 0xff, 0xff, 0xff, 0xff, 0xff, 0xff, 0xff,
    0xff, 0xff, 0xff, 0xff, 0xff, 0xff, 0xff, 0xff, 0xff, 0xff, 0xff, 0xff, 0xff, 0x7f, 0xff, 0xff,
    0xff, 0xff, 0xff, 0xff, 0xff, 0xff, 0xff, 0xff, 0xff, 0xff, 0xff, 0xff, 0xff, 0xff, 0xff, 0x80,
    0xff, 0xff, 0xff, 0xff, 0xff, 0xff, 0xff, 0xff, 0xff, 0xff, 0xef, 0xff, 0xff, 0xff, 0xff, 0xff,
    0xff, 0xff, 0xff, 0xff, 0xff, 0xff, 0xff, 0xff, 0xff, 0xff, 0xff, 0xff, 0x80, 0xff, 0xff, 0xff,
    0xff, 0xff, 0xff, 0xff, 0xff, 0xff, 0xff, 0xff, 0xff, 0xff, 0xff, 0xff, 0xff, 0xff, 0xfe, 0xff,
    0xff, 0xff, 0xff, 0xff, 0xff, 0xff, 0xff, 0xff, 0xff, 0x80, 0xff, 0xff, 0xff, 0xff, 0xff, 0xff,
    0xff, 0xff, 0xff, 0xff, 0xff, 0xff, 0xff, 0xff, 0xff, 0xff, 0xff, 0xf7, 0xff, 0xff, 0xff, 0xff,
    0xff, 0xff, 0xff, 0xff, 0xff, 0xff, 0x80, 0xff, 0xff, 0xff, 0xff, 0xff, 0xff, 0xff, 0xff, 0xff,
    0xff, 0xff, 0xff, 0xff, 0xff, 0xff, 0xff, 0xff, 0xff, 0xff, 0xff, 0xff, 0xff, 0xff, 0xff, 0xff,
    0xff, 0xff, 0xff, 0x80, 0x7f, 0xff, 0xff, 0xff, 0xff, 0xff, 0xff, 0xff, 0xff, 0xff, 0xff, 0xff,
    0xff, 0xff, 0xff, 0xff, 0xff, 0xff, 0xff, 0xff, 0xff, 0xff, 0xff, 0xff, 0xff, 0xff, 0xff, 0xff,
    0x7f, 0xff, 0x39, 0xc3, 0xff, 0x1f, 0xf8, 0xff, 0xcf, 0xfe, 0x78, 0x7b, 0xff, 0xfd, 0xef, 0xff,
    0xff, 0x87, 0xbf, 0xf8, 0xff, 0xc7, 0xfe, 0x3f, 0xf0, 0xff, 0x00, 0xff, 0xff, 0xff, 0xff, 0xff,
    0xff, 0xde, 0xf7, 0xf8, 0xfe, 0x7f, 0x9f, 0xff, 0xff, 0xff, 0xff, 0xff, 0xff, 0xfc, 0x7f, 0xff,
    0x7f, 0xff, 0xff, 0xff, 0xff, 0xff, 0xff, 0xff, 0xff, 0xff, 0xff, 0xff, 0xff, 0xff, 0xff, 0xff,
    0xff, 0xff, 0xff, 0xff, 0xff, 0xc0, 0xff, 0xff, 0xff, 0xff, 0xff, 0xff, 0xff, 0xff, 0xff, 0xff,
    0xff, 0xff, 0xbf, 0xfe, 0x7f, 0xff, 0xff, 0xff, 0xff, 0xff, 0xff, 0xff, 0xff, 0xff, 0xff, 0xff,
    0xff, 0xff, 0x80, 0xff, 0xff, 0xff, 0xff, 0xff, 0xff, 0xff, 0xff, 0xff, 0xff, 0xff, 0xff, 0xff,
    0xfb, 0xbf, 0xff, 0xff, 0xff, 0xff, 0xff, 0xff, 0xff, 0xff, 0xff, 0xff, 0xff, 0xff, 0xff, 0x80,
    0xff, 0xff, 0xff, 0xff, 0xff, 0xff, 0xff, 0xff, 0xff, 0xff, 0xff, 0xff, 0xff, 0xfc, 0x0f, 0xff,
    0xff, 0xff, 0xff, 0xff, 0xff, 0xff, 0xff, 0xff, 0xff, 0xff, 0xff, 0xff, 0x80, 0xff, 0xff, 0xff,
    0xff, 0xff, 0xff, 0xff, 0xff, 0xff, 0xff, 0xff, 0xff, 0xbf, 0xff, 0xff, 0xff, 0xff, 0xff, 0xff,
    0xfb, 0xff, 0xff, 0xff, 0xff, 0xff, 0xff, 0xff, 0xff, 0x80, 0xff, 0xff, 0xff, 0xff, 0xff, 0xff,
    0xff, 0xff, 0xef, 0xff, 0xff, 0xff, 0xff, 0xff, 0xff, 0xfe, 0xff, 0xff, 0xff, 0xff, 0xff, 0xff,
    0xff, 0xff, 0xff, 0xff, 0xff, 0xff, 0x80, 0xff, 0xff, 0xff, 0xff, 0xff, 0xff, 0xff, 0xff, 0xff,
    0xff, 0xff, 0xff, 0xff, 0xfb, 0x8f, 0xff, 0xff, 0xff, 0xff, 0xff, 0xff, 0xff, 0xff, 0xff, 0xff,
    0xff, 0xff, 0xff, 0x80, 0xff, 0xff, 0xff, 0xff, 0xff, 0xff, 0xff, 0xff, 0xff, 0xff, 0xff, 0xff,
    0xff, 0xf8, 0xef, 0xff, 0xff, 0xff, 0xff, 0xff, 0xff, 0xff, 0xff, 0xff, 0xff, 0xff, 0xff, 0xff,
    0x80, 0xff, 0xff, 0xff, 0xff, 0xff, 0xff, 0xff, 0xff, 0xff, 0xff, 0xff, 0xff, 0xff, 0xfb, 0xff,
    0xff, 0xff, 0xff, 0xff, 0xff, 0xff, 0xff, 0xff, 0xff, 0xff, 0xff, 0xff, 0xff, 0x80, 0x7f, 0xf9,
    0xff, 0xe7, 0xff, 0x9f, 0xfe, 0x7f, 0xf9, 0xff, 0xff, 0xf7, 0xff, 0xef, 0xf7, 0xbf, 0xfe, 0xff,
    0x83, 0xdf, 0x3e, 0x7f, 0xf8, 0xff, 0xc1, 0xff, 0x00, 0x07, 0x80, 0x1e, 0xe1, 0xff, 0x8f, 0xfe,
    0x7f, 0xf9, 0xff, 0xef, 0xff, 0xfe, 0xff, 0xfb, 0xff, 0xef, 0xff, 0xbf, 0xdf, 0xfe, 0x7f, 0xf8,
    0xff, 0xc0, 0xfc, 0x00, 0x0f, 0xe0, 0x7f, 0xf1, 0xff, 0xf3, 0xff, 0xef, 0xff, 0xff, 0xff, 0xff,
    0xff, 0xff, 0xff, 0xff, 0xff, 0xff, 0xff, 0xff, 0xff, 0xff, 0xff, 0xff, 0xff, 0xff, 0xff, 0xff,
    0x80, 0xff, 0xff, 0xff, 0xff, 0xff, 0xff, 0xdf, 0xf7, 0xf8, 0xfe, 0x7f, 0xdf, 0xff, 0xff, 0xff,
    0xff, 0xff, 0xff, 0xfc, 0xff, 0xfe, 0xff, 0xff, 0xff, 0xff, 0xff, 0xff, 0xff, 0xff, 0xff, 0xff,
    0xff, 0xff, 0xff, 0xff, 0xff, 0xff, 0xff, 0xff, 0xff, 0xff, 0xff, 0xff, 0xff, 0xff, 0xff, 0xff,
    0xff, 0xfe, 0x7f, 0xfe, 0xff, 0xff, 0xff, 0xff, 0xff, 0xff, 0xff, 0xff, 0xff, 0xff, 0xfc, 0x3f,
    0xfc, 0x3f, 0xfc, 0x3f, 0xff, 0xff, 0xff, 0xff, 0xff, 0xff, 0xff, 0xff, 0xff, 0xff, 0x7f, 0xfe,
    0xff, 0xff, 0xff, 0xff, 0xff, 0xff, 0xff, 0xff, 0xff, 0xff, 0xdf, 0xff, 0x1f, 0xfc, 0x3f, 0xfc,
    0x7f, 0xfd, 0xff, 0xff, 0xff, 0xff, 0xff, 0xff, 0xff, 0xff, 0xff, 0xff, 0x80, 0x0f, 0xe0, 0x7f,
    0xf1, 0xff, 0xf3, 0xff, 0xef, 0xff, 0xff, 0xff, 0xff, 0xef, 0xff, 0xdf, 0xff, 0xff, 0xff, 0xff,
    0xff, 0xff, 0xff, 0xe7, 0xff, 0xc7, 0xff, 0x07, 0xf8, 0x00, 0x7f, 0xff, 0xff, 0xff, 0xf7, 0xc0,
    0x7b, 0xff, 0xff, 0xff, 0xf7, 0x80, 0x7f, 0xff, 0xff, 0xff, 0xff, 0xff, 0xff, 0xff, 0xff, 0xff,
    0xff, 0xff, 0xff, 0xff, 0xfe, 0xff, 0xff, 0xff, 0xff, 0xff, 0xff, 0xff, 0xff, 0xff, 0xff, 0xff,
    0xff, 0xff, 0x7f, 0xff, 0xff, 0xff, 0xff, 0xff, 0xff, 0xff, 0xff, 0xff, 0xff, 0xff, 0xff, 0xff,
    0xff, 0xff, 0x7f, 0xff, 0xff, 0xff, 0xff, 0xff, 0xff, 0xff, 0xff, 0xff, 0xff, 0xff, 0xff, 0xff,
    0x80, 0xff, 0xf7, 0xff, 0xff, 0xff, 0xc0, 0x7e, 0x03, 0xf0, 0x1f, 0x80, 0xfc, 0x07, 0xe0, 0x3f,
    0x01, 0xff, 0xff, 0xff, 0xff, 0xff, 0x00, 0x7f, 0xe7, 0xff, 0x3f, 0xff, 0xff, 0xff, 0xff, 0xff,
    0xff, 0xff, 0xff, 0xff, 0xff, 0xff, 0xff, 0xff, 0xff, 0xff, 0xff, 0xff, 0x00, 0xff, 0xff, 0xff,
    0xfc, 0x7e, 0x3f, 0x1f, 0xff, 0xff, 0xff, 0x80, 0xff, 0xff, 0xff, 0xff, 0xff, 0xff, 0xff, 0xff,
    0xff, 0xff, 0x80, 0x01, 0xc0, 0x7f, 0x80, 0xff, 0x81, 0xff, 0xe7, 0xff, 0xdf, 0xdf, 0xbf, 0x1f,
    0x7c, 0x1f, 0x7c, 0x7e, 0xfd, 0xfd, 0xff, 0xe3, 0xff, 0xc7, 0xff, 0x81, 0xff, 0x01, 0xc0, 0x00,
    0x01, 0xf8, 0x01, 0xfe, 0x01, 0xff, 0x83, 0xf3, 0xc1, 0xf8, 0xe1, 0xfc, 0x7b, 0xf0, 0x3f, 0xf0,
    0x1f, 0xf0, 0x03, 0xff, 0xe7, 0xff, 0xff, 0xe7, 0xff, 0xc0, 0x07, 0x80, 0x03, 0x80, 0x3f, 0xc0,
    0xff, 0xe3, 0xff, 0xef, 0xff, 0xff, 0xff, 0xff, 0xff, 0xff, 0xff, 0xff, 0xfe, 0x3f, 0xe0, 0x3e,
    0x00, 0x7c, 0x00, 0xf8, 0x01, 0xf0, 0x03, 0xe0, 0x00, 0x1f, 0x03, 0xe0, 0xfe, 0x1f, 0xc7, 0xfc,
    0xf7, 0x9f, 0xf7, 0xff, 0xff, 0xfe, 0x7f, 0x87, 0x78, 0xef, 0xfc, 0xff, 0x8f, 0xc0, 0x03, 0x80,
    0x3f, 0x83, 0xfc, 0x3f, 0xe3, 0xff, 0xbf, 0xff, 0xff, 0xff, 0xfc, 0xff, 0xe7, 0xfe, 0x3f, 0xe0,
    0xfe, 0x03, 0xe0, 0x00, 0x0f, 0xfc, 0x0f, 0xff, 0xc7, 0xff, 0xfb, 0xff, 0xff, 0xff, 0xff, 0xff,
    0xff, 0xff, 0xff, 0xfd, 0xff, 0xff, 0x3f, 0xff, 0x0f, 0xff, 0xc3, 0xff, 0xf0, 0xff, 0xfc, 0x3f,
    0xff, 0x0f, 0xff, 0xc1, 0xff, 0xf0, 0xff, 0xff, 0xff, 0xff, 0xff, 0xff, 0xe0, 0x7f, 0xfc, 0xff,
    0xfd, 0xff, 0xff, 0xf7, 0xff, 0xf7, 0xff, 0xe7, 0xff, 0xc7, 0xff, 0x87, 0xef, 0x87, 0xff, 0xff,
    0xff, 0xff, 0xff, 0xff, 0x73, 0x9c, 0xff, 0xf9, 0xff, 0xf3, 0xff, 0xef, 0xff, 0xff, 0xff, 0xff,
    0xff, 0xff, 0xff, 0xff, 0xfe, 0x3f, 0xe0, 0x3e, 0x00, 0xfc, 0x01, 0xf8, 0x03, 0xf0, 0x03, 0xe0,
    0x00, 0x01, 0xe0, 0x07, 0xc0, 0x0f, 0x80, 0x7f, 0x03, 0xff, 0x07, 0xff, 0x8f, 0xff, 0x9f, 0xff,
    0x3f, 0xfe, 0xf9, 0xfb, 0xf7, 0xf7, 0xef, 0xef, 0xff, 0xdf, 0xff, 0x0f, 0xfc, 0x00, 0x07, 0xf0,
    0x1f, 0xf0, 0x3f, 0xe3, 0xf1, 0xcf, 0xe7, 0xdf, 0xff, 0xf9, 0xff, 0xf3, 0xff, 0xef, 0xdf, 0xff,
    0xfb, 0xff, 0xf3, 0xdf, 0xe0, 0x3f, 0x80, 0x78, 0x00, 0x70, 0x00, 0x03, 0xc0, 0x7c, 0x0f, 0x81,
    0xf3, 0xff, 0xff, 0xff, 0xff, 0xff, 0xff, 0xff, 0xff, 0xff, 0xff, 0xff, 0xfe, 0xff, 0x8f, 0xe0,
    0x38, 0x1c, 0x78, 0x1e, 0xff, 0xff, 0xff, 0xff, 0xff, 0xff, 0x3e, 0x7c, 0x3f, 0xfc, 0x3f, 0xfc,
    0x3f, 0xfc, 0x3f, 0xfc, 0x7f, 0xfe, 0xff, 0xff, 0xff, 0xff, 0xff, 0xff, 0x38, 0x1c, 0x0f, 0xf0,
    0x1f, 0xf8, 0x3f, 0xfc, 0x7e, 0x7e, 0x7f, 0xfe, 0xff, 0xff, 0xff, 0xff, 0xff, 0xff, 0xff, 0xff,
    0xf3, 0xcf, 0x7f, 0xfe, 0x7f, 0xfe, 0x3f, 0xfc, 0x1f, 0xf8, 0x0f, 0xf0, 0x0f, 0xf0, 0x1f, 0xf8,
    0x3f, 0xfc, 0x7e, 0x3e, 0x7f, 0xfe, 0xff, 0xff, 0xef, 0xff, 0xef, 0xff, 0xe7, 0xff, 0xf7, 0x8f,
    0x7f, 0x9e, 0x7f, 0xbe, 0x3f, 0xfc, 0x1f, 0xf8, 0x0f, 0xf0, 0xff, 0xff, 0xff, 0xff, 0xff, 0xff,
    0xff, 0xff, 0xff, 0xff, 0xff, 0xff, 0xff, 0xff, 0xff, 0xff, 0xff, 0xff, 0xff, 0xff, 0xff, 0xff,
    0xff, 0xff, 0xff, 0xff, 0xff, 0xff, 0xff, 0xff, 0x7f, 0xff, 0xff, 0xff, 0xff, 0xff, 0xff, 0xff,
    0xff, 0xff, 0xff, 0xff, 0xff, 0xff, 0xff, 0xff, 0xff, 0xff, 0xff, 0xff, 0xff, 0xff, 0xff, 0xff,
    0xff, 0xff, 0xff, 0xff, 0x7f, 0xff, 0xff, 0xff, 0xff, 0xff, 0xff, 0xff, 0xff, 0xff, 0xff, 0xff,
    0xff, 0xff, 0xff, 0xff, 0xff, 0xff, 0xff, 0xff, 0xff, 0xff, 0xff, 0xff, 0xff, 0xff, 0xff, 0xff,
    0xff, 0xff, 0xff, 0xff, 0xff, 0xff, 0xff, 0xff, 0xff, 0xff, 0xff, 0xff, 0xff, 0xff, 0xff, 0xff,
    0xff, 0xff, 0xff, 0xff, 0xff, 0xff, 0xff, 0xff, 0xff, 0xff, 0xff, 0xff, 0xff, 0xff, 0xff, 0xff,
    0x80, 0xff, 0xff, 0xff, 0xff, 0xff, 0xff, 0xff, 0xff, 0xff, 0xff, 0xff, 0xff, 0xff, 0xff, 0xff,
    0xff, 0xff, 0xff, 0xff, 0xff, 0xff, 0xff, 0xff, 0xff, 0xff, 0xff, 0xff, 0xff, 0x80, 0x0f, 0xf0,
    0x1f, 0xf8, 0x3f, 0xfc, 0x7c, 0x3e, 0x7f, 0xfe, 0xff, 0xff, 0xef, 0xf7, 0xef, 0xf7, 0xe7, 0xe7,
    0xff, 0xff, 0x7f, 0xfe, 0x7e, 0x7e, 0x3f, 0xfc, 0x1f, 0xf8, 0x0f, 0xf0, 0x0f, 0xf0, 0x1f, 0xf8,
    0x3f, 0xfc, 0x7e, 0x7e, 0x7e, 0x7e, 0xff, 0xff, 0xef, 0xf7, 0xff, 0xf7, 0xfe, 0x07, 0xff, 0xef,
    0x7f, 0xfe, 0x7f, 0xfe, 0x3f, 0xfc, 0x1f, 0xf8, 0x0f, 0xf0, 0x3f, 0x0f, 0xfb, 0xff, 0x7f, 0xff,
    0xbf, 0xe3, 0xfe, 0xff, 0xff, 0x7f, 0xc7, 0xf0, 0xfe, 0x1f, 0xc3, 0xf8, 0x7f, 0x03, 0x80, 0x00,
    0xfe, 0x01, 0xfc, 0x03, 0xf8, 0x07, 0xf1, 0xff, 0xef, 0xff, 0xdf, 0xff, 0xff, 0xf8, 0xf9, 0xf1,
    0xe1, 0xe3, 0xe7, 0xc7, 0xff, 0x87, 0xfe, 0x0f, 0xfc, 0x07, 0xe0, 0x00, 0x1f, 0xf0, 0x7f, 0xf1,
    0xff, 0xf3, 0xff, 0xef, 0xff, 0xff, 0xff, 0xff, 0xff, 0xff, 0xff, 0xff, 0xff, 0xff, 0xff, 0xff,
    0xfb, 0xff, 0xe7, 0xff, 0xc7, 0xff, 0x03, 0xf8, 0x00, 0x0f, 0xe0, 0x7f, 0xe1, 0xff, 0xf7, 0xff,
    0xef, 0xff, 0xff, 0xff, 0xff, 0xff, 0xff, 0xff, 0xff, 0xff, 0xff, 0xff, 0xff, 0xff, 0xff, 0xe7,
    0xff, 0xc7, 0xff, 0x03, 0xf8, 0x00, 0x0f, 0xe0, 0x7f, 0xe1, 0xff, 0xf7, 0xff, 0xef, 0xff, 0xff,
    0xff, 0xff, 0xff, 0xff, 0xff, 0xff, 0xff, 0xff, 0xff, 0xff, 0xff, 0xff, 0xe7, 0xff, 0xc7, 0xff,
    0x03, 0xf8, 0x00, 0x0f, 0xf0, 0x1f, 0xf8, 0x3f, 0xfc, 0x7f, 0xfe, 0x7f, 0xfe, 0x7f, 0xfe, 0xff,
    0xff, 0xff, 0xff, 0xff, 0xff, 0x7f, 0xff, 0x7f, 0xfe, 0x7f, 0xfe, 0x3f, 0xfc, 0x1f, 0xf8, 0x0f,
    0xf0, 0x0f, 0xf0, 0x7f, 0xf1, 0xff, 0xf3, 0xff, 0xff, 0xff, 0xff, 0xff, 0xff, 0xff, 0xff, 0xff,
    0xff, 0xff, 0xff, 0xff, 0xff, 0xfb, 0xff, 0xf7, 0xff, 0xc7, 0xff, 0x03, 0xf8, 0x00, 0x0f, 0xf0,
    0x1f, 0xf8, 0x3f, 0xfc, 0x7f, 0xfe, 0xff, 0xff, 0xff, 0xff, 0xff, 0xff, 0xff, 0xff, 0xff, 0xff,
    0xff, 0xff, 0x7f, 0xfe, 0x7f, 0xfe, 0x3f, 0xfc, 0x1f, 0xf8, 0x0f, 0xf0, 0x0f, 0xf0, 0x1f, 0xf8,
    0x3f, 0xfc, 0x7f, 0xfe, 0x7f, 0xfe, 0xff, 0xff, 0xff, 0xff, 0xff, 0xff, 0xff, 0xff, 0xff, 0xff,
    0xff, 0xff, 0x7f, 0xfe, 0x3f, 0xfc, 0x3f, 0xf8, 0x0f, 0xf0, 0x0f, 0xe0, 0x3f, 0xf0, 0xff, 0xf3,
    0xff, 0xef, 0xff, 0xff, 0xff, 0xff, 0xff, 0xff, 0xff, 0xff, 0xff, 0xff, 0xff, 0xff, 0xfb, 0xff,
    0xe3, 0xff, 0xc3, 0xff, 0x03, 0xf8, 0x00, 0x1f, 0xe0, 0x7f, 0xf1, 0xff, 0xf7, 0xff, 0xef, 0xff,
    0xff, 0xff, 0xff, 0xff, 0xff, 0xff, 0xff, 0xff, 0xff, 0xff, 0xff, 0xff, 0xff, 0xe7, 0xff, 0xc7,
    0xff, 0x03, 0xf8, 0x00, 0x0f, 0xe0, 0x7f, 0xe1, 0xff, 0xf7, 0xff, 0xef, 0xff, 0xff, 0xff, 0xff,
    0xff, 0xff, 0xff, 0xff, 0xff, 0xff, 0xff, 0xff, 0xff, 0xff, 0xe7, 0xff, 0xc7, 0xff, 0x03, 0xf8,
    0x00, 0x0f, 0xe0, 0x7f, 0xe1, 0xff, 0xe7, 0xff, 0xef, 0xff, 0xff, 0xff, 0xff, 0xff, 0xff, 0xff,
    0xff, 0xff, 0xff, 0xff, 0xff, 0xff, 0xff, 0xe7, 0xff, 0xc7, 0xff, 0x07, 0xf8, 0x00, 0x0f, 0xf0,
    0x1f, 0xf8, 0x3f, 0xfc, 0x7f, 0xfe, 0x7f, 0xfe, 0x7f, 0xfe, 0xff, 0xff, 0xff, 0xff, 0xff, 0xff,
    0x7f, 0xfe, 0x7f, 0xfe, 0x7f, 0xfe, 0x3f, 0xfc, 0x1f, 0xf8, 0x0f, 0xf0, 0x1f, 0x0f, 0xc3, 0xf0,
    0xfc, 0x3f, 0x8f, 0xe3, 0xf8, 0xfc, 0x7f, 0x9f, 0xff, 0xff, 0xff, 0xff, 0xff, 0xf7, 0xf8, 0x07,
    0x80, 0x3f, 0x01, 0xfe, 0x0f, 0xfc, 0x7f, 0xf9, 0xff, 0xef, 0xff, 0xff, 0xff, 0xff, 0xff, 0xff,
    0xff, 0xff, 0xff, 0xff, 0x3f, 0xf0, 0xff, 0xc3, 0xff, 0x00, 0x07, 0xc0, 0x1f, 0xc0, 0x7f, 0x80,
    0xff, 0x81, 0xff, 0x0f, 0xff, 0xbf, 0xff, 0x7f, 0xff, 0xff, 0xff, 0xff, 0xff, 0xff, 0xff, 0xff,
    0xe7, 0xff, 0x83, 0xfe, 0x07, 0xfc, 0x0f, 0xf8, 0x3f, 0x7e, 0x7f, 0xff, 0xff, 0xff, 0xff, 0xff,
    0xff, 0xff, 0xff, 0xff, 0xff, 0xff, 0xff, 0xff, 0x7f, 0xff, 0x7f, 0xfe, 0x3f, 0xfc, 0x1f, 0xf8,
    0x0f, 0xf0, 0x07, 0xe0, 0x03, 0xc0, 0x0f, 0x01, 0xf8, 0x1f, 0x83, 0xfc, 0x7f, 0xef, 0xff, 0xff,
    0xff, 0xff, 0xff, 0xff, 0xff, 0x7f, 0xe3, 0xfc, 0x1f, 0x81, 0xf8, 0x0f, 0x00, 0x03, 0xc0, 0x1f,
    0xf8, 0x1f, 0xf8, 0x3f, 0xf8, 0x3f, 0xf8, 0x3f, 0xf8, 0x3f, 0xf8, 0x7f, 0xfe, 0xff, 0xff, 0xff,
    0xff, 0xff, 0xff, 0xff, 0xff, 0xff, 0xff, 0x7f, 0xfe, 0x1f, 0xf8, 0x0f, 0xf0, 0x07, 0xfe, 0x07,
    0xff, 0x03, 0xff, 0x81, 0xff, 0x87, 0xff, 0xfb, 0xfc, 0xfd, 0xfc, 0x7f, 0xfe, 0x7f, 0xff, 0xff,
    0xff, 0xff, 0xcf, 0xff, 0xe7, 0xff, 0xe1, 0xff, 0xe0, 0x7f, 0xc0, 0xff, 0xff, 0xff, 0xff, 0xff,
    0xff, 0xff, 0xff, 0xff, 0xff, 0xff, 0xff, 0xff, 0xff, 0xff, 0xff, 0xff, 0xff, 0xff, 0xff, 0xff,
    0xff, 0xff, 0xff, 0xff, 0xff, 0xff, 0xff, 0x80, 0xff, 0xff, 0xff, 0xff, 0xff, 0xff, 0xff, 0xff,
    0xff, 0xff, 0xdf, 0xff, 0xbf, 0xff, 0xff, 0xff, 0xbf, 0xff, 0xff, 0xff, 0xff, 0xff, 0xff, 0xff,
    0xff, 0xff, 0xff, 0xff, 0x80, 0x0f, 0x78, 0x1f, 0xfe, 0x1f, 0xff, 0x8f, 0xff, 0xef, 0xff, 0xf7,
    0xff, 0xff, 0xff, 0xff, 0xff, 0xff, 0x3f, 0xf7, 0x8f, 0xfc, 0x0f, 0xfe, 0x07, 0xff, 0xc3, 0xf1,
    0xe1, 0xf0, 0xf0, 0xf0, 0x70, 0x07, 0xc0, 0x1f, 0x80, 0x3f, 0x00, 0x7e, 0x00, 0x7c, 0x01, 0xfc,
    0x3b, 0xf8, 0x7f, 0xf7, 0xff, 0xff, 0xff, 0xff, 0xff, 0xff, 0xff, 0xe7, 0xff, 0x87, 0xff, 0x03,
    0xf8, 0x00, 0x78, 0x0f, 0x7e, 0x3f, 0x7e, 0x7f, 0x7f, 0xff, 0x3f, 0xfe, 0x0f, 0xfc, 0x07, 0xf8,
    0x3f, 0xfe, 0x3f, 0xfe, 0x3f, 0xfe, 0x3f, 0xfe, 0xff, 0xff, 0xff, 0xff, 0xf8, 0xff, 0x70, 0x0e,
    0x0f, 0x1f, 0xf3, 0xfe, 0x7f, 0xff, 0xfe, 0xff, 0xdf, 0xfb, 0xff, 0x7f, 0xe7, 0xfc, 0xff, 0x9f,
    0xf3, 0xfc, 0x1f, 0x81, 0xc0, 0x03, 0xc0, 0x3b, 0xdc, 0x3f, 0xfe, 0x3f, 0xfe, 0x7f, 0xfe, 0x7f,
    0xfe, 0x7f, 0xfe, 0x7f, 0xff, 0xff, 0xff, 0xff, 0xff, 0xff, 0xff, 0xff, 0xff, 0x7f, 0xfe, 0x0f,
    0xf0, 0x0f, 0xf0, 0x0f, 0xc0, 0x3f, 0xf8, 0x3f, 0xfe, 0x78, 0x7f, 0x7f, 0xff, 0x7f, 0xff, 0x7f,
    0xff, 0x7f, 0xf8, 0x7f, 0xf8, 0x7f, 0xf0, 0x7f, 0xf0, 0x7f, 0xf8, 0xff, 0xf8, 0xf7, 0x78, 0xf0,
    0x78, 0x03, 0xc0, 0x3b, 0xf8, 0x3f, 0xfc, 0x3f, 0xfc, 0x3f, 0xfc, 0x3f, 0xfc, 0xff, 0xff, 0xff,
    0xff, 0xff, 0xff, 0xff, 0xff, 0x3f, 0xfc, 0x3f, 0xfc, 0x3f, 0xfc, 0x3b, 0xf8, 0x03, 0xc0, 0xff,
    0xff, 0xff, 0xff, 0xff, 0xff, 0xff, 0xff, 0xff, 0xff, 0xff, 0xff, 0xff, 0xff, 0xff, 0xff, 0xff,
    0xff, 0xff, 0xff, 0xff, 0xff, 0xff, 0xff, 0xff, 0xff, 0xff, 0xff, 0x80, 0x03, 0x80, 0x0f, 0x80,
    0x3f, 0x80, 0x7f, 0x00, 0xee, 0x0f, 0xdf, 0xbf, 0xff, 0xff, 0xff, 0xff, 0xff, 0xff, 0xfd, 0xff,
    0xf1, 0xff, 0x83, 0xff, 0x03, 0xfe, 0x00, 0xe0, 0x00, 0x03, 0xc0, 0x07, 0xe0, 0x07, 0xe0, 0x0f,
    0xf0, 0x0f, 0xf0, 0x1f, 0xf8, 0x1f, 0xf8, 0x3f, 0xfc, 0x3d, 0xfc, 0x79, 0xde, 0x7b, 0xde, 0xf3,
    0xcf, 0xff, 0xff, 0xff, 0xff, 0xff, 0xfe, 0x00, 0xf0, 0x1f, 0x03, 0xf0, 0xfe, 0x1f, 0xc3, 0xff,
    0x7f, 0xff, 0xff, 0xff, 0xff, 0xfe, 0x1f, 0xc3, 0xf8, 0x7e, 0x07, 0xc0, 0x78, 0x00, 0xf8, 0x3f,
    0xf8, 0x7f, 0xf1, 0xff, 0xff, 0xff, 0xff, 0xef, 0xfe, 0x07, 0xf8, 0x0f, 0xf0, 0x1f, 0xe0, 0x3f,
    0xc0, 0x3f, 0x00, 0x7e, 0x00, 0xfc, 0x01, 0xf8, 0x01, 0xe0, 0x00, 0x0f, 0xf0, 0x1f, 0xf8, 0x3f,
    0xfc, 0x7e, 0x3e, 0x7e, 0x1e, 0xfc, 0x0f, 0xf8, 0x07, 0xf8, 0x07, 0xe0, 0x07, 0xf0, 0x0f, 0x78,
    0x1e, 0x7c, 0x3e, 0x3f, 0xfc, 0x1f, 0xf8, 0x0f, 0xf0, 0x1f, 0xe0, 0x7f, 0xf1, 0xff, 0xf7, 0xff,
    0xef, 0xff, 0xff, 0xff, 0xff, 0xff, 0xff, 0xff, 0xff, 0xff, 0xff, 0xff, 0xff, 0xff, 0xff, 0xe7,
    0xff, 0xc7, 0xff, 0x07, 0xfc, 0x00, 0x3e, 0x00, 0xff, 0x03, 0xfe, 0x07, 0x9f, 0x0e, 0x0f, 0x1e,
    0x1f, 0x3e, 0x1f, 0x7f, 0x1f, 0xff, 0x9e, 0xff, 0xfd, 0xff, 0xf9, 0xff, 0xf0, 0xff, 0xe0, 0x7f,
    0xc0, 0x3e, 0x00, 0x3f, 0x0f, 0xc7, 0xf9, 0xff, 0xff, 0xff, 0xff, 0xff, 0xff, 0xff, 0xf8, 0x7f,
    0x3d, 0xfe, 0x7f, 0x9f, 0xe3, 0xf0, 0x0f, 0xf0, 0x3f, 0xf8, 0x7f, 0xfc, 0x7f, 0xfe, 0xff, 0xfe,
    0xff, 0xfe, 0xf7, 0xff, 0xff, 0xff, 0xff, 0xef, 0xfe, 0xfe, 0x7f, 0xfe, 0x7f, 0xfe, 0x3f, 0xfc,
    0x1f, 0xf8, 0x0f, 0xe0, 0x0f, 0xf0, 0x1f, 0xf8, 0x3f, 0xfc, 0x7f, 0xfe, 0x7f, 0xfe, 0xfe, 0xff,
    0xff, 0xff, 0xff, 0xdf, 0xe7, 0xc7, 0xf3, 0xcf, 0xfb, 0xdf, 0x7d, 0xfe, 0x7f, 0xfe, 0x3f, 0xfc,
    0x0f, 0xf0, 0x0f, 0x80, 0xf8, 0x1f, 0x83, 0xfc, 0x3f, 0xe3, 0xfe, 0x3f, 0xef, 0xff, 0xff, 0xff,
    0x9f, 0x70, 0xf7, 0x8f, 0x7f, 0xf3, 0xfe, 0x1f, 0xc0, 0x3f, 0x80, 0x1f, 0xc0, 0x0f, 0xfc, 0x07,
    0xff, 0x0f, 0xff, 0xc7, 0xff, 0xf3, 0xff, 0x78, 0xff, 0x9c, 0x7f, 0xcf, 0xbe, 0xe7, 0xde, 0x00,
    0xef, 0xff, 0xf7, 0xff, 0xf9, 0xff, 0xf8, 0x01, 0xf0, 0x07, 0xf8, 0x0f, 0xfc, 0x0f, 0xbc, 0x3f,
    0x9e, 0xfb, 0x9f, 0xf8, 0x1f, 0xff, 0xff, 0xff, 0xff, 0x7f, 0xfe, 0x3f, 0xfc, 0x3f, 0xfc, 0x3f,
    0xdc, 0x1f, 0xc0, 0x1c, 0x00, 0x0f, 0xf0, 0x1f, 0xf8, 0x3f, 0xfc, 0x7f, 0xfe, 0x7f, 0xfe, 0xff,
    0xff, 0xff, 0xff, 0xff, 0xff, 0xff, 0xff, 0xff, 0xff, 0x7f, 0xfe, 0x7f, 0xfe, 0x3f, 0xfc, 0x1f,
    0xf8, 0x0f, 0xf0, 0x03, 0xf0, 0x3f, 0xe0, 0xff, 0xc1, 0xfe, 0x07, 0xf8, 0x0f, 0xf8, 0x3f, 0xf0,
    0x7f, 0xe0, 0xf7, 0xc1, 0xc7, 0xc3, 0x87, 0xc0, 0x07, 0xf0, 0x07, 0xe0, 0x07, 0xc0, 0x0f, 0x00,
    0x0f, 0xf0, 0x1f, 0xf8, 0x3f, 0xfc, 0x7f, 0xfe, 0x7f, 0xfe, 0x77, 0xee, 0xff, 0xef, 0xff, 0xdf,
    0xff, 0xff, 0x7f, 0xfe, 0x3f, 0xfc, 0x3c, 0x7c, 0x3f, 0xf8, 0x1f, 0xf8, 0x0f, 0xe0, 0xee, 0xe7,
    0xff, 0xbf, 0xff, 0xff, 0xff, 0xff, 0xff, 0xff, 0xff, 0xff, 0xfe, 0xff, 0xff, 0xff, 0xff, 0xff,
    0xff, 0xff, 0xff, 0xff, 0xfb, 0xbf, 0x80, 0x0f, 0xe0, 0x7f, 0xf1, 0xff, 0xf3, 0xff, 0xef, 0xff,
    0xff, 0xff, 0xff, 0xff, 0xff, 0xff, 0xff, 0xff, 0xff, 0xff, 0xff, 0xfb, 0xff, 0xe7, 0xff, 0xc7,
    0xff, 0x03, 0xf8, 0x00, 0xf8, 0x0f, 0xff, 0xff, 0xff, 0xff, 0xff, 0xff, 0xf7, 0xff, 0xf3, 0xff,
    0xf1, 0xff, 0xf8, 0xff, 0xfc, 0x7f, 0xfe, 0x00, 0x1e, 0x00, 0x0f, 0x07, 0xc7, 0x83, 0xe3, 0xc1,
    0xf1, 0xe0, 0xf8, 0xf0, 0x07, 0x00, 0x70, 0x0f, 0x00, 0xf0, 0x1f, 0x81, 0xf8, 0x1f, 0xc3, 0xfc,
    0x7f, 0xcf, 0xff, 0xff, 0xff, 0xff, 0xff, 0xff, 0xff, 0xff, 0xf0, 0x01, 0xc0, 0x00, 0xf0, 0x00,
    0xfc, 0x00, 0xfe, 0x00, 0x7f, 0x80, 0x7f, 0xe0, 0x3f, 0xf0, 0x3f, 0xfc, 0x3f, 0xff, 0x3f, 0xff,
    0xff, 0xff, 0xff, 0xff, 0xff, 0xff, 0xff, 0xff, 0xfc, 0xff, 0xf8, 0x07, 0xe0, 0x1f, 0xfc, 0x1f,
    0xff, 0x0f, 0xff, 0xcf, 0xff, 0xe7, 0xff, 0xfb, 0xff, 0xfc, 0x3f, 0xfe, 0x03, 0xff, 0x7f, 0xff,
    0xff, 0xff, 0xff, 0xff, 0x7f, 0xff, 0xff, 0xff, 0xff, 0xff, 0xfe, 0x07, 0x00, 0x7f, 0x01, 0xff,
    0x07, 0xfc, 0x3f, 0xf0, 0xff, 0xc3, 0xff, 0x07, 0xfc, 0x7f, 0xfb, 0xff, 0xff, 0xff, 0xff, 0xff,
    0xff, 0xfd, 0xff, 0xe1, 0xfe, 0x00, 0x03, 0xc0, 0x07, 0xf8, 0x0f, 0xf0, 0x1f, 0xe0, 0x3f, 0x80,
    0x7c, 0x0f, 0xf0, 0x7f, 0xfc, 0xff, 0xfd, 0xf7, 0xff, 0xfe, 0x79, 0xf0, 0xf1, 0xff, 0xe1, 0xff,
    0x81, 0xfe, 0x00, 0x07, 0xf0, 0x07, 0xfc, 0x03, 0xff, 0x83, 0xff, 0xe1, 0xfb, 0xf1, 0xfc, 0x38,
    0xfe, 0x1d, 0xff, 0xfe, 0xff, 0xff, 0xff, 0xff, 0xff, 0xff, 0xfe, 0x00, 0xff, 0xff, 0xfb, 0xff,
    0xf8, 0xff, 0xfc, 0x03, 0x80, 0x3e, 0x03, 0xf0, 0x1f, 0xc1, 0xfe, 0x1f, 0xf0, 0xff, 0xcf, 0xfe,
    0x77, 0xfb, 0xff, 0xdf, 0xff, 0xff, 0xff, 0xff, 0xff, 0xfd, 0xff, 0xe0, 0x7c, 0x00, 0xfc, 0x03,
    0xff, 0xff, 0xff, 0xff, 0xff, 0xef, 0xff, 0x8f, 0xfc, 0x3f, 0xf7, 0x7f, 0xfe, 0xff, 0xfc, 0x0f,
    0xe0, 0x3f, 0x80, 0xfc, 0x07, 0xf0, 0x0f, 0x80, 0x1c, 0x00, 0x07, 0x80, 0x7f, 0x80, 0xff, 0x03,
    0xfe, 0x07, 0x7c, 0x0e, 0x7c, 0x3c, 0xfc, 0x71, 0xfc, 0xfd, 0xfd, 0xff, 0xff, 0xff, 0xff, 0xff,
    0xff, 0xff, 0xff, 0xff, 0xff, 0xff, 0x80, 0x07, 0xc0, 0x0f, 0x80, 0x1f, 0x00, 0x3f, 0x80, 0xff,
    0xc3, 0xff, 0xdf, 0xff, 0xbf, 0xff, 0x7f, 0xf1, 0xef, 0xe3, 0xff, 0xf7, 0xff, 0xef, 0xff, 0xdf,
    0xff, 0x83, 0xe0, 0x00, 0x1f, 0xf8, 0x0f, 0xfc, 0x0f, 0xff, 0x07, 0x9f, 0x87, 0x9f, 0xe3, 0xcf,
    0xf3, 0xcf, 0xfd, 0xe7, 0xff, 0xff, 0xff, 0xff, 0xff, 0xdf, 0xff, 0xe1, 0xfc, 0x00, 0x3f, 0xce,
    0xff, 0xff, 0xff, 0xff, 0xff, 0xef, 0xff, 0xdf, 0xff, 0xbf, 0xff, 0x7f, 0xfe, 0xff, 0xf9, 0xff,
    0xf3, 0xff, 0xf7, 0xff, 0xef, 0xff, 0xdf, 0xff, 0xbf, 0xfc, 0x00, 0x7c, 0xfd, 0xfd, 0xff, 0xff,
    0xff, 0xff, 0xff, 0xff, 0xff, 0xff, 0xdf, 0xff, 0x1f, 0xfc, 0x0f, 0xe0, 0x3f, 0xc0, 0x7f, 0x80,
    0xff, 0x83, 0xff, 0x07, 0xde, 0x0f, 0x3c, 0x00, 0xff, 0xff, 0xff, 0xff, 0xff, 0xff, 0xff, 0xff,
    0xff, 0xff, 0xff, 0xff, 0xff, 0xff, 0xff, 0xff, 0xff, 0xff, 0xff, 0xff, 0xff, 0xff, 0xff, 0xff,
    0xff, 0xff, 0xff, 0xff, 0x80, 0x79, 0xff, 0xff, 0xff, 0xff, 0xff, 0xff, 0xf7, 0xff, 0xe3, 0xff,
    0xc3, 0xff, 0x87, 0xff, 0xff, 0xfd, 0xff, 0xfb, 0xff, 0xf9, 0xf3, 0xf3, 0xe3, 0xe1, 0xc7, 0xc3,
    0x87, 0x00, 0xff, 0xff, 0xff, 0xff, 0xff, 0xff, 0xff, 0xc7, 0xff, 0xf7, 0xff, 0xff, 0xff, 0xff,
    0xff, 0xff, 0xff, 0xfd, 0xdf, 0xfc, 0x07, 0xff, 0xff, 0xff, 0xff, 0xff, 0xff, 0xf8, 0x0f, 0xf8,
    0xff, 0xfb, 0xff, 0xf7, 0xff, 0xef, 0xff, 0xdf, 0xff, 0xbf, 0xff, 0xff, 0x7f, 0xfe, 0xff, 0xc1,
    0xff, 0xc1, 0xf3, 0xc3, 0xe7, 0xff, 0x87, 0xff, 0x07, 0xf8, 0x00, 0x0e, 0x01, 0xfc, 0x1f, 0xe1,
    0xff, 0x0f, 0xf0, 0x7f, 0xfb, 0xff, 0xff, 0xff, 0xe7, 0xff, 0x7f, 0xbb, 0xf9, 0xdf, 0xcf, 0xfc,
    0x7f, 0xe1, 0xfe, 0x00, 0x3d, 0xc7, 0xfc, 0xff, 0x9f, 0xf3, 0xff, 0xff, 0xff, 0xf7, 0xfe, 0xff,
    0xff, 0xff, 0xff, 0xff, 0xff, 0xfe, 0xff, 0x8f, 0xe0, 0x01, 0xc0, 0x07, 0x80, 0x1f, 0x00, 0x3e,
    0x01, 0xf8, 0x0f, 0xfc, 0x1f, 0xfe, 0x7f, 0xfe, 0xfe, 0x7f, 0xfe, 0x3f, 0xfe, 0x3f, 0xff, 0xff,
    0xff, 0xff, 0xff, 0xb8, 0x00, 0x00, 0x3e, 0x00, 0x7f, 0x00, 0xff, 0x80, 0xff, 0xc0, 0xff, 0xe0,
    0x7f, 0xf0, 0x7f, 0xf8, 0x3f, 0xfc, 0x1f, 0xfe, 0x0f, 0xfe, 0x07, 0xfe, 0x03, 0xff, 0x01, 0xff,
    0x00, 0xff, 0x00, 0x3f, 0x0e, 0x00, 0x3f, 0x00, 0x7f, 0x80, 0x7f, 0xc0, 0xfb, 0xe0, 0xf7, 0xf0,
    0xff, 0xfc, 0x7f, 0xfc, 0x3f, 0xfc, 0x1f, 0xfe, 0x07, 0xfe, 0x03, 0xff, 0x03, 0xff, 0x01, 0xff,
    0x00, 0x1f, 0x00, 0x3e, 0x00, 0xfc, 0x01, 0xf8, 0x07, 0xff, 0x1f, 0xff, 0x7f, 0xbf, 0xfe, 0x7f,
    0xf8, 0xff, 0xe1, 0xff, 0xc3, 0xff, 0x03, 0xfc, 0x07, 0xf0, 0x0f, 0xc0, 0x0f, 0x00, 0x00, 0x7c,
    0x7f, 0xfb, 0xff, 0xff, 0xff, 0xff, 0x7f, 0xfc, 0xff, 0xe1, 0xff, 0x0f, 0xfe, 0x7f, 0xff, 0xff,
    0xff, 0xff, 0xff, 0xbf, 0x7c, 0x7c, 0xe0, 0xe0, 0xff, 0xff, 0xff, 0xff, 0xff, 0xff, 0xff, 0xff,
    0xff, 0xff, 0xff, 0xff, 0xff, 0xff, 0xff, 0xff, 0xff, 0xff, 0xff, 0xff, 0xff, 0xff, 0xff, 0xff,
    0xff, 0xff, 0xff, 0xff, 0xff, 0xff, 0xff, 0xff, 0xff, 0xff, 0xff, 0xff, 0xff, 0xff, 0xff, 0xff,
    0xff, 0xff, 0xff, 0xff, 0xff, 0xff, 0xff, 0xff, 0xff, 0xff, 0xff, 0xff, 0xff, 0xff, 0xff, 0xff,
    0xff, 0xff, 0x80, 0x1e, 0x78, 0x0f, 0x3c, 0x0f, 0xde, 0x07, 0xef, 0x03, 0xff, 0x80, 0xff, 0xf0,
    0xff, 0xfe, 0x7f, 0xff, 0x3f, 0xff, 0xff, 0xff, 0x3f, 0xff, 0x1f, 0xef, 0x07, 0xe7, 0x81, 0xe3,
    0xc0, 0xf1, 0xe0, 0x03, 0xc0, 0x03, 0xc0, 0x3f, 0xfc, 0x3f, 0xfc, 0x3f, 0xfc, 0x7f, 0xfe, 0xff,
    0xff, 0xff, 0xff, 0xff, 0xff, 0x7f, 0xfe, 0x3f, 0xfc, 0x3f, 0xfc, 0x3f, 0xfc, 0x03, 0xc0, 0x03,
    0xc0, 0x03, 0x81, 0xff, 0xe7, 0xff, 0x9f, 0xfe, 0x3f, 0xf3, 0xff, 0xff, 0xff, 0xff, 0xff, 0x3f,
    0xf1, 0xff, 0xe7, 0xff, 0x9f, 0xfe, 0x73, 0x80, 0x07, 0x80, 0x3f, 0x03, 0xff, 0xbf, 0xff, 0xff,
    0xff, 0xff, 0xff, 0xff, 0xff, 0xff, 0xff, 0xff, 0xff, 0xff, 0xff, 0xff, 0xff, 0x3f, 0xf8, 0x3f,
    0x00, 0x78, 0x00, 0x03, 0xc0, 0x07, 0xc0, 0x3f, 0xfc, 0x3f, 0xfc, 0x3f, 0xfc, 0x7f, 0xfe, 0xff,
    0xff, 0xff, 0xff, 0xff, 0xff, 0xff, 0xff, 0x3f, 0xfc, 0x3f, 0xfc, 0x3f, 0xfc, 0x07, 0xc0, 0x03,
    0xc0, 0x70, 0x1d, 0xf0, 0x7f, 0xf1, 0xff, 0xf7, 0xff, 0xff, 0xef, 0xff, 0x8f, 0xfe, 0x0f, 0xf8,
    0x1f, 0xf0, 0x7f, 0xf1, 0xff, 0xf7, 0xff, 0xff, 0xc7, 0xff, 0x07, 0xfc, 0x07, 0x80, 0xff, 0xff,
    0xff, 0xff, 0xff, 0xff, 0xff, 0xff, 0xff, 0xff, 0xff, 0xff, 0xff, 0xff, 0x7f, 0xff, 0xff, 0xff,
    0xff, 0xff, 0xff, 0xff, 0xff, 0xff, 0xff, 0xff, 0xff, 0xff, 0x80, 0x3f, 0x1f, 0xef, 0xff, 0xff,
    0xff, 0xff, 0xf1, 0xfc, 0x7e, 0x1f, 0x07, 0x81, 0xe0, 0xf8, 0x3e, 0x0f, 0x83, 0xe0, 0x3f, 0x0f,
    0xcf, 0xff, 0xff, 0xff, 0xff, 0xf1, 0xfc, 0x7e, 0x1f, 0x07, 0x81, 0xe0, 0xf8, 0x3e, 0x0f, 0x81,
    0xe0, 0x7b, 0xde, 0x73, 0x9c, 0xe7, 0x7b, 0xdf, 0xff, 0xfd, 0xe0, 0xff, 0xff, 0xff, 0xff, 0xde,
    0xf7, 0xbd, 0xff, 0xff, 0xc0, 0x7f, 0xf7, 0xff, 0xbf, 0xff, 0xce, 0xfe, 0x03, 0xf8, 0x3f, 0xe3,
    0xcf, 0xbe, 0x3f, 0xe0, 0xfe, 0x03, 0xe0, 0x1f, 0x00, 0xf8, 0x07, 0xc0, 0x3c, 0x00, 0x3f, 0x7e,
    0x7f, 0xff, 0xff, 0xff, 0xff, 0xff, 0xff, 0xff, 0xff, 0xff, 0xff, 0xff, 0xff, 0xff, 0x7f, 0xff,
    0x7f, 0xfe, 0x3f, 0xf8, 0x1f, 0xf8, 0x0f, 0xf0, 0x07, 0xe0, 0x01, 0xc0, 0x07, 0xc0, 0x3f, 0x00,
    0xfc, 0x03, 0xf0, 0x0f, 0xc3, 0xff, 0xff, 0xff, 0xff, 0xff, 0xff, 0xff, 0xff, 0xf0, 0xfc, 0x03,
    0xf0, 0x0f, 0xc0, 0x3f, 0x00, 0xfc, 0x00, 0xff, 0xff, 0xff, 0xff, 0xff, 0xff, 0xff, 0xff, 0xfc,
    0x07, 0x80, 0x3f, 0x00, 0xfc, 0x03, 0xf0, 0x0f, 0xc3, 0xff, 0xff, 0xff, 0xff, 0xff, 0xff, 0xff,
    0xff, 0xf0, 0xfc, 0x03, 0xf0, 0x0f, 0xc0, 0x3f, 0x00, 0x7c, 0x00, 0xff, 0xff, 0xff, 0xff, 0xff,
    0xff, 0xff, 0xff, 0xff, 0xff, 0xff, 0xff, 0xff, 0xff, 0xff, 0xff, 0xff, 0xff, 0xff, 0xff, 0xff,
    0xff, 0xff, 0xff, 0xff, 0xff, 0xff, 0xff, 0x80, 0xff, 0xff, 0xff, 0xff, 0xff, 0xff, 0xff, 0x3f,
    0xf0, 0xff, 0xc3, 0xff, 0x0f, 0xfc, 0x3f, 0xf0, 0x7f, 0x80, 0xfc, 0x00, 0xff, 0xff, 0xff, 0xff,
    0xff, 0xff, 0xff, 0xff, 0xf7, 0xff, 0xf7, 0xff, 0xff, 0xff, 0xff, 0xff, 0xff, 0x7f, 0xff, 0x3f,
    0xff, 0x8f, 0x8f, 0x80, 0xff, 0xff, 0xff, 0xff, 0xff, 0xff, 0xff, 0xff, 0xff, 0xff, 0xff, 0xff,
    0xff, 0xff, 0xff, 0xff, 0xff, 0xff, 0xff, 0xff, 0xff, 0xff, 0xff, 0xff, 0xff, 0xff, 0xff, 0xff,
    0x80, 0xff, 0xff, 0xff, 0xff, 0xff, 0xff, 0xff, 0xff, 0xff, 0xff, 0xff, 0xff, 0xff, 0xff, 0xff,
    0xff, 0xff, 0xff, 0xff, 0xff, 0xff, 0xff, 0xff, 0xff, 0xff, 0xff, 0xff, 0xff, 0x80, 0xff, 0xff,
    0xff, 0xff, 0xff, 0xff, 0xff, 0xff, 0xff, 0xff, 0xff, 0xff, 0xff, 0xff, 0xff, 0xff, 0xff, 0xff,
    0xff, 0xff, 0xff, 0xff, 0xff, 0xff, 0xff, 0xff, 0xff, 0xff, 0x80, 0xff, 0xff, 0xff, 0xff, 0xff,
    0xff, 0xff, 0xff, 0xff, 0xff, 0xff, 0xff, 0xff, 0xff, 0xff, 0xff, 0xff, 0xff, 0xff, 0xff, 0xff,
    0xff, 0xff, 0xff, 0xff, 0xff, 0xff, 0xff, 0xff, 0xff, 0xff, 0xff, 0xff, 0xff, 0xff, 0xff, 0xff,
    0xff, 0xff, 0xff, 0xff, 0xff, 0xff, 0xff, 0xff, 0xff, 0xff, 0xff, 0xff, 0xff, 0xff, 0xff, 0xff,
    0xff, 0xff, 0xff, 0xff, 0xff, 0xff, 0xff, 0xff, 0xff, 0xff, 0xff, 0xff, 0xff, 0xff, 0xff, 0xff,
    0xff, 0xff, 0xff, 0xff, 0xff, 0xff, 0xff, 0xff, 0xff, 0xff, 0xff, 0xff, 0xff, 0xff, 0xff, 0xff,
    0xff, 0xff, 0xff, 0x80, 0xff, 0xff, 0xff, 0xff, 0xff, 0xff, 0xe0, 0x07, 0xe0, 0x07, 0xe0, 0x07,
    0xe0, 0x07, 0xe0, 0x07, 0xe0, 0x07, 0xe0, 0x07, 0xe0, 0x07, 0xe0, 0x07, 0xff, 0xff, 0xff, 0xff,
    0xff, 0xff, 0x03, 0xc0, 0x03, 0xc0, 0x07, 0xe0, 0x07, 0xe0, 0x7f, 0xfe, 0xff, 0xff, 0xfe, 0x7f,
    0xf8, 0x1f, 0x7c, 0x3e, 0x3c, 0x3c, 0x1f, 0xf8, 0x1f, 0xfc, 0x1f, 0xfc, 0x1f, 0xfc, 0x1c, 0x38,
    0x0f, 0xf0, 0x1f, 0xf8, 0x3f, 0xfc, 0x7f, 0xfe, 0x7f, 0xfe, 0xfe, 0x7f, 0xfc, 0x3f, 0xf8, 0x1f,
    0xfc, 0x3f, 0xfe, 0x7f, 0x7f, 0xfe, 0x7f, 0xfe, 0x3f, 0xfc, 0x1f, 0xf8, 0x0f, 0xf0, 0xf7, 0xdf,
    0xff, 0xff, 0xff, 0xff, 0xff, 0xf7, 0xff, 0xc7, 0x9f, 0x00, 0x1f, 0xe0, 0x3f, 0xf0, 0x7f, 0xf0,
    0xff, 0xf0, 0xff, 0xf0, 0xff, 0xf8, 0x7f, 0xf8, 0x0f, 0xfc, 0x07, 0xfc, 0x01, 0xfe, 0x00, 0xff,
    0x00, 0xff, 0x00, 0x7f, 0x00, 0x3e, 0x00, 0x1c, 0x0f, 0xe0, 0x7f, 0xf1, 0xff, 0xf3, 0xff, 0xef,
    0xff, 0xff, 0xff, 0xff, 0xff, 0xff, 0xff, 0xff, 0xff, 0xff, 0xff, 0xff, 0xfb, 0xff, 0xe7, 0xff,
    0xc7, 0xff, 0x03, 0xf8, 0x00, 0x0f, 0xe0, 0x7f, 0xf1, 0xff, 0xf3, 0xff, 0xef, 0xff, 0xff, 0xff,
    0xff, 0xff, 0xff, 0xff, 0xff, 0xff, 0xff, 0xff, 0xff, 0xfb, 0xff, 0xe7, 0xff, 0xc7, 0xff, 0x03,
    0xf8, 0x00, 0xff, 0xdf, 0xff, 0xff, 0xff, 0xff, 0xff, 0xfd, 0xff, 0xf9, 0xff, 0x3f, 0xff, 0xff,
    0xff, 0xf7, 0xff, 0xff, 0xff, 0xff, 0xf8, 0xff, 0xff, 0xff, 0xff, 0xfe, 0x77, 0xff, 0xff, 0xff,
    0xff, 0xff, 0xff, 0xff, 0xff, 0xff, 0xff, 0xfe, 0xff, 0xff, 0xff, 0xff, 0xff, 0xf0, 0xff, 0xff,
    0xff, 0xff, 0xff, 0xff, 0xff, 0xff, 0xff, 0xff, 0xff, 0xff, 0xff, 0xff, 0xff, 0xff, 0xff, 0xff,
    0xff, 0xff, 0xff, 0xff, 0xff, 0xff, 0xff, 0xff, 0xff, 0xff, 0x80, 0xff, 0xff, 0xff, 0xff, 0xff,
    0xff, 0xff, 0xff, 0xff, 0xff, 0xff, 0xff, 0xff, 0xff, 0xff, 0xff, 0xff, 0xff, 0xff, 0xff, 0xff,
    0xff, 0xff, 0xff, 0xff, 0xff, 0xff, 0xff, 0x80, 0xff, 0xff, 0xff, 0xff, 0xff, 0xff, 0xff, 0xff,
    0xff, 0xff, 0xff, 0xff, 0xff, 0xff, 0xff, 0xff, 0xff, 0xff, 0xff, 0xff, 0xff, 0xff, 0xff, 0xff,
    0xff, 0xff, 0xff, 0xff, 0x80, 0xff, 0xff, 0xff, 0xff, 0xff, 0xff, 0xff, 0xff, 0xff, 0xff, 0xff,
    0xff, 0xff, 0xff, 0xff, 0xff, 0xff, 0xff, 0xff, 0xff, 0xff, 0xff, 0xff, 0xff, 0xff, 0xff, 0xff,
    0xff, 0x80, 0xff, 0xff, 0xff, 0xff, 0xff, 0xff, 0xff, 0xff, 0xff, 0xff, 0xff, 0xff, 0xff, 0xff,
    0xff, 0xff, 0xff, 0xff, 0xff, 0xff, 0xff, 0xff, 0xff, 0xff, 0xff, 0xff, 0xff, 0xff, 0x80, 0xff,
    0xff, 0xff, 0xff, 0xff, 0xff, 0xff, 0xff, 0xff, 0xff, 0xff, 0xff, 0xff, 0xff, 0xff, 0xff, 0xff,
    0xff, 0xff, 0xff, 0xff, 0xff, 0xff, 0xff, 0xff, 0xff, 0xff, 0xff, 0x80, 0x7f, 0xfe, 0xff, 0xff,
    0xff, 0xff, 0xff, 0xff, 0xff, 0xff, 0xff, 0xff, 0xff, 0xff, 0xff, 0xff, 0xff, 0xff, 0xff, 0xff,
    0xff, 0xff, 0xff, 0xff, 0xff, 0xff, 0xff, 0xff, 0x7f, 0xff, 0x7f, 0xfe, 0xff, 0xff, 0xff, 0xff,
    0xff, 0xff, 0xff, 0xff, 0xff, 0xff, 0xff, 0xff, 0xff, 0xff, 0xff, 0xff, 0xff, 0xff, 0xff, 0xff,
    0xff, 0xff, 0xff, 0xff, 0xff, 0xff, 0xff, 0xfe, 0xff, 0xff, 0xff, 0xff, 0xff, 0xff, 0xff, 0xff,
    0xff, 0xff, 0xff, 0xff, 0xff, 0xff, 0xff, 0xff, 0xff, 0xff, 0xff, 0xff, 0xff, 0xff, 0xff, 0xff,
    0xff, 0xff, 0xff, 0xff, 0x80, 0xff, 0xff, 0xff, 0xff, 0xff, 0xff, 0xff, 0xff, 0xff, 0xff, 0xff,
    0xff, 0xff, 0xff, 0xff, 0xff, 0xff, 0xff, 0xff, 0xff, 0xff, 0xff, 0xff, 0xff, 0xff, 0xff, 0xff,
    0xff, 0x80, 0xff, 0xff, 0xff, 0xff, 0xff, 0xff, 0xff, 0xff, 0xff, 0xff, 0xff, 0xff, 0xff, 0xff,
    0xff, 0xff, 0xff, 0xff, 0xff, 0xff, 0xff, 0xff, 0xff, 0xff, 0xff, 0xff, 0xff, 0xff, 0xff, 0xff,
    0xff, 0xfe, 0xff, 0xff, 0xff, 0xff, 0xff, 0xff, 0xff, 0xff, 0xff, 0xff, 0xff, 0xff, 0xff, 0xff,
    0xff, 0xff, 0xff, 0xff, 0xff, 0xff, 0xff, 0xff, 0xff, 0xff, 0xff, 0xff, 0xff, 0xfe, 0x7f, 0xff,
    0xff, 0xff, 0xff, 0xff, 0xff, 0xff, 0xff, 0xff, 0xff, 0xff, 0xff, 0xff, 0xff, 0xff, 0xff, 0xff,
    0xff, 0xff, 0xff, 0xff, 0xff, 0xff, 0xff, 0xff, 0xff, 0xff, 0x7f, 0xff, 0x0f, 0xe0, 0x7f, 0xf1,
    0xff, 0xf3, 0xff, 0xef, 0xff, 0xff, 0xff, 0xff, 0xff, 0xff, 0xff, 0xff, 0xff, 0xff, 0xff, 0xff,
    0xfb, 0xff, 0xe7, 0xff, 0xc7, 0xff, 0x03, 0xf8, 0x00, 0x0f, 0xe0, 0x7f, 0xf1, 0xff, 0xf3, 0xff,
    0xef, 0xff, 0xff, 0xff, 0xff, 0xff, 0xff, 0xff, 0xff, 0xff, 0xff, 0xff, 0xff, 0xfb, 0xff, 0xe7,
    0xff, 0xc7, 0xff, 0x03, 0xf8, 0x00, 0x07, 0xf0, 0x3f, 0xf0, 0xff, 0xf3, 0xff, 0xff, 0xff, 0xff,
    0xff, 0xff, 0xff, 0x7f, 0xfe, 0xff, 0xfd, 0xff, 0xfb, 0xff, 0xf3, 0xff, 0xe7, 0xff, 0x87, 0xfe,
    0x03, 0xf8, 0x00, 0x7f, 0xff, 0xff, 0xff, 0xff, 0xff, 0xe1, 0xff, 0xe3, 0xff, 0xef, 0xff, 0xff,
    0xff, 0xff, 0xff, 0xff, 0xff, 0xff, 0xff, 0xff, 0xf7, 0xef, 0xe7, 0xff, 0xff, 0xff, 0xff, 0x7f,
    0xff, 0x7c, 0x00, 0xff, 0xe0, 0xff, 0xe0, 0xff, 0xf0, 0xff, 0xf0, 0x7f, 0xf8, 0x3f, 0xf8, 0x3f,
    0xfc, 0x1f, 0xfc, 0x0f, 0xfe, 0x03, 0xfe, 0x01, 0xff, 0x00, 0x7f, 0x00, 0x3f, 0x00, 0x0f, 0xff,
    0xff, 0x7f, 0xff, 0xff, 0xff, 0xff, 0xff, 0xff, 0xff, 0xff, 0xff, 0xff, 0xff, 0xff, 0xff, 0xff,
    0xff, 0xff, 0xff, 0xff, 0xff, 0xff, 0xff, 0xff, 0xff, 0xff, 0xff, 0xff, 0xff, 0xff, 0xfc, 0xff,
    0xff, 0xff, 0xff, 0xff, 0xff, 0xff, 0xff, 0xff, 0xff, 0xff, 0xff, 0x1f, 0xff, 0xff, 0xff, 0xff,
    0xff, 0xff, 0xff, 0xff, 0xff, 0x7f, 0xff, 0xff, 0xff, 0xff, 0xff, 0x80, 0xff, 0xff, 0xff, 0xff,
    0xff, 0xff, 0xff, 0xff, 0xff, 0xff, 0xff, 0xff, 0xff, 0xff, 0xff, 0xff, 0xff, 0xff, 0xff, 0xff,
    0xff, 0xfe, 0x7f, 0xff, 0xff, 0xff, 0xff, 0xff, 0x80, 0xff, 0x80, 0xff, 0x80, 0xff, 0xc0, 0xff,
    0xc7, 0xff, 0xff, 0xff, 0xff, 0xff, 0xff, 0xff, 0xff, 0xff, 0xff, 0xff, 0xff, 0xff, 0xff, 0xff,
    0xff, 0xff, 0xff, 0xff, 0x80, 0xff, 0xc0, 0xff, 0xc0, 0xff, 0xff, 0xff, 0xff, 0xff, 0xff, 0xff,
    0xff, 0xff, 0xff, 0xff, 0xff, 0xff, 0xff, 0xff, 0xff, 0xff, 0xff, 0xff, 0xff, 0x00, 0x1f, 0x00,
    0x7f, 0x01, 0xff, 0x03, 0xff, 0x07, 0xff, 0x0f, 0xff, 0x1f, 0xff, 0x3f, 0xff, 0x3f, 0xfc, 0x3f,
    0xf8, 0x73, 0xf0, 0xf3, 0xf8, 0xff, 0xf8, 0xff, 0xf8, 0x7f, 0xf8, 0xff, 0xff, 0xff, 0xff, 0xff,
    0xff, 0x7f, 0x0f, 0xfe, 0x1f, 0xff, 0xff, 0xff, 0xff, 0xff, 0xff, 0xff, 0xff, 0xff, 0xff, 0xff,
    0xff, 0xff, 0xff, 0xff, 0xff, 0xff, 0xff, 0x80, 0x07, 0xf0, 0x3f, 0xf8, 0xff, 0xf3, 0xff, 0xe7,
    0xff, 0xcf, 0xff, 0xbf, 0xff, 0x7f, 0xde, 0xff, 0xc1, 0xff, 0xc3, 0xff, 0xe7, 0xff, 0xf7, 0xff,
    0xef, 0xff, 0xc0, 0x7f, 0x80, 0x03, 0xc0, 0x1e, 0x03, 0xf1, 0xff, 0xff, 0xff, 0xff, 0xfd, 0xff,
    0xcf, 0xfe, 0x7f, 0xf3, 0xff, 0xbf, 0xff, 0xe3, 0xff, 0xff, 0xff, 0xfd, 0xff, 0x80, 0x7f, 0xfe,
    0xff, 0xff, 0xff, 0xff, 0xff, 0xff, 0xff, 0xff, 0xff, 0xff, 0xff, 0xff, 0xff, 0xff, 0xff, 0xff,
    0xff, 0xff, 0xff, 0xff, 0xff, 0xff, 0xff, 0xff, 0xff, 0xff, 0x7f, 0xfe, 0x0f, 0xe0, 0x7f, 0xf0,
    0xff, 0xf3, 0xf9, 0xef, 0xf9, 0xff, 0xf7, 0xfe, 0xff, 0xf8, 0x3f, 0xfe, 0x7f, 0xfc, 0xff, 0xf9,
    0xfb, 0xff, 0xe7, 0xff, 0xc7, 0xff, 0x03, 0xf8, 0x00, 0x07, 0xf0, 0x1f, 0xfc, 0x3f, 0xfe, 0x7f,
    0xfe, 0x7f, 0xff, 0xff, 0xff, 0xff, 0xff, 0xff, 0xff, 0xff, 0xff, 0xff, 0x9f, 0x7f, 0x9f, 0x7f,
    0xbe, 0x3f, 0xfe, 0x1f, 0xfc, 0x07, 0xf0, 0x0f, 0xe0, 0x7f, 0xf1, 0xff, 0xf3, 0xcf, 0xef, 0x3f,
    0xfc, 0x7f, 0xff, 0xff, 0xff, 0xff, 0xff, 0xff, 0xff, 0xff, 0xff, 0xfb, 0xff, 0xe7, 0xff, 0xc7,
    0xff, 0x03, 0xf8, 0x00, 0x0f, 0xf0, 0x1f, 0xf8, 0x1f, 0xfc, 0x7f, 0xfe, 0x7f, 0xfe, 0xff, 0xff,
    0xff, 0xff, 0xff, 0xff, 0xff, 0xff, 0xff, 0xff, 0x7f, 0xfe, 0x7f, 0xfe, 0x1f, 0xf8, 0x1f, 0xf8,
    0x0f, 0xf0, 0x0f, 0xe0, 0x7f, 0xf1, 0xff, 0xf3, 0xff, 0xef, 0xff, 0xff, 0xff, 0xff, 0xff, 0xff,
    0xff, 0xff, 0xff, 0xff, 0xff, 0xff, 0xfb, 0xff, 0xe7, 0xff, 0xc7, 0xff, 0x07, 0xf8, 0x00, 0x1f,
    0xe0, 0x7f, 0xf1, 0xff, 0xe7, 0xff, 0xef, 0xff, 0xdf, 0xff, 0xff, 0xff, 0xff, 0xff, 0xff, 0xff,
    0xff, 0xff, 0xff, 0xff, 0xff, 0xe7, 0xff, 0xc7, 0xff, 0x07, 0xf8, 0x00, 0x1f, 0xe0, 0x7f, 0xf1,
    0xff, 0xe7, 0xff, 0xef, 0xfb, 0xff, 0xf3, 0xff, 0xe3, 0xff, 0xc7, 0xff, 0x8f, 0xff, 0x3f, 0xfe,
    0x7f, 0xff, 0xe7, 0xff, 0xc7, 0xff, 0x07, 0xf8, 0x00, 0x1f, 0xe0, 0x7f, 0xf1, 0xff, 0xe7, 0xf3,
    0xef, 0xc3, 0xff, 0x03, 0xfe, 0x03, 0xfc, 0x07, 0xf8, 0x0f, 0xf0, 0x3f, 0xf0, 0x7f, 0xf3, 0xe7,
    0xff, 0xc7, 0xff, 0x07, 0xf8, 0x00, 0x0f, 0xe0, 0x7f, 0xf1, 0xff, 0xf3, 0xe3, 0xef, 0x01, 0xfe,
    0x03, 0xf8, 0x03, 0xf0, 0x07, 0xe0, 0x0f, 0xe0, 0x3f, 0xc0, 0x7b, 0xe3, 0xe7, 0xff, 0xc7, 0xff,
    0x03, 0xf8, 0x00, 0x0f, 0xf0, 0x7f, 0xf1, 0xff, 0xf3, 0xe7, 0xff, 0x07, 0xfe, 0x0f, 0xf8, 0x0f,
    0xf0, 0x1f, 0xe0, 0x3f, 0xe0, 0xff, 0xc1, 0xfb, 0xe7, 0xf7, 0xff, 0xc7, 0xff, 0x07, 0xfc, 0x00,
    0x0f, 0xf0, 0x7f, 0xf1, 0xff, 0xf3, 0xff, 0xff, 0x3f, 0xfe, 0x7f, 0xf8, 0xff, 0xf1, 0xff, 0xe3,
    0xff, 0xe7, 0xff, 0xcf, 0xfb, 0xff, 0xf7, 0xff, 0xc7, 0xff, 0x07, 0xfc, 0x00, 0x0f, 0xf0, 0x7f,
    0xf1, 0xff, 0xf3, 0xff, 0xff, 0xff, 0xff, 0xff, 0xff, 0xff, 0xff, 0xff, 0xff, 0xff, 0xff, 0xff,
    0xff, 0xfb, 0xff, 0xf7, 0xff, 0xc7, 0xff, 0x07, 0xfc, 0x00, 0x00, 0x3c, 0x00, 0x3e, 0x00, 0x3e,
    0x00, 0x3f, 0x00, 0x3f, 0x00, 0x3f, 0x00, 0x7f, 0x00, 0xff, 0xe1, 0xff, 0xff, 0xfe, 0xff, 0xfe,
    0x7f, 0xfc, 0x3f, 0xf8, 0x0f, 0xe0, 0x0f, 0xe0, 0x7f, 0xf1, 0xff, 0xf3, 0xe3, 0xef, 0x01, 0xff,
    0xff, 0xff, 0xff, 0xff, 0xff, 0xe7, 0xcf, 0xef, 0xbf, 0xdf, 0x7b, 0xe3, 0xe7, 0xff, 0xc7, 0xff,
    0x03, 0xf8, 0x00, 0x03, 0xe0, 0x07, 0xe0, 0x0f, 0xe0, 0x1f, 0xe0, 0x1f, 0xc0, 0x3b, 0xc1, 0xff,
    0x83, 0xff, 0x07, 0xff, 0xff, 0x3f, 0xfe, 0xff, 0xff, 0xe3, 0xff, 0xc7, 0xff, 0x07, 0xf8, 0x00,
    0x0f, 0x00, 0x7e, 0x01, 0xfc, 0x03, 0xf8, 0x0f, 0xe0, 0x1f, 0xe0, 0x3f, 0xe0, 0x7f, 0xe0, 0xff,
    0xc1, 0xe7, 0xff, 0xcf, 0xfb, 0xff, 0xf7, 0xff, 0xc7, 0xff, 0x03, 0xf8, 0x00, 0x0f, 0xe0, 0x7f,
    0xf1, 0xff, 0xf3, 0xe3, 0xef, 0x01, 0xff, 0xff, 0xff, 0xfb, 0xff, 0xf7, 0xe7, 0xcf, 0xef, 0xbf,
    0xdf, 0x7b, 0xe3, 0xe7, 0xff, 0xc7, 0xff, 0x03, 0xf8, 0x00, 0x0f, 0xc0, 0xff, 0xe3, 0xff, 0x9f,
    0xbe, 0xff, 0xff, 0xfe, 0xff, 0xfb, 0xfd, 0xef, 0xff, 0xff, 0xff, 0xf3, 0xff, 0x8f, 0xfe, 0x0f,
    0xc0, 0x3f, 0x00, 0x03, 0x80, 0x7f, 0x80, 0xff, 0xc1, 0xff, 0x8f, 0xff, 0xff, 0xdf, 0xfe, 0x0f,
    0xbc, 0x3e, 0xf8, 0x7f, 0xe7, 0xff, 0xff, 0xf9, 0xff, 0x83, 0xff, 0x07, 0xfe, 0x00, 0xe0, 0x00,
    0xff, 0xff, 0xff, 0xff, 0xff, 0xff, 0xff, 0xff, 0xff, 0xff, 0xff, 0xff, 0xff, 0xff, 0xff, 0xff,
    0xf9, 0xff, 0xf9, 0xff, 0xff, 0xff, 0xff, 0xff, 0xff, 0xff, 0xff, 0xff, 0xff, 0xff, 0x3e, 0x7e,
    0x7e, 0x78, 0x78, 0x78, 0x7c, 0x7c, 0x7c, 0xff, 0xff, 0xff, 0xff, 0x7f, 0x7e, 0x3b, 0x80, 0x3f,
    0x80, 0x3f, 0xfc, 0x3f, 0xfe, 0xff, 0xfe, 0xff, 0xee, 0xff, 0xef, 0x7c, 0xef, 0x7f, 0xff, 0x7f,
    0xff, 0x7f, 0xff, 0x0f, 0xe0, 0x0f, 0xe0, 0x3f, 0x00, 0x3f, 0xc0, 0x7f, 0xf0, 0x7f, 0xf8, 0x7f,
    0xfc, 0x7f, 0xbc, 0x7f, 0x9e, 0xff, 0x9f, 0xfb, 0x9f, 0xff, 0xff, 0xff, 0xff, 0x7f, 0xfe, 0x0e,
    0x01, 0xf0, 0x1f, 0xe1, 0xff, 0x8f, 0xfe, 0x7f, 0xf1, 0xfb, 0xdf, 0xcf, 0xf8, 0x7f, 0xff, 0xff,
    0xfe, 0xff, 0xe3, 0xfe, 0x1f, 0xf0, 0x3f, 0x00, 0x01, 0xf0, 0x07, 0xf8, 0x0f, 0xfc, 0x1f, 0xbc,
    0x3f, 0x9e, 0xff, 0x9f, 0xf8, 0x1f, 0xff, 0xff, 0xff, 0xff, 0x7f, 0xfe, 0x39, 0xdc, 0x39, 0xfc,
    0x3e, 0xfc, 0x0e, 0xf0, 0x0e, 0xe0, 0x01, 0xf0, 0x07, 0xfc, 0x0f, 0xfc, 0x1f, 0x9c, 0x3f, 0x9e,
    0xff, 0x8f, 0xf8, 0x0f, 0xff, 0xff, 0xff, 0xff, 0x7f, 0xfe, 0x3b, 0xde, 0x3b, 0xfe, 0x3f, 0xf8,
    0x0f, 0x78, 0x0f, 0x78, 0x01, 0xf0, 0x07, 0xf8, 0x0f, 0xfc, 0x1f, 0xbc, 0x3f, 0x9e, 0xff, 0x9f,
    0xfb, 0x9f, 0xff, 0xff, 0xff, 0xff, 0x7f, 0xfe, 0x07, 0xe0, 0x07, 0xe0, 0x07, 0xe0, 0x03, 0xc0,
    0x03, 0x80, 0x3c, 0x00, 0x7f, 0xe0, 0xff, 0xe3, 0xff, 0xe7, 0xff, 0xcf, 0xff, 0xff, 0xff, 0xff,
    0xff, 0xff, 0xde, 0xff, 0xf8, 0x3f, 0xc0, 0x1f, 0x80, 0x7f, 0x80, 0xff, 0x01, 0xfe, 0x00, 0xff,
    0xff, 0xff, 0xff, 0xff, 0xff, 0xff, 0xff, 0xff, 0xc7, 0xff, 0x87, 0xff, 0xe7, 0xff, 0xff, 0xe0,
    0xff, 0xe0, 0x7f, 0xe3, 0xff, 0xef, 0xff, 0xff, 0xff, 0xff, 0xff, 0xff, 0xff, 0xff, 0x80, 0x3f,
    0xe0, 0x0f, 0xf8, 0x03, 0xfe, 0x1c, 0xff, 0x8f, 0x3f, 0xf7, 0xff, 0xff, 0xff, 0xff, 0xff, 0xff,
    0xff, 0xfe, 0xff, 0xff, 0x3f, 0xfb, 0xff, 0xfc, 0xff, 0xde, 0x3f, 0xe0, 0x0f, 0x00, 0x00, 0x7c,
    0x00, 0x3f, 0x80, 0x1f, 0xe0, 0x1f, 0xf8, 0x0f, 0xff, 0x07, 0xff, 0xe3, 0xff, 0xf9, 0xff, 0xfe,
    0xff, 0xff, 0x3f, 0xff, 0xdf, 0x7f, 0xe7, 0xef, 0xf1, 0xff, 0xf0, 0x7f, 0xe0, 0x07, 0xe0, 0x03,
    0xf0, 0x03, 0xff, 0xc1, 0xff, 0xf8, 0xff, 0xff, 0x7f, 0xf3, 0xdf, 0xf8, 0x77, 0xfe, 0x3f, 0xff,
    0x1f, 0xff, 0xdf, 0xbf, 0xff, 0xcf, 0xff, 0xe3, 0xff, 0xe0, 0xff, 0xe0, 0x1f, 0xf0, 0x03, 0xf0,
    0x00, 0x3f, 0x00, 0xff, 0x03, 0xff, 0x07, 0xff, 0x0f, 0xff, 0x1f, 0xfe, 0x3f, 0xfe, 0x7f, 0xfe,
    0x7f, 0xfe, 0x7f, 0xfc, 0x7f, 0xf8, 0x3f, 0xf0, 0x3f, 0xe0, 0x3f, 0x80, 0x3e, 0x00, 0x03, 0xc0,
    0x07, 0xe0, 0x1f, 0xf8, 0x3f, 0xfc, 0x7f, 0xfe, 0x7f, 0xff, 0xff, 0xff, 0xff, 0xff, 0xff, 0xff,
    0xff, 0xff, 0xff, 0xff, 0xff, 0xff, 0x7f, 0xfe, 0x3f, 0xfc, 0x0f, 0xf0, 0x00, 0x3f, 0x00, 0xff,
    0x7f, 0xff, 0xff, 0xff, 0xff, 0xff, 0xff, 0xfe, 0xff, 0xfe, 0x7f, 0xfc, 0x1f, 0xf0, 0x01, 0xf0,
    0x01, 0xf0, 0x03, 0xf0, 0x03, 0xf0, 0x03, 0xf0, 0x03, 0xe0, 0x07, 0x80, 0x1f, 0x00, 0xfe, 0x0f,
    0xfc, 0x3f, 0xf0, 0xff, 0xc7, 0xff, 0xdf, 0xff, 0x7f, 0xff, 0xff, 0xff, 0xf7, 0xff, 0xff, 0x7f,
    0xfc, 0x7f, 0x80, 0x78, 0x00, 0x0f, 0xc0, 0x7f, 0xc3, 0xff, 0x1f, 0x3e, 0xf8, 0x7f, 0xc1, 0xfe,
    0xff, 0xff, 0xff, 0x7f, 0xfd, 0xff, 0xe7, 0xff, 0x07, 0xf8, 0x07, 0xc0, 0x1f, 0x00, 0x7c, 0x00,
    0x0f, 0x00, 0x7e, 0x1f, 0xfd, 0xff, 0xef, 0xff, 0x7f, 0xff, 0xff, 0xff, 0xff, 0xff, 0xff, 0xff,
    0x3f, 0xf8, 0x3f, 0xc0, 0x3e, 0x01, 0xf0, 0x0f, 0x80, 0x07, 0x80, 0x3f, 0x00, 0xff, 0x9f, 0xfe,
    0xff, 0xff, 0xff, 0xff, 0xff, 0xff, 0xff, 0xff, 0xff, 0xff, 0xe7, 0xff, 0x9f, 0xf0, 0x1f, 0xc0,
    0x3f, 0x00, 0x7c, 0x00, 0x00, 0x1e, 0x00, 0x1e, 0x00, 0x1e, 0x00, 0xfe, 0x00, 0xff, 0x00, 0xff,
    0x01, 0xff, 0x71, 0xf7, 0xf1, 0xff, 0xfb, 0xcf, 0xff, 0x9e, 0xff, 0xfe, 0x7f, 0xfc, 0x7f, 0xf8,
    0x1f, 0xe0, 0x7f, 0x8f, 0xf3, 0xff, 0x7f, 0xef, 0xfd, 0xdf, 0xbc, 0x77, 0xfe, 0xff, 0xff, 0xff,
    0xff, 0xff, 0xf7, 0xfc, 0x7f, 0x07, 0xc0, 0x07, 0xf0, 0x0f, 0xf8, 0x3f, 0xfe, 0x7e, 0x3f, 0x7e,
    0x3f, 0xf3, 0xe7, 0xf7, 0xf7, 0xf7, 0xf7, 0xff, 0xf7, 0x7f, 0xff, 0x39, 0xce, 0x3d, 0xde, 0x3f,
    0xfe, 0x1f, 0xfc, 0x0f, 0xf8, 0x3f, 0xcf, 0xff, 0xff, 0xff, 0xff, 0xff, 0xff, 0xdf, 0xc3, 0xfc,
    0x7f, 0x8f, 0xf0, 0xfe, 0x1f, 0xc3, 0xf8, 0x3e, 0x03, 0xc0, 0x3f, 0xf8, 0x3f, 0xfc, 0x3f, 0xfc,
    0x7f, 0xfc, 0x7f, 0xfe, 0x7f, 0xff, 0xff, 0xff, 0xff, 0xff, 0xef, 0xff, 0xff, 0xff, 0xff, 0xfe,
    0x7f, 0x7e, 0x7f, 0xfe, 0x7f, 0xfe, 0x7f, 0xe0, 0x0f, 0x03, 0xfc, 0x7f, 0xf7, 0xff, 0x7f, 0xff,
    0xff, 0xff, 0xff, 0xff, 0x7f, 0xf7, 0xff, 0x3f, 0xc3, 0xfe, 0x3f, 0xe3, 0xfe, 0x1f, 0x80, 0x1f,
    0xf8, 0x1f, 0xf8, 0x7f, 0xfe, 0x7f, 0xff, 0x7f, 0xff, 0xff, 0xff, 0xff, 0xff, 0xff, 0x7f, 0xff,
    0xff, 0xff, 0xff, 0xff, 0xff, 0x7f, 0xff, 0x7f, 0xfe, 0x1f, 0xf0, 0x07, 0xf0, 0x0f, 0xfe, 0x1f,
    0xfc, 0x3f, 0xf8, 0x7f, 0xf1, 0xff, 0xe7, 0xff, 0xcf, 0xff, 0xbf, 0xff, 0x7f, 0xfe, 0xff, 0xfd,
    0xff, 0xe7, 0xff, 0x0f, 0xfc, 0x1f, 0xe0, 0x1c, 0x00, 0x00, 0x00, 0xe0, 0x03, 0xc0, 0x0f, 0x87,
    0xbf, 0xef, 0xff, 0xdf, 0xff, 0x9f, 0xff, 0x1f, 0xff, 0x3f, 0xfe, 0x3f, 0xfc, 0x7f, 0xe0, 0x7f,
    0xc0, 0xff, 0x80, 0xf8, 0x00, 0xf0, 0x00, 0x03, 0x9f, 0x07, 0xff, 0x07, 0xff, 0xff, 0xff, 0xff,
    0xfe, 0xff, 0xfe, 0xff, 0xff, 0xff, 0xff, 0x7f, 0xff, 0x7f, 0xfe, 0x1f, 0xfe, 0x0f, 0xfe, 0x3f,
    0xfe, 0x3f, 0xfe, 0x3c, 0x78, 0x3f, 0xe3, 0xff, 0xbf, 0xff, 0xfe, 0xff, 0x77, 0xff, 0xff, 0xf7,
    0xff, 0xff, 0xff, 0xff, 0xff, 0xdf, 0xfc, 0x7f, 0xc0, 0x78, 0x03, 0xc0, 0x0e, 0x00, 0x07, 0x80,
    0x1f, 0x00, 0xfe, 0x03, 0xf8, 0xff, 0xff, 0xff, 0xff, 0xff, 0xff, 0xff, 0x7f, 0xfd, 0xff, 0xf7,
    0xff, 0xdf, 0xff, 0x1f, 0xf0, 0x0e, 0x00, 0x38, 0x00, 0x01, 0xde, 0x07, 0xef, 0x87, 0xff, 0xc7,
    0xff, 0xf3, 0xff, 0xf9, 0xff, 0xfd, 0xff, 0xf8, 0xff, 0xfe, 0xff, 0xff, 0x7f, 0xff, 0xbf, 0xff,
    0xdf, 0xf7, 0xf0, 0x01, 0xf8, 0x00, 0x7c, 0x3c, 0x1f, 0x0f, 0xc3, 0xfc, 0xff, 0xdf, 0xf7, 0xfc,
    0xff, 0x7f, 0xff, 0xff, 0xff, 0xff, 0xff, 0xbf, 0xe7, 0xe0, 0x1f, 0xc0, 0xff, 0xc7, 0xff, 0xbf,
    0xff, 0xff, 0xff, 0xff, 0xff, 0xef, 0xff, 0xff, 0xff, 0xfc, 0xff, 0xc1, 0xce, 0x07, 0x38, 0x1f,
    0xe0, 0x7f, 0x80, 0xfc, 0x00, 0x03, 0x80, 0x07, 0xfc, 0x0f, 0xff, 0x8f, 0xff, 0xef, 0xff, 0xf7,
    0xff, 0x3f, 0xe7, 0x8f, 0xf0, 0x07, 0xf8, 0x07, 0xfc, 0x07, 0xdf, 0x07, 0xcf, 0xff, 0xc3, 0xff,
    0xc0, 0x7f, 0x80, 0x70, 0x00, 0x7c, 0x00, 0x7f, 0x00, 0x7f, 0x00, 0x7f, 0x80, 0xff, 0xc0, 0xff,
    0xf0, 0xf9, 0xfe, 0x3c, 0x7f, 0x3e, 0x1f, 0x1f, 0x07, 0x0f, 0xcf, 0x07, 0xff, 0x03, 0xfe, 0x00,
    0xfc, 0x3c, 0x00, 0xf0, 0x03, 0xde, 0x0f, 0xfc, 0x3f, 0xf0, 0xff, 0xc7, 0xff, 0x1f, 0xfe, 0xff,
    0xff, 0xff, 0xff, 0xff, 0xdf, 0xff, 0x1f, 0xfc, 0x0f, 0xf0, 0x1f, 0x80, 0x0f, 0xe0, 0x3f, 0x81,
    0xff, 0x0f, 0xfe, 0x7f, 0xfb, 0xff, 0xff, 0xff, 0xff, 0xff, 0xfb, 0xff, 0xef, 0xff, 0xbf, 0xdf,
    0xff, 0x7f, 0xf8, 0xff, 0xc1, 0xfe, 0x00, 0x7c, 0x00, 0x7f, 0x00, 0xff, 0xe0, 0xff, 0xf8, 0xfd,
    0xfe, 0xff, 0xff, 0xfb, 0xbf, 0xff, 0xff, 0xff, 0xfe, 0x7f, 0xfe, 0x7f, 0xfe, 0x3f, 0xfe, 0x1f,
    0xfc, 0x07, 0xe0, 0x00, 0xf8, 0x03, 0xf8, 0x07, 0xf8, 0x3f, 0xfc, 0x7f, 0xfe, 0x7f, 0xfe, 0xff,
    0xcf, 0xfc, 0x1f, 0xfc, 0x1f, 0xe0, 0x3f, 0xf0, 0x3f, 0x7c, 0x3e, 0x7f, 0xfe, 0x3f, 0xfc, 0x0f,
    0xf0, 0x70, 0x00, 0x7c, 0x78, 0x7d, 0xfc, 0x7d, 0xfe, 0x7d, 0xfe, 0xf8, 0x7e, 0xf8, 0x0f, 0xfc,
    0x07, 0xfc, 0x07, 0xfe, 0x07, 0x7f, 0x87, 0x3f, 0xff, 0x07, 0xff, 0x01, 0xf8, 0x0f, 0x00, 0xfc,
    0x07, 0xf0, 0x3f, 0x81, 0xdc, 0x0f, 0xf1, 0xff, 0xef, 0xff, 0xff, 0xff, 0xff, 0xff, 0xff, 0xff,
    0xff, 0xff, 0xbf, 0xfd, 0xfc, 0x00, 0x3f, 0x1f, 0xf7, 0xfd, 0xff, 0x7f, 0xdf, 0xf7, 0xf9, 0xff,
    0xff, 0xff, 0xfe, 0xff, 0xff, 0x7f, 0xdf, 0xe3, 0xf0, 0x01, 0xf0, 0x0f, 0xc0, 0x3f, 0x0f, 0xfe,
    0x7f, 0xff, 0xff, 0xff, 0xff, 0xff, 0xff, 0xff, 0xff, 0xff, 0xff, 0xff, 0xff, 0xff, 0x7f, 0xfd,
    0xff, 0xe3, 0xff, 0x00, 0x00, 0xf0, 0x03, 0xe0, 0x0f, 0xc1, 0xff, 0xc7, 0xff, 0xdf, 0xff, 0xbd,
    0xf7, 0xf3, 0xe7, 0xe0, 0x0f, 0xc0, 0x1f, 0xc0, 0x7f, 0xc1, 0xe7, 0xff, 0xc7, 0xff, 0x07, 0xfc,
    0x00, 0x0e, 0x00, 0xe0, 0x0f, 0x81, 0xf8, 0x1f, 0xc3, 0xfc, 0x7d, 0xe7, 0x9f, 0xf0, 0xff, 0x07,
    0xf8, 0x7f, 0x8f, 0xff, 0xf7, 0xfe, 0x1f, 0xc0, 0x3f, 0xfc, 0x3f, 0xfc, 0x3f, 0xfe, 0x7f, 0xfe,
    0xf9, 0xff, 0xf1, 0xef, 0xe0, 0xe7, 0xe0, 0xe7, 0xf0, 0xe7, 0xf0, 0xef, 0x78, 0xfe, 0x7c, 0xfe,
    0x3f, 0xfc, 0x1f, 0xf8, 0x07, 0xe0, 0x1f, 0xe3, 0xff, 0x1f, 0xf8, 0xff, 0x87, 0xf8, 0x1f, 0xc0,
    0xff, 0x8f, 0xfe, 0xff, 0xff, 0xff, 0xff, 0xff, 0xff, 0xff, 0xff, 0x7f, 0xf9, 0xf8, 0x00, 0xe0,
    0x07, 0xfe, 0x3f, 0xf9, 0xff, 0xef, 0xff, 0xff, 0xff, 0xfe, 0xff, 0xe7, 0xff, 0xff, 0xcf, 0xff,
    0xfe, 0xfc, 0x77, 0xff, 0x8f, 0xfc, 0x0f, 0xc0, 0x1e, 0xf0, 0x3d, 0xf0, 0x7b, 0xf0, 0x01, 0xe0,
    0x01, 0xde, 0x07, 0xff, 0xff, 0xff, 0xff, 0xff, 0xfc, 0xff, 0xf9, 0xff, 0xf3, 0xff, 0xe7, 0xff,
    0xc3, 0xff, 0x07, 0xfc, 0x00, 0x07, 0xf0, 0x7f, 0xc3, 0xff, 0x1f, 0xfc, 0xff, 0xf3, 0xff, 0xef,
    0xff, 0xbf, 0xfe, 0x7f, 0xf8, 0x3f, 0xe0, 0x7f, 0xc1, 0xff, 0x03, 0xfc, 0x0f, 0xf0, 0x3f, 0x80,
    0x38, 0x03, 0xf0, 0x0f, 0xfc, 0x3f, 0xf8, 0xff, 0xf0, 0xff, 0xe7, 0xff, 0xdf, 0xff, 0x7f, 0xfc,
    0xff, 0xf1, 0xff, 0xc7, 0xff, 0x0f, 0xfc, 0x1f, 0xf0, 0x07, 0x80, 0x38, 0x00, 0xf8, 0x03, 0xf0,
    0x07, 0xf0, 0x0f, 0xf0, 0x0f, 0xf8, 0x0f, 0xfe, 0x07, 0xfe, 0x0f, 0xfe, 0x1f, 0xfc, 0x1f, 0xf8,
    0x3f, 0xf0, 0x7f, 0xe0, 0x7f, 0xc0, 0x7f, 0x00, 0x07, 0xe0, 0x7f, 0xe1, 0xff, 0xf3, 0xe3, 0xef,
    0x03, 0xff, 0xff, 0xff, 0xff, 0xff, 0xff, 0xff, 0xff, 0xff, 0xff, 0xff, 0xfb, 0xff, 0xe7, 0xff,
    0xc7, 0xff, 0x03, 0xf8, 0x00, 0x03, 0xc0, 0x0f, 0xf0, 0x1f, 0xf8, 0x3f, 0xfc, 0x3f, 0x3c, 0x7f,
    0x1e, 0x7f, 0xff, 0xff, 0xff, 0xff, 0xff, 0xef, 0xff, 0xef, 0xff, 0xff, 0xff, 0x7f, 0xff, 0x7f,
    0xfe, 0x1f, 0xf8, 0x0f, 0xe0, 0x1f, 0xf8, 0x3f, 0xfc, 0x7c, 0x7e, 0x78, 0x1e, 0xf8, 0x1f, 0xff,
    0xff, 0xff, 0xff, 0xef, 0xf7, 0xf0, 0x0f, 0x7c, 0x3e, 0x7f, 0xfe, 0x3f, 0xfc, 0x0f, 0xf0, 0x0f,
    0xe0, 0x07, 0xe0, 0x07, 0xf8, 0x07, 0xfe, 0x07, 0xcf, 0xc7, 0xc3, 0xf7, 0xc0, 0xff, 0xf0, 0xff,
    0xff, 0xff, 0xff, 0xff, 0xff, 0xff, 0xff, 0xff, 0xef, 0xff, 0xf7, 0xff, 0xf1, 0xff, 0xf0, 0x3f,
    0xf0, 0x00, 0x7c, 0x1f, 0x7c, 0x1f, 0xfc, 0x1f, 0xfc, 0x1f, 0xfc, 0x7f, 0xfe, 0xff, 0xff, 0xff,
    0xff, 0xff, 0xff, 0xff, 0xff, 0x7f, 0xff, 0x7f, 0xfe, 0x3f, 0xfc, 0x1f, 0xf8, 0x0f, 0xf0, 0x03,
    0xc0, 0x00, 0x3c, 0x07, 0xf8, 0x3f, 0xf0, 0x7f, 0x00, 0xfe, 0x03, 0xfe, 0x1f, 0xff, 0x7f, 0xfe,
    0xff, 0xff, 0xff, 0xff, 0xff, 0xff, 0xff, 0xff, 0xff, 0xef, 0xff, 0x87, 0xfc, 0x00, 0x0f, 0xf0,
    0x7f, 0xf9, 0xff, 0xff, 0xff, 0xff, 0xff, 0xff, 0xff, 0xfc, 0xff, 0xb8, 0xff, 0x73, 0xfc, 0xe7,
    0xf9, 0xef, 0xf3, 0xff, 0xe7, 0xff, 0x83, 0xfe, 0x01, 0xf0, 0x00, 0x1c, 0x01, 0xfe, 0xff, 0xef,
    0xfe, 0xff, 0xe3, 0xfe, 0x7f, 0xf7, 0xff, 0x7f, 0xf7, 0xfe, 0x3f, 0xe3, 0xfe, 0x3f, 0xe3, 0xfe,
    0x1f, 0xc0, 0x00, 0x1e, 0x03, 0xfc, 0x1f, 0xf8, 0x7f, 0xf1, 0xff, 0xe7, 0xff, 0xcf, 0x7f, 0x1c,
    0x7e, 0x3f, 0x7d, 0xff, 0xf3, 0xff, 0xe7, 0x9f, 0x8f, 0xfc, 0x1f, 0xf8, 0x1f, 0xe0, 0x00, 0xfc,
    0x01, 0xfc, 0x03, 0xf8, 0x07, 0xfc, 0x0f, 0xfc, 0x1f, 0xf8, 0x1f, 0xfc, 0x0f, 0xfc, 0x1f, 0xf8,
    0x1f, 0xf0, 0x0f, 0xe0, 0x1f, 0xe0, 0x1f, 0xe0, 0x03, 0xc0, 0x03, 0x80, 0xff, 0x01, 0xfe, 0x03,
    0xfc, 0x07, 0xf8, 0x0f, 0xf8, 0x1f, 0xff, 0xbf, 0xff, 0xff, 0xff, 0x1f, 0xfe, 0x1f, 0xfc, 0x3f,
    0xf0, 0x7f, 0xe0, 0xff, 0xe0, 0xfb, 0xc0, 0xe3, 0x80, 0x0f, 0xe0, 0x7f, 0xf1, 0xff, 0xf3, 0xff,
    0xf7, 0xff, 0xef, 0xff, 0xff, 0xff, 0xff, 0xff, 0xff, 0xfd, 0xff, 0xf3, 0xff, 0xe7, 0xff, 0xc3,
    0xff, 0x83, 0xfe, 0x00, 0xf8, 0x00, 0x01, 0xf8, 0x01, 0xfe, 0x1d, 0xff, 0x9f, 0xf3, 0xef, 0xf1,
    0xf7, 0xfc, 0xff, 0xff, 0xdf, 0xff, 0xe7, 0x7f, 0xf7, 0x9f, 0xfb, 0xcf, 0xff, 0xc3, 0xef, 0xe1,
    0xff, 0xe0, 0x7f, 0xe0, 0x0f, 0xc0, 0x03, 0xc0, 0x1f, 0xf8, 0x3f, 0xfc, 0x7f, 0xfe, 0x7f, 0xfe,
    0x7f, 0xfe, 0xff, 0xff, 0xff, 0xff, 0xff, 0xff, 0x7f, 0xfe, 0x7f, 0xfe, 0x7f, 0xfe, 0x3f, 0xfc,
    0x1f, 0xf8, 0x03, 0xc0, 0x1e, 0x07, 0xc3, 0xf0, 0xfc, 0x7f, 0x9f, 0xef, 0xff, 0xff, 0xff, 0xff,
    0xf7, 0xf9, 0xfe, 0x3f, 0x0f, 0xc3, 0xf0, 0x1f, 0x9d, 0xff, 0xf7, 0xff, 0xff, 0xfe, 0xff, 0xf3,
    0xff, 0xcf, 0xff, 0x3f, 0xfc, 0xff, 0xf3, 0xff, 0xcf, 0xff, 0x1f, 0xf8, 0x7f, 0xe0, 0x7f, 0x81,
    0xfc, 0x00, 0x0f, 0x81, 0xfc, 0x1f, 0xc3, 0xde, 0x3f, 0xef, 0xff, 0xf7, 0xff, 0xff, 0xff, 0xf7,
    0xff, 0x7f, 0xe3, 0xfc, 0x3f, 0xc3, 0xfc, 0x1f, 0x80, 0x1f, 0xf8, 0x3f, 0xfc, 0x7f, 0xfe, 0xff,
    0xff, 0xff, 0xff, 0xff, 0xff, 0xff, 0xff, 0xff, 0xff, 0xff, 0xff, 0x7f, 0xff, 0x7f, 0xfe, 0x3f,
    0xfc, 0x0f, 0xf0, 0x07, 0xe0, 0x1f, 0xf8, 0x3f, 0xfc, 0x7f, 0xfe, 0x7f, 0xff, 0xff, 0xff, 0xff,
    0xff, 0xff, 0xff, 0xff, 0xff, 0xff, 0xff, 0x7f, 0xff, 0x7f, 0xfe, 0x3f, 0xfc, 0x1f, 0xf8, 0x07,
    0xc0, 0x1e, 0x00, 0x7e, 0x01, 0xfe, 0x07, 0xff, 0x0f, 0xff, 0x1f, 0xfe, 0x3f, 0xfe, 0x7f, 0xfe,
    0x7f, 0xfe, 0x7f, 0xbc, 0x7e, 0xf8, 0x7f, 0xe0, 0x7f, 0x80, 0x7e, 0x00, 0x78, 0x00, 0x38, 0x00,
    0xf8, 0x03, 0xf8, 0x07, 0xfe, 0x0f, 0xfe, 0x1f, 0xfe, 0x3f, 0xfc, 0x1f, 0xf8, 0x1f, 0xfe, 0x3f,
    0xfc, 0x3f, 0xf8, 0x3f, 0xf0, 0x0f, 0xe0, 0x0f, 0x80, 0x0e, 0x00, 0x1f, 0xc0, 0x3f, 0xe0, 0x7f,
    0xf0, 0xff, 0xf8, 0xff, 0xf8, 0xff, 0xf8, 0xff, 0xf8, 0xff, 0xf8, 0xff, 0xf8, 0x7f, 0xfc, 0x3f,
    0xfe, 0x1f, 0xff, 0x00, 0x1f, 0x00, 0x0f, 0x00, 0x07, 0x07, 0xf0, 0x0f, 0xfc, 0x07, 0xff, 0x07,
    0xff, 0x87, 0xff, 0xf3, 0xff, 0xfb, 0xe7, 0x7f, 0xfc, 0x1f, 0xfe, 0x1f, 0xff, 0xff, 0xff, 0xff,
    0xff, 0xff, 0xe7, 0xff, 0xf1, 0xff, 0xf0, 0x3f, 0xe0, 0x00, 0xf0, 0x07, 0xc7, 0xfe, 0xff, 0xf7,
    0xff, 0x7f, 0xfb, 0xff, 0xff, 0xff, 0xff, 0xff, 0xff, 0xff, 0xfc, 0xff, 0xe7, 0xfe, 0x1f, 0xf0,
    0x7f, 0x00, 0x07, 0xc0, 0x3f, 0xc0, 0xff, 0x87, 0xff, 0x3f, 0xfd, 0xff, 0xff, 0xff, 0xff, 0xff,
    0xff, 0xff, 0xff, 0xff, 0xff, 0xff, 0xff, 0xff, 0xff, 0xff, 0xcf, 0xf0, 0x00, 0xff, 0xff, 0xff,
    0xff, 0xff, 0xff, 0xff, 0xff, 0xff, 0xff, 0xff, 0xfe, 0xff, 0xfe, 0xff, 0xfe, 0xff, 0xfe, 0xff,
    0xff, 0xff, 0xff, 0xff, 0xff, 0xff, 0xff, 0xff, 0xff, 0x7f, 0xff, 0x00, 0x70, 0x00, 0x3e, 0x00,
    0x1f, 0x80, 0x1f, 0xe0, 0x1f, 0xfe, 0x1f, 0xff, 0xff, 0xff, 0xff, 0xff, 0xff, 0xff, 0xff, 0xdf,
    0xff, 0xe3, 0xff, 0xf0, 0xf0, 0x3c, 0x1f, 0xff, 0x07, 0xff, 0x80, 0x7f, 0xc0, 0x1f, 0x83, 0xff,
    0x1f, 0xf9, 0xff, 0xef, 0xff, 0x7f, 0xfb, 0xff, 0xdf, 0xfe, 0xff, 0xf3, 0xff, 0x0f, 0xfc, 0x3f,
    0xe0, 0x0f, 0x80, 0x3c, 0x01, 0xe0, 0x07, 0x07, 0xff, 0xff, 0xff, 0xff, 0xff, 0xff, 0x77, 0x77,
    0x77, 0x77, 0x77, 0x77, 0x77, 0x07, 0x03, 0xe3, 0xf8, 0xfe, 0x7f, 0xbf, 0xff, 0xff, 0xff, 0xff,
    0xff, 0xff, 0x9f, 0xef, 0xff, 0xdf, 0xe3, 0xf0, 0x07, 0xe0, 0x7e, 0x07, 0xe0, 0x7e, 0x07, 0xe0,
    0x7e, 0x07, 0xe0, 0xff, 0x0e, 0xff, 0xe7, 0xfe, 0x7f, 0xe7, 0xff, 0xf7, 0xff, 0x7f, 0xe0, 0x7e,
    0x7f, 0xff, 0xff, 0xef, 0xfe, 0xff, 0xff, 0xff, 0x7f, 0x3e, 0x7f, 0x7f, 0x7f, 0x7e, 0x3f, 0xf7,
    0xff, 0xff, 0xff, 0xff, 0xff, 0xff, 0xbf, 0xe0, 0xff, 0x03, 0xf0, 0x0f, 0x00, 0x38, 0x03, 0xc0,
    0x3f, 0x81, 0xfc, 0x0f, 0xe0, 0x7f, 0x00, 0xf8, 0x7f, 0xff, 0xff, 0xff, 0xf7, 0xf9, 0xfe, 0xff,
    0x7f, 0xbf, 0xdf, 0xef, 0xe3, 0xf1, 0xf8, 0xfc, 0x3f, 0x07, 0xf8, 0xff, 0xcf, 0x3c, 0xff, 0xcf,
    0xff, 0xff, 0xff, 0xff, 0xff, 0xff, 0xff, 0xff, 0xcf, 0xfc, 0xff, 0xcf, 0xfc, 0x7f, 0x80, 0x03,
    0xf8, 0x00, 0xff, 0x81, 0xff, 0xe0, 0x7f, 0xfe, 0x7f, 0xff, 0x9f, 0xff, 0xff, 0xff, 0xff, 0xff,
    0xff, 0xff, 0xff, 0xbf, 0xff, 0xe7, 0xff, 0xf8, 0xff, 0xfc, 0x3f, 0xfe, 0x07, 0xf0, 0x00, 0x00,
    0x0f, 0x00, 0xff, 0x01, 0xff, 0x07, 0xfe, 0x0f, 0xfe, 0x1f, 0xfe, 0x3f, 0xfc, 0x7f, 0x7c, 0xf8,
    0x78, 0xf0, 0xf8, 0xf1, 0xf0, 0xfb, 0xe0, 0x7f, 0xc0, 0x3f, 0x80, 0x1f, 0x00, 0x00, 0x03, 0x80,
    0x01, 0xfe, 0x7d, 0xff, 0xff, 0xff, 0xff, 0xff, 0xff, 0xff, 0xff, 0xff, 0xff, 0x1f, 0x7f, 0x0f,
    0xbf, 0x8f, 0xdf, 0xff, 0xef, 0xff, 0xf7, 0xff, 0xbb, 0xc0, 0x1d, 0xe0, 0x0e, 0x70, 0x01, 0xe0,
    0x03, 0xf0, 0x07, 0xe0, 0x07, 0xe0, 0x0f, 0xf0, 0x0f, 0xf8, 0x07, 0xf8, 0x03, 0xf8, 0x07, 0xf8,
    0x0f, 0xf8, 0x1f, 0xf0, 0x1f, 0xe0, 0x1f, 0x80, 0x1f, 0x00, 0x0f, 0xc1, 0xff, 0x1f, 0xfd, 0xff,
    0xff, 0xff, 0xff, 0xff, 0xff, 0xff, 0xff, 0xff, 0xfb, 0xff, 0x9f, 0xfc, 0xff, 0xe7, 0xff, 0x1f,
    0xf0, 0x3e, 0x00, 0x7c, 0x3f, 0x7f, 0xff, 0xbf, 0xff, 0xdc, 0xfe, 0x7f, 0xff, 0xff, 0xff, 0xff,
    0xff, 0xfd, 0xff, 0xfe, 0x7f, 0xff, 0x3f, 0xff, 0x1f, 0xff, 0x8f, 0xef, 0xc7, 0xe7, 0xc0, 0x71,
    0xc0, 0x38, 0xe0, 0x3e, 0xf9, 0xff, 0xe7, 0xff, 0xbf, 0xff, 0xff, 0xff, 0xff, 0xff, 0xff, 0xff,
    0xff, 0xff, 0xff, 0xff, 0xff, 0xff, 0xff, 0xff, 0x7f, 0xfc, 0xff, 0xc0, 0x7c, 0x00, 0x1f, 0xc0,
    0xfe, 0x07, 0xf0, 0x7f, 0x87, 0xff, 0x7f, 0xff, 0xff, 0xff, 0xff, 0xff, 0xff, 0xff, 0xff, 0xff,
    0xff, 0xf7, 0xff, 0x1f, 0xf0, 0x07, 0x80, 0x07, 0xc0, 0x0f, 0xf0, 0x3f, 0xfc, 0x7f, 0xfe, 0x7f,
    0xfe, 0xff, 0xff, 0xfe, 0x7f, 0xfe, 0x7f, 0xff, 0xff, 0xff, 0xff, 0xff, 0xfe, 0x7f, 0xfe, 0x3f,
    0xfc, 0x1f, 0xf8, 0x03, 0xc0, 0x0f, 0x00, 0x7c, 0x03, 0xf8, 0x1f, 0xf0, 0x7f, 0xc1, 0xff, 0xdf,
    0xff, 0x7f, 0xff, 0xff, 0xff, 0xff, 0xff, 0xff, 0x7f, 0xfc, 0x7f, 0xc0, 0x38, 0x00, 0x1f, 0x81,
    0xff, 0x1f, 0xf9, 0xff, 0xef, 0xff, 0x7f, 0xfb, 0xff, 0xff, 0xff, 0xff, 0xff, 0xff, 0xff, 0xfd,
    0xe1, 0xcf, 0xfe, 0x3f, 0xf0, 0xff, 0x00, 0x7f, 0xff, 0xff, 0xff, 0xff, 0xff, 0xff, 0xff, 0xff,
    0xff, 0xff, 0xff, 0xff, 0xff, 0xff, 0xff, 0xff, 0xff, 0xff, 0xff, 0xff, 0xff, 0xff, 0xff, 0xff,
    0xff, 0xff, 0xff, 0x7f, 0xff, 0xff, 0xfe, 0xff, 0xff, 0xff, 0xff, 0xff, 0xff, 0xff, 0xff, 0xff,
    0xff, 0xff, 0xff, 0xfe, 0x7f, 0xff, 0xff, 0xff, 0xff, 0xff, 0xff, 0xff, 0xff, 0xff, 0xff, 0xff,
    0xff, 0xff, 0xff, 0x3f, 0x0f, 0xf3, 0xff, 0x7b, 0xee, 0x7f, 0xc7, 0xf8, 0x3f, 0x8e, 0x79, 0xcf,
    0xf8, 0xff, 0x0f, 0xc0, 0x7e, 0x0f, 0xc1, 0xf8, 0x07, 0x70, 0xff, 0xfb, 0xff, 0xff, 0xff, 0xff,
    0xff, 0xe7, 0xff, 0xcf, 0xff, 0x9f, 0xff, 0x7f, 0xfe, 0xff, 0xfb, 0xff, 0xff, 0xff, 0xff, 0xff,
    0xff, 0xce, 0x3e, 0x00, 0x00, 0x3e, 0xf8, 0xff, 0xfb, 0xff, 0xff, 0xff, 0xff, 0xff, 0xef, 0xff,
    0xdf, 0xff, 0x3f, 0xfe, 0x7f, 0xfc, 0xfe, 0xfb, 0xff, 0xf7, 0xff, 0xef, 0xff, 0x8f, 0xff, 0x00,
    0x70, 0x00, 0x0f, 0x00, 0x1e, 0x78, 0x3f, 0xf0, 0x7f, 0xe0, 0xff, 0x81, 0xff, 0x3f, 0xff, 0xff,
    0xff, 0xff, 0xfe, 0xff, 0xf3, 0xff, 0xe7, 0xff, 0xce, 0xff, 0x01, 0xe0, 0x03, 0xc0, 0x00, 0x1f,
    0x78, 0x3f, 0xff, 0x3f, 0xff, 0xff, 0xff, 0xff, 0xff, 0xff, 0xff, 0xf9, 0xff, 0xfc, 0xff, 0xfe,
    0x7b, 0xfe, 0x01, 0xf0, 0x01, 0xf8, 0x00, 0xfe, 0x00, 0x7f, 0x00, 0x3b, 0x80, 0x01, 0xc0, 0x1e,
    0x03, 0xe0, 0x7e, 0x0f, 0xc3, 0xf8, 0x7f, 0x1f, 0xe7, 0xff, 0xff, 0xff, 0xfd, 0xff, 0x3f, 0xe7,
    0xfc, 0xff, 0x9f, 0xf0, 0x1e, 0x7c, 0x1f, 0xfe, 0x0f, 0xff, 0x87, 0xff, 0xe3, 0xff, 0xf1, 0xff,
    0x78, 0xff, 0xfc, 0x7f, 0xfc, 0x7f, 0xff, 0x7f, 0xff, 0xbf, 0xff, 0xff, 0xff, 0xff, 0xff, 0xff,
    0xff, 0xfd, 0xff, 0xfc, 0xf3, 0xff, 0x7b, 0xff, 0xbf, 0xff, 0xdf, 0xf8, 0xe7, 0xff, 0xf3, 0xff,
    0xf9, 0xff, 0xfc, 0xff, 0xfe, 0x7f, 0xff, 0xbf, 0xf3, 0xdf, 0xff, 0xef, 0xff, 0xc7, 0xff, 0xe1,
    0xfc, 0x00, 0xe0, 0x00, 0x07, 0xe0, 0xff, 0x1f, 0xf1, 0xff, 0x1f, 0xe1, 0xff, 0x1f, 0xf0, 0xff,
    0x07, 0xe1, 0xfe, 0x7f, 0xef, 0xfc, 0xff, 0x8f, 0xe0, 0x7f, 0xfe, 0xff, 0xff, 0xff, 0xff, 0xff,
    0xff, 0xff, 0x9f, 0xff, 0xff, 0xff, 0xff, 0xff, 0xff, 0xff, 0xff, 0xff, 0xff, 0xff, 0xff, 0xff,
    0xff, 0xff, 0xff, 0xff, 0xff, 0x7f, 0xfe, 0x1f, 0xf8, 0x3f, 0xfc, 0x3f, 0xfe, 0x7f, 0xfe, 0x7f,
    0xfe, 0x7f, 0xff, 0xfe, 0xff, 0xff, 0xff, 0xff, 0xff, 0xff, 0xff, 0xff, 0xff, 0xff, 0xff, 0xff,
    0xff, 0x7f, 0xf8, 0x3f, 0xe0, 0x03, 0xc0, 0x07, 0xf8, 0x0f, 0xff, 0x0f, 0xff, 0xef, 0xfd, 0xff,
    0xfe, 0x7f, 0xfc, 0x7e, 0xfe, 0xfe, 0x3f, 0xfc, 0x1f, 0xfe, 0x0f, 0xff, 0x07, 0xff, 0x03, 0xff,
    0x01, 0xe0, 0x00, 0xf0, 0x00, 0xff, 0xff, 0xff, 0xff, 0xff, 0xff, 0xff, 0xf7, 0xf8, 0xfc, 0xff,
    0xff, 0xff, 0xfd, 0xfe, 0x7f, 0x9f, 0xe7, 0xf8, 0x1f, 0x83, 0xfc, 0x7f, 0xe7, 0xfe, 0x7f, 0xe7,
    0xfe, 0x7f, 0xe7, 0xfe, 0x3f, 0xc7, 0xfe, 0xff, 0xff, 0xff, 0xff, 0xff, 0xff, 0x79, 0xe0, 0x7f,
    0x1f, 0xf3, 0xff, 0x7f, 0xef, 0xfd, 0xff, 0xff, 0xfb, 0xff, 0x7f, 0xef, 0xfd, 0xff, 0x9f, 0xe3,
    0xfc, 0x3f, 0x83, 0xe0, 0x7f, 0xdf, 0xff, 0xff, 0xff, 0xff, 0xff, 0xff, 0xff, 0xff, 0xff, 0xff,
    0xff, 0xff, 0xff, 0xff, 0xff, 0xff, 0xff, 0xdf, 0xf0, 0xf0, 0x0f, 0xfe, 0x7f, 0xff, 0xff, 0xff,
    0xff, 0xff, 0xff, 0xff, 0xff, 0xff, 0xff, 0xff, 0xff, 0xfe, 0xff, 0xff, 0xff, 0xff, 0xff, 0xff,
    0xff, 0xff, 0xff, 0xff, 0xff, 0xff, 0xff, 0xff, 0xfb, 0xff, 0xff, 0xff, 0xff, 0xff, 0xe0, 0x3b,
    0x80, 0xee, 0x03, 0xbf, 0xff, 0xff, 0xff, 0xff, 0xff, 0xff, 0xc0, 0x7f, 0xff, 0x7f, 0xff, 0xff,
    0xff, 0xff, 0xff, 0xff, 0xff, 0xff, 0xff, 0xff, 0xff, 0xff, 0xff, 0xff, 0xff, 0xff, 0xff, 0xff,
    0xdf, 0xff, 0xc0, 0x73, 0xc0, 0xff, 0x81, 0xff, 0x03, 0xfe, 0x0f, 0xff, 0x1f, 0xff, 0xbf, 0xff,
    0x3f, 0xff, 0x7f, 0xfe, 0xff, 0xfd, 0xff, 0xfb, 0xff, 0xf7, 0x3f, 0xee, 0x7b, 0xc0, 0xf0, 0x00,
    0x07, 0xc0, 0xff, 0xe7, 0xff, 0x9f, 0xfe, 0x7f, 0xff, 0xff, 0xff, 0xff, 0xff, 0xff, 0xff, 0xfd,
    0xff, 0xf3, 0xff, 0x8f, 0xfe, 0x3f, 0xf8, 0xff, 0xe3, 0xff, 0x80, 0x00, 0x0e, 0x00, 0xfc, 0x0f,
    0xf8, 0x7f, 0xf0, 0xff, 0xe3, 0xff, 0xc7, 0xff, 0x8f, 0xfe, 0x3f, 0xfc, 0x7f, 0xf9, 0xff, 0xf7,
    0xf7, 0xef, 0xff, 0xdf, 0xff, 0xbf, 0xff, 0x00, 0x01, 0xfc, 0x07, 0xf8, 0x1f, 0xf8, 0x3f, 0xf0,
    0x71, 0xe7, 0xe3, 0xdf, 0xcf, 0xbf, 0x9e, 0x7f, 0xfc, 0xff, 0xfb, 0xff, 0xf7, 0xf7, 0xcf, 0xcf,
    0x8f, 0x1f, 0x00, 0x3c, 0x00, 0x00, 0x7c, 0x01, 0xfe, 0x01, 0xff, 0x03, 0xff, 0x07, 0xff, 0x07,
    0xff, 0x0f, 0xfe, 0x1f, 0xfc, 0x3f, 0xf0, 0x7f, 0xe0, 0xff, 0xc0, 0xff, 0x00, 0xfe, 0x00, 0xfc,
    0x00, 0x78, 0x00, 0x1f, 0x80, 0x3f, 0xc0, 0x3f, 0xfe, 0x3f, 0xff, 0x3f, 0xff, 0x3f, 0xff, 0x7f,
    0xff, 0xff, 0xff, 0xff, 0xff, 0xff, 0xff, 0xff, 0xff, 0xff, 0xff, 0xff, 0xfe, 0xff, 0xfe, 0xff,
    0xfc, 0xff, 0xff, 0xff, 0xff, 0xff, 0xff, 0xff, 0xff, 0xdf, 0xff, 0xff, 0xff, 0xff, 0xff, 0xff,
    0xfe, 0x1f, 0xe0, 0x3f, 0xf8, 0x7f, 0xff, 0xff, 0xff, 0xff, 0xff, 0xff, 0xff, 0x80, 0x0f, 0xe0,
    0x7f, 0xf1, 0xff, 0xf3, 0xff, 0xef, 0xff, 0xff, 0x9f, 0xfe, 0x1f, 0xff, 0x7f, 0xff, 0xfc, 0xff,
    0xf9, 0xff, 0xf3, 0xff, 0xe7, 0xff, 0xcf, 0xff, 0x8f, 0xfe, 0x00, 0x1f, 0xc0, 0x3f, 0xf8, 0x1f,
    0xff, 0x1f, 0xff, 0xcf, 0xff, 0xe7, 0xff, 0xfb, 0xf3, 0xff, 0xf9, 0xff, 0xfc, 0xfb, 0xbf, 0xff,
    0xdf, 0xff, 0xe7, 0xff, 0xe1, 0xff, 0x80, 0x7f, 0xc0, 0x0f, 0xe0, 0x1f, 0xfc, 0x0f, 0xff, 0x83,
    0xff, 0xe0, 0xff, 0xf8, 0x3f, 0xfe, 0x07, 0xc3, 0x81, 0xf0, 0xe0, 0x7c, 0x38, 0xff, 0xff, 0xff,
    0xff, 0xff, 0xff, 0xff, 0xff, 0xff, 0x7f, 0xff, 0x8f, 0xff, 0xc0, 0xff, 0xc0, 0x03, 0xc0, 0x07,
    0x80, 0x0f, 0x00, 0x3e, 0x01, 0xff, 0x07, 0xff, 0x1f, 0xff, 0x3f, 0xfe, 0x7f, 0xfc, 0xff, 0xf9,
    0xff, 0xf7, 0xff, 0xff, 0xff, 0xff, 0xff, 0xdf, 0xbf, 0x00, 0xff, 0xff, 0xff, 0xff, 0xff, 0xff,
    0xff, 0xef, 0xff, 0xff, 0xff, 0xff, 0xff, 0xff, 0xff, 0xfc, 0xff, 0xff, 0xff, 0xff, 0xff, 0xff,
    0xff, 0xe0, 0x07, 0xf9, 0xff, 0xfb, 0xff, 0xf7, 0xff, 0xff, 0xff, 0xff, 0xff, 0xff, 0xff, 0xff,
    0xff, 0x7f, 0xfc, 0xff, 0xf9, 0xff, 0xf3, 0xff, 0xe7, 0xff, 0xcf, 0xff, 0x9f, 0xff, 0x00, 0x1f,
    0xc0, 0x07, 0xf8, 0x03, 0xff, 0x01, 0xff, 0xf0, 0xfb, 0xfc, 0x3f, 0xff, 0xcf, 0xff, 0x7b, 0xff,
    0xff, 0x7f, 0xff, 0xdf, 0xff, 0xf7, 0xff, 0xfd, 0xff, 0xfe, 0x07, 0xff, 0x81, 0xff, 0xc0, 0x07,
    0xe0, 0x3f, 0xfc, 0x1f, 0xff, 0x1f, 0xff, 0xcf, 0xc1, 0xe7, 0xfe, 0x77, 0xff, 0x3f, 0xbf, 0xef,
    0xff, 0xff, 0xff, 0xff, 0xff, 0x1f, 0xff, 0x07, 0xef, 0x03, 0xe0, 0x0f, 0xe0, 0x1f, 0xf8, 0x3f,
    0xfe, 0x7f, 0xff, 0x7f, 0xff, 0xff, 0xff, 0xff, 0xff, 0xff, 0xff, 0xff, 0xfe, 0xff, 0xfe, 0x7f,
    0xfe, 0x7f, 0xfe, 0x3f, 0xfc, 0x1f, 0xf8, 0x0f, 0xe0, 0x03, 0x80, 0x0f, 0xe0, 0x3f, 0xf8, 0x7f,
    0xfc, 0x7f, 0xfc, 0x7f, 0xfc, 0x7f, 0xff, 0x7f, 0xff, 0x3f, 0xff, 0x3f, 0xff, 0xff, 0xff, 0xff,
    0xfe, 0xff, 0xfe, 0xff, 0xfe, 0xff, 0xfe, 0x1f, 0xe0, 0x7f, 0xf1, 0xff, 0xf7, 0xff, 0xef, 0xff,
    0xff, 0xff, 0xff, 0xff, 0xff, 0xff, 0xff, 0xff, 0xff, 0xff, 0xff, 0xff, 0xff, 0xe7, 0xff, 0xc7,
    0xff, 0x07, 0xf8, 0x00, 0x07, 0xc0, 0x3f, 0xe1, 0xff, 0xf7, 0xff, 0xff, 0xff, 0xff, 0xff, 0xff,
    0xff, 0xff, 0xff, 0xfb, 0xff, 0xc7, 0xff, 0xff, 0xff, 0xff, 0xf7, 0xff, 0xc7, 0xfe, 0x03, 0xf8,
    0x00, 0x3f, 0xf8, 0xff, 0xe3, 0xff, 0x8f, 0xfe, 0x3f, 0xf8, 0xff, 0xe7, 0xff, 0xdf, 0xff, 0xff,
    0xff, 0xff, 0xff, 0xff, 0xff, 0xff, 0xff, 0xfd, 0xff, 0xf3, 0xfc, 0x00, 0xf0, 0x7f, 0xe7, 0xff,
    0x7f, 0xff, 0xff, 0xff, 0xff, 0xff, 0xff, 0xff, 0xff, 0xff, 0xff, 0xff, 0xff, 0xff, 0xff, 0xff,
    0xff, 0xff, 0xf0, 0x07, 0xf9, 0xff, 0xcf, 0xfe, 0x7f, 0xf3, 0xff, 0x9e, 0x1c, 0xe0, 0xe7, 0x07,
    0x38, 0x7b, 0xc7, 0xfe, 0x7f, 0xf3, 0xff, 0x9f, 0xfc, 0x7b, 0xc0, 0x00, 0x38, 0x00, 0x3c, 0x1c,
    0x3e, 0x1e, 0x3f, 0x9f, 0x3f, 0xdf, 0xfb, 0xff, 0xfb, 0xfc, 0xfb, 0xfc, 0xff, 0xfc, 0xff, 0xfc,
    0x1f, 0xf8, 0x1f, 0x80, 0x1f, 0x00, 0x0e, 0x00, 0x00, 0x78, 0x00, 0x7c, 0x00, 0xfe, 0x01, 0xff,
    0xff, 0xff, 0xff, 0xff, 0xff, 0xf0, 0xff, 0xe0, 0x7f, 0xe0, 0x7f, 0xe0, 0x7f, 0xc0, 0x7b, 0xc0,
    0x7f, 0x80, 0x7f, 0x80, 0x3f, 0x00, 0x00, 0x3e, 0x00, 0xfc, 0x03, 0xf8, 0x7f, 0xc1, 0xff, 0x83,
    0xfe, 0x0f, 0xf8, 0x3f, 0xf0, 0xff, 0xe1, 0xff, 0xc3, 0xff, 0x07, 0xfc, 0x0f, 0xf0, 0x0f, 0xe0,
    0x0f, 0x80, 0x00, 0xff, 0xff, 0xff, 0xff, 0xff, 0xff, 0xff, 0xff, 0xff, 0xff, 0xff, 0xff, 0xff,
    0xff, 0xff, 0xff, 0xff, 0xff, 0xff, 0xff, 0xff, 0xbf, 0xff, 0xbf, 0xff, 0xff, 0xff, 0xff, 0xff,
    0xff, 0x00, 0x0e, 0x00, 0x1f, 0x00, 0x3f, 0x00, 0xff, 0x01, 0xfe, 0x03, 0xfe, 0x03, 0xfe, 0xff,
    0xfe, 0xff, 0xfe, 0xff, 0xf8, 0xff, 0xf0, 0x7f, 0xe0, 0x7f, 0x00, 0x3f, 0x00, 0x0f, 0x00, 0x00,
    0x1f, 0x00, 0x3f, 0x00, 0x3f, 0x00, 0xff, 0x07, 0xff, 0x0f, 0xff, 0x3f, 0xff, 0x7f, 0xff, 0xff,
    0xfe, 0xff, 0xfc, 0xff, 0xfc, 0xff, 0xf8, 0xff, 0xf0, 0x7f, 0xf0, 0x1f, 0xe0, 0x01, 0xe0, 0x03,
    0xe0, 0xff, 0xff, 0xff, 0xff, 0xff, 0xff, 0xff, 0xff, 0xff, 0xff, 0xff, 0xff, 0xff, 0xff, 0xff,
    0xff, 0xff, 0xff, 0xff, 0xff, 0x7f, 0xff, 0x07, 0xe0, 0x03, 0xc0, 0x7f, 0xf3, 0xff, 0x9f, 0xfc,
    0xff, 0xef, 0xff, 0x77, 0xff, 0xbf, 0xff, 0xff, 0xff, 0xc7, 0xfc, 0x3f, 0xc1, 0xf8, 0x7f, 0xff,
    0xff, 0xff, 0xff, 0xc0, 0x7c, 0xf9, 0xff, 0xfb, 0xff, 0xff, 0xff, 0xff, 0xff, 0xff, 0xff, 0xcf,
    0xff, 0x83, 0xff, 0x07, 0xfc, 0x3f, 0xf0, 0xff, 0x87, 0xf0, 0x0f, 0xc0, 0x1f, 0x00, 0x1c, 0x00,
    0x00, 0x00, 0x7c, 0x00, 0x7e, 0x00, 0x7f, 0x80, 0x3f, 0xc0, 0x1f, 0xe0, 0x07, 0xf0, 0x0f, 0xf8,
    0x1f, 0xfe, 0xff, 0xff, 0x7f, 0xff, 0xff, 0xff, 0xff, 0xff, 0xf3, 0xff, 0xf8, 0x0f, 0xf0, 0x1f,
    0xf8, 0x3f, 0xfc, 0x7f, 0xfe, 0x7f, 0xfe, 0xff, 0xff, 0xff, 0xff, 0xff, 0xff, 0xff, 0xe7, 0xff,
    0xff, 0x7f, 0xfe, 0x7f, 0xfe, 0x3f, 0xfc, 0x1f, 0xf8, 0x0f, 0xf0, 0x3e, 0x39, 0xff, 0xf3, 0xff,
    0xf7, 0xff, 0xef, 0xff, 0xdf, 0xff, 0xbf, 0xff, 0xff, 0xff, 0xff, 0xfe, 0xff, 0xfd, 0xe7, 0xe3,
    0x80, 0x07, 0x00, 0x0e, 0x00, 0x1c, 0x00, 0x00, 0x3e, 0x03, 0xf0, 0x1f, 0x80, 0xfe, 0x0f, 0xfe,
    0x7f, 0xfb, 0xff, 0xdf, 0xfe, 0xff, 0xf1, 0xff, 0x9f, 0xff, 0xff, 0xff, 0xff, 0xff, 0xbb, 0xf0,
    0x00, 0x1f, 0x00, 0x7e, 0x00, 0xfc, 0x01, 0xff, 0xcf, 0xff, 0x9f, 0xff, 0x3f, 0xfe, 0x7f, 0xfe,
    0x7f, 0xfe, 0x0f, 0xfc, 0x1f, 0xf8, 0x3f, 0xc0, 0x78, 0x00, 0xf0, 0x01, 0xe0, 0x00, 0x0f, 0x83,
    0xfe, 0x0f, 0xfe, 0x3f, 0xf8, 0xff, 0xe1, 0xff, 0xc3, 0xff, 0x8f, 0xff, 0x1f, 0xfc, 0xff, 0xf7,
    0xff, 0xff, 0xff, 0xff, 0xff, 0xff, 0xc7, 0xf0, 0x00, 0xff, 0xff, 0xff, 0xff, 0xbf, 0xe7, 0xfc,
    0x7f, 0x8f, 0xf1, 0xfe, 0x7f, 0xef, 0xfd, 0xff, 0xbf, 0xf7, 0xfe, 0x7f, 0x87, 0xe0, 0x0f, 0xf0,
    0x7f, 0xff, 0xff, 0xff, 0xff, 0xff, 0xfc, 0x0f, 0xff, 0x3f, 0x7f, 0x7e, 0x3f, 0xfc, 0x3f, 0xfc,
    0x3f, 0xfc, 0x0f, 0xf0, 0x0f, 0xf0, 0x1f, 0xf8, 0x1f, 0xf8, 0x1f, 0xf8, 0x0f, 0xc0, 0x0f, 0xe0,
    0x3f, 0xfc, 0x7f, 0xfe, 0xff, 0xff, 0xff, 0xff, 0xff, 0xff, 0xff, 0xff, 0x1f, 0xfe, 0x1f, 0xfe,
    0x1f, 0xfe, 0x1f, 0xfc, 0x0f, 0xf8, 0x03, 0xf0, 0x03, 0xfc, 0x1f, 0xfc, 0x7f, 0xf9, 0xff, 0xf7,
    0xff, 0xef, 0xfb, 0xdf, 0xe7, 0xff, 0x8f, 0xff, 0x1f, 0xf8, 0x7b, 0xf9, 0xf7, 0xff, 0xcf, 0xff,
    0x1f, 0xfc, 0x1f, 0xe0, 0x00, 0x03, 0xfc, 0x1f, 0xf8, 0x7f, 0xf9, 0xff, 0xf7, 0xfe, 0xef, 0xfd,
    0xff, 0xf3, 0xff, 0xcf, 0xff, 0x1d, 0xfc, 0x7b, 0xe1, 0xf7, 0x8f, 0xcf, 0xff, 0x0f, 0xfc, 0x0f,
    0xe0, 0x00, 0x00, 0x3f, 0x00, 0x7f, 0x00, 0xff, 0x01, 0xff, 0x1f, 0xf8, 0x3f, 0xf0, 0x7f, 0xf8,
    0x7f, 0xfc, 0x7f, 0xfc, 0xff, 0xfe, 0xff, 0xfe, 0xff, 0xfe, 0x7f, 0xfe, 0x7f, 0xfe, 0x7f, 0xfe,
    0x78, 0x0e, 0x7f, 0x1f, 0xff, 0xff, 0xff, 0xff, 0xff, 0xff, 0xf0, 0x7f, 0xc0, 0x3f, 0xe0, 0x0f,
    0xe0, 0x03, 0xe0, 0x03, 0xf0, 0x01, 0xf8, 0x00, 0xfc, 0x00, 0x7e, 0x00, 0x3f, 0x00, 0x1f, 0x80,
    0x0f, 0x80, 0xf8, 0xff, 0x8f, 0xf8, 0xff, 0x8f, 0xff, 0x7f, 0xf1, 0xff, 0x1f, 0x71, 0xf0, 0x1f,
    0x81, 0xfc, 0x1f, 0xc1, 0xfc, 0x1f, 0xc0, 0x0f, 0x00, 0x03, 0xc0, 0x07, 0xf8, 0x01, 0xff, 0xfe,
    0x7f, 0xff, 0x9f, 0xff, 0xe7, 0xff, 0xf3, 0xff, 0xff, 0xff, 0xff, 0xff, 0xff, 0xff, 0xff, 0xfb,
    0xff, 0xfe, 0x78, 0x0f, 0x00, 0x00, 0x73, 0x80, 0x3f, 0xc0, 0x1f, 0xe3, 0xff, 0xf7, 0xff, 0xf7,
    0xff, 0xfb, 0xff, 0xfd, 0xff, 0xfe, 0xff, 0xff, 0x0e, 0x0f, 0x00, 0x00, 0x0f, 0x00, 0x0f, 0x38,
    0x1f, 0x3c, 0x7f, 0xfd, 0xfe, 0xff, 0xfc, 0xff, 0xf8, 0x7f, 0xf8, 0x3f, 0xf8, 0x3f, 0xf0, 0x7f,
    0xe0, 0x7f, 0xc0, 0x7f, 0x80, 0x7f, 0x00, 0x3e, 0x00, 0x0f, 0xf0, 0x1f, 0xf8, 0x3f, 0xfc, 0x7f,
    0xfe, 0x7f, 0xfe, 0xff, 0xff, 0xff, 0xff, 0xff, 0xff, 0xff, 0xff, 0xff, 0xff, 0xff, 0xfe, 0x7f,
    0xfe, 0x3f, 0xfc, 0x1f, 0xf8, 0x0f, 0xf0, 0x00, 0x0e, 0x00, 0x1f, 0x00, 0x3f, 0x00, 0x7f, 0x00,
    0xfe, 0x01, 0xfc, 0x03, 0xf8, 0x07, 0xf0, 0x7f, 0xf8, 0xff, 0xfc, 0xff, 0xfe, 0xff, 0xfe, 0xff,
    0xfe, 0xfe, 0xfc, 0x7c, 0x7c, 0x00, 0x0f, 0x00, 0x1f, 0x00, 0x3f, 0x00, 0x3e, 0x00, 0x7e, 0x00,
    0xfc, 0x00, 0xf8, 0x01, 0xf8, 0x03, 0xf0, 0x07, 0xf0, 0xe7, 0xfe, 0xf7, 0xfe, 0xf7, 0xfe, 0x77,
    0x7e, 0x00, 0x7e, 0x1f, 0xf0, 0xff, 0xe3, 0xff, 0xcf, 0xff, 0x3f, 0xfc, 0xff, 0xf3, 0xff, 0xcf,
    0xff, 0x3f, 0xfc, 0xff, 0xe7, 0xff, 0x3f, 0xf8, 0xfe, 0x03, 0xf0, 0x07, 0x80, 0x00, 0x01, 0xc0,
    0x01, 0xf0, 0x01, 0xf8, 0x00, 0xfe, 0x00, 0xff, 0x00, 0x7f, 0xc0, 0x7f, 0xf0, 0x3f, 0xfc, 0x3f,
    0xfe, 0x3f, 0xff, 0xff, 0xf7, 0xff, 0xff, 0xff, 0xff, 0xff, 0xff, 0xfc, 0xff, 0xf8, 0x00, 0x78,
    0x00, 0xfc, 0x01, 0xfe, 0x01, 0xfe, 0x0f, 0xfe, 0x0f, 0xfe, 0x3f, 0xfe, 0x38, 0xfe, 0x38, 0xfe,
    0x78, 0xff, 0xff, 0xff, 0xff, 0xff, 0xff, 0xff, 0x7f, 0xfe, 0x1f, 0xf8, 0x07, 0x00, 0x3f, 0xe0,
    0xff, 0xe3, 0xff, 0xef, 0xff, 0xdf, 0xff, 0xbf, 0xfe, 0x7f, 0xf0, 0x3f, 0xf0, 0xff, 0xfb, 0xff,
    0xff, 0xff, 0xff, 0xff, 0xef, 0xff, 0x8f, 0xfc, 0x00, 0x0f, 0x00, 0x3f, 0xff, 0xcf, 0xff, 0xfb,
    0xff, 0xff, 0xff, 0xff, 0xff, 0xff, 0xff, 0xff, 0xfd, 0xff, 0xf8, 0x7f, 0xde, 0x07, 0xf7, 0x81,
    0xff, 0xf0, 0xff, 0xfe, 0x3f, 0xff, 0x8f, 0xff, 0xe3, 0xff, 0xf0, 0x07, 0xc0, 0x03, 0xf0, 0x03,
    0xfc, 0x01, 0xff, 0x00, 0xff, 0x80, 0x7f, 0xc1, 0xff, 0xfc, 0xff, 0xfe, 0xff, 0xff, 0x7f, 0xff,
    0xff, 0xff, 0xff, 0xff, 0xff, 0xff, 0xff, 0xff, 0xff, 0xff, 0xfe, 0x00, 0x3c, 0x1f, 0xbc, 0xff,
    0xbc, 0xff, 0x80, 0xff, 0xc0, 0xff, 0xc7, 0xff, 0xff, 0xff, 0xff, 0xff, 0xff, 0xff, 0xff, 0xff,
    0xff, 0xff, 0xff, 0xff, 0xff, 0xff, 0xff, 0xff, 0xff, 0x07, 0x80, 0x1f, 0x80, 0x7f, 0x83, 0xff,
    0x87, 0xff, 0x9f, 0xff, 0xbf, 0x7f, 0xff, 0xff, 0xff, 0xfe, 0xff, 0xf9, 0xff, 0xf7, 0xff, 0xef,
    0xff, 0xdf, 0xff, 0x9f, 0xff, 0x00, 0x07, 0xe0, 0x1f, 0xf8, 0x7f, 0xfe, 0x7f, 0xfe, 0x7f, 0xfe,
    0x7f, 0xfe, 0x7f, 0xfe, 0x7f, 0xfe, 0x7f, 0xfc, 0x7f, 0xf8, 0x7f, 0xfc, 0x7f, 0xfe, 0xff, 0xff,
    0xff, 0xff, 0xff, 0xff, 0xff, 0xff, 0xff, 0xff, 0xff, 0xff, 0xe3, 0x8f, 0xcf, 0x1f, 0x9f, 0xfe,
    0xff, 0xff, 0xff, 0xff, 0xff, 0xff, 0xff, 0xff, 0xff, 0xdf, 0xff, 0xff, 0xff, 0xff, 0xff, 0xff,
    0x80, 0x03, 0x80, 0x0f, 0x80, 0xfe, 0x0f, 0xfc, 0x3f, 0xf0, 0xff, 0xc3, 0xff, 0x0f, 0xf8, 0x3f,
    0xf1, 0xff, 0xef, 0xff, 0xff, 0xff, 0xff, 0xfd, 0xff, 0xe3, 0xff, 0x00, 0xfc, 0x07, 0xff, 0x3f,
    0xff, 0x3f, 0xff, 0xff, 0xff, 0xff, 0xff, 0xff, 0xff, 0xff, 0xff, 0xff, 0xff, 0xff, 0xff, 0xff,
    0xff, 0xff, 0xff, 0xff, 0xff, 0xff, 0xff, 0xff, 0xff, 0xff, 0x0e, 0xe0, 0x1f, 0xf8, 0x7f, 0xfe,
    0x7f, 0xfe, 0x7f, 0xff, 0xff, 0xff, 0xff, 0xff, 0xff, 0xff, 0xff, 0xff, 0xff, 0xff, 0xff, 0xff,
    0xff, 0xff, 0x7f, 0xff, 0x7f, 0xfe, 0x1f, 0xf8, 0x07, 0x80, 0x7f, 0x80, 0xff, 0x81, 0xff, 0x87,
    0xff, 0x9f, 0xdf, 0xbf, 0xff, 0xff, 0xff, 0xff, 0xfe, 0xff, 0xf1, 0xff, 0xf3, 0xff, 0xe7, 0xff,
    0xcf, 0xff, 0x83, 0xf8, 0x00, 0x3c, 0x00, 0x7e, 0x00, 0x7f, 0xc0, 0xff, 0xf0, 0xe7, 0xf8, 0xff,
    0xfc, 0xff, 0xfe, 0xff, 0x7e, 0x7f, 0xfe, 0x7d, 0xff, 0x7f, 0xff, 0x7f, 0xff, 0x3f, 0xfe, 0x1f,
    0xfc, 0x03, 0xf0, 0x07, 0xe0, 0xff, 0xff, 0xff, 0xff, 0xff, 0xff, 0xff, 0xff, 0xff, 0xff, 0xff,
    0xff, 0xff, 0xff, 0xff, 0xff, 0xff, 0xff, 0xff, 0xff, 0xff, 0xff, 0xff, 0xff, 0xff, 0xff, 0xff,
    0xff, 0xfc, 0x00, 0x3f, 0x00, 0x0f, 0xc0, 0x03, 0xff, 0xfe, 0xff, 0xff, 0xff, 0xff, 0xff, 0xff,
    0xff, 0xff, 0xff, 0xff, 0xff, 0xff, 0xff, 0xff, 0xff, 0xff, 0xff, 0xff, 0xff, 0xff, 0xff, 0xff,
    0xff, 0xff, 0xfc, 0x03, 0xc0, 0x07, 0xe0, 0x0f, 0xf0, 0x1f, 0xf8, 0xff, 0xff, 0xff, 0xff, 0xff,
    0xff, 0xff, 0xff, 0xff, 0xff, 0xff, 0xff, 0xff, 0xff, 0xff, 0xff, 0xff, 0xff, 0xff, 0xff, 0x0f,
    0xf0, 0x0f, 0xf0, 0xff, 0xff, 0xff, 0xff, 0xff, 0xff, 0xef, 0xc7, 0xef, 0xe7, 0xff, 0xff, 0xff,
    0xff, 0xff, 0xff, 0xff, 0xff, 0xff, 0xff, 0xff, 0xff, 0xff, 0xff, 0xff, 0xff, 0x03, 0x80, 0x07,
    0xe0, 0x0f, 0xf8, 0x0f, 0xfc, 0x7f, 0xfe, 0x7f, 0xfe, 0x7f, 0xfe, 0x7f, 0xfe, 0x7f, 0xfe, 0x7f,
    0xfe, 0x7f, 0xfe, 0xff, 0xff, 0xff, 0xff, 0xff, 0xff, 0xff, 0xff, 0xff, 0xff, 0xff, 0xff, 0xff,
    0xff, 0xff, 0xff, 0xff, 0xff, 0xff, 0xff, 0xff, 0xff, 0xff, 0xff, 0xff, 0xff, 0xff, 0xff, 0xff,
    0xff, 0xff, 0xff, 0xff, 0xff, 0xff, 0xff, 0x80, 0x07, 0xe0, 0x0f, 0xf0, 0x3f, 0xfc, 0xff, 0xff,
    0xff, 0xff, 0xff, 0xff, 0xff, 0xff, 0xff, 0xff, 0xff, 0xff, 0xff, 0xff, 0xff, 0xfe, 0xff, 0xfe,
    0xff, 0xff, 0xff, 0xff, 0xff, 0xff, 0x07, 0xe0, 0x0f, 0xf0, 0x3f, 0xfc, 0xff, 0xff, 0xff, 0xff,
    0xff, 0xff, 0xff, 0xff, 0xff, 0xff, 0xff, 0xff, 0xff, 0xff, 0xff, 0xff, 0xff, 0xff, 0xff, 0xff,
    0xff, 0xff, 0xff, 0xff, 0x78, 0x0e, 0x7f, 0xc0, 0x7f, 0xc0, 0x7f, 0xc0, 0x7f, 0xc0, 0x7f, 0xc0,
    0xff, 0xff, 0xff, 0xff, 0xff, 0xff, 0xff, 0xff, 0xff, 0xff, 0x7f, 0xfe, 0x7f, 0xfe, 0xff, 0xff,
    0xff, 0xff, 0xff, 0xff, 0x01, 0xc0, 0x01, 0xf0, 0x01, 0xfc, 0x1f, 0xff, 0xef, 0xff, 0xff, 0xff,
    0xff, 0xff, 0xff, 0xff, 0xff, 0xff, 0xff, 0x7f, 0xff, 0xbf, 0xff, 0xdf, 0xff, 0xff, 0xff, 0xff,
    0xff, 0xff, 0xff, 0xff, 0xf8, 0x7f, 0xff, 0xfc, 0x3f, 0xff, 0x0f, 0xff, 0xe1, 0xff, 0xf8, 0x3f,
    0xff, 0xcf, 0xff, 0xf3, 0xff, 0xfc, 0xff, 0xff, 0x3f, 0xff, 0xcf, 0xff, 0xe7, 0xff, 0xf9, 0xff,
    0xfe, 0x7f, 0xff, 0x9f, 0xff, 0xe7, 0xff, 0xf8, 0x3f, 0xf0, 0x7f, 0xf0, 0x7f, 0xff, 0x7f, 0xff,
    0x7f, 0xff, 0x7f, 0xfe, 0xff, 0xfe, 0xff, 0xfe, 0xff, 0xfe, 0xff, 0xfe, 0xff, 0xfe, 0xff, 0xfe,
    0xff, 0xff, 0xff, 0xff, 0xff, 0xff, 0x1f, 0x8f, 0xfb, 0xff, 0xff, 0xff, 0xff, 0xff, 0xff, 0xff,
    0xff, 0xff, 0xff, 0xff, 0xff, 0xff, 0xff, 0xfe, 0xff, 0x87, 0xe0, 0x0e, 0xe0, 0x3d, 0xc0, 0xff,
    0xc1, 0xff, 0x83, 0xff, 0x07, 0xff, 0x0f, 0xfe, 0x7f, 0xff, 0xff, 0xff, 0xff, 0xfd, 0xff, 0xf7,
    0xff, 0xef, 0xff, 0xff, 0xff, 0xff, 0xff, 0x80, 0x03, 0xc0, 0x07, 0xc0, 0x3f, 0xee, 0x3f, 0xfe,
    0x7f, 0xfe, 0xff, 0xff, 0xff, 0xff, 0xff, 0xff, 0xff, 0xff, 0xff, 0xff, 0x1f, 0xff, 0x1f, 0xf8,
    0x7f, 0xfe, 0x7f, 0xfe, 0x7f, 0xfe, 0x01, 0xfb, 0xff, 0xef, 0xff, 0xbf, 0xc7, 0xe0, 0x1f, 0xc0,
    0x77, 0x0f, 0xdc, 0xff, 0x7f, 0xfd, 0xff, 0x07, 0xf0, 0x1c, 0x00, 0x70, 0x00, 0x03, 0xfb, 0xff,
    0xef, 0xff, 0xff, 0xff, 0xff, 0xff, 0xff, 0xf7, 0xff, 0xdf, 0xff, 0x7f, 0xe1, 0xfe, 0x07, 0x00,
    0x1c, 0x00, 0x70, 0x00, 0x0f, 0xe0, 0x7f, 0xf1, 0xff, 0xe7, 0xff, 0xef, 0xff, 0xdf, 0xff, 0xff,
    0xff, 0xff, 0xff, 0xff, 0xff, 0xff, 0xff, 0xff, 0xff, 0xff, 0xe7, 0xff, 0xc7, 0xfe, 0x07, 0xf8,
    0x00, 0x3e, 0x00, 0x7f, 0x00, 0xff, 0xe0, 0xff, 0xf0, 0xff, 0xf8, 0xff, 0x7c, 0x7f, 0x3e, 0x3c,
    0x1f, 0x3e, 0x0f, 0x1f, 0x1f, 0x0f, 0xbe, 0x07, 0xfc, 0x03, 0xf8, 0x01, 0xf0, 0x00, 0xe0, 0x00,
    0x7c, 0x7f, 0xfe, 0xff, 0xff, 0xff, 0xff, 0xff, 0xff, 0xff, 0xff, 0x73, 0xff, 0x03, 0xfe, 0x07,
    0xfc, 0x0f, 0xf8, 0x3f, 0x00, 0x7e, 0x00, 0xfc, 0x00, 0xf8, 0x00, 0xf0, 0x00, 0x70, 0x00, 0x00,
    0x3f, 0xff, 0xff, 0xff, 0xff, 0xff, 0xf7, 0x0f, 0xce, 0x3f, 0x9e, 0xff, 0x9f, 0xef, 0x3f, 0x9e,
    0x7e, 0x3c, 0xfe, 0x79, 0xff, 0xf1, 0xff, 0xe0, 0x1f, 0xc0, 0x03, 0x80, 0x3f, 0x8f, 0xfb, 0xff,
    0xff, 0xff, 0xff, 0xff, 0xff, 0xff, 0xff, 0xff, 0xff, 0xf9, 0xff, 0x3f, 0xe3, 0xf8, 0x7e, 0x07,
    0xc0, 0x0f, 0x00, 0x07, 0xe0, 0x07, 0xf0, 0x0f, 0xff, 0x0f, 0xff, 0xe7, 0x8f, 0xf3, 0xf3, 0xbd,
    0xfd, 0xce, 0x3f, 0xe7, 0x07, 0xff, 0xc3, 0xff, 0xe1, 0xff, 0xf0, 0xff, 0xf8, 0x1f, 0xfc, 0x01,
    0xfc, 0x1f, 0xc0, 0x7f, 0xc0, 0xff, 0x83, 0xff, 0x0f, 0xff, 0x1f, 0xbf, 0x3f, 0xbf, 0x7f, 0xfe,
    0x7f, 0xfc, 0x3b, 0xfc, 0x7f, 0xf8, 0xff, 0xf1, 0xff, 0xe0, 0x7f, 0xc0, 0x3c, 0x00, 0x3f, 0x80,
    0x1f, 0xe0, 0x1f, 0xff, 0x8f, 0x7f, 0xe7, 0xbf, 0xfb, 0xfc, 0x3c, 0xf8, 0x1e, 0x3f, 0xff, 0x0f,
    0xff, 0xc7, 0xff, 0xe1, 0xff, 0xf0, 0xff, 0xe0, 0x7f, 0xf0, 0x0f, 0x70, 0xff, 0xf0, 0x3f, 0xff,
    0x0f, 0xff, 0xe3, 0xff, 0xfc, 0xff, 0xff, 0x9f, 0xff, 0xe7, 0xf8, 0x39, 0xfe, 0x0f, 0x7f, 0x83,
    0xdf, 0xff, 0xf1, 0xff, 0xfc, 0x1f, 0xfe, 0x07, 0xff, 0x81, 0xf8, 0x00, 0x1e, 0x00, 0x0f, 0x00,
    0x07, 0xf0, 0x07, 0xff, 0xf3, 0xff, 0xff, 0xff, 0xff, 0xff, 0xff, 0xff, 0xff, 0xfd, 0xff, 0xff,
    0x07, 0xff, 0xc1, 0xff, 0xf0, 0x3f, 0xfc, 0x0f, 0xfc, 0x01, 0xff, 0x00, 0x7f, 0xc0, 0x1f, 0x80,
    0x3f, 0x00, 0x0f, 0xe0, 0x03, 0xf8, 0x01, 0xff, 0xf0, 0xff, 0xfe, 0x3f, 0xff, 0x8f, 0xff, 0xfb,
    0xff, 0xff, 0x7f, 0xff, 0xcf, 0xff, 0xf3, 0xff, 0xf0, 0xff, 0xfc, 0x3f, 0xfc, 0x03, 0xff, 0x00,
    0xfb, 0xc0, 0x0f, 0x00, 0x0f, 0xc0, 0x07, 0xf0, 0x03, 0xfe, 0x00, 0xf7, 0xfc, 0x3f, 0xff, 0x8f,
    0xdf, 0xe1, 0xf7, 0x3f, 0x1f, 0xf7, 0xcf, 0xff, 0xf3, 0xff, 0xfc, 0xff, 0xfe, 0x3f, 0xfe, 0x01,
    0xff, 0x80, 0x7b, 0xc0, 0x1c, 0x01, 0xff, 0x0f, 0xf8, 0x7f, 0xc3, 0xfe, 0x3f, 0xf3, 0xff, 0x1f,
    0xf8, 0xff, 0xff, 0xff, 0xdf, 0xfe, 0xff, 0xf3, 0xff, 0x1f, 0xf0, 0xff, 0x00, 0x3f, 0x00, 0xfe,
    0x07, 0xf8, 0x3f, 0xfe, 0xff, 0xff, 0xff, 0xff, 0xff, 0xff, 0xff, 0x3f, 0xf8, 0xef, 0xe3, 0xff,
    0x0f, 0xfc, 0x1f, 0xf0, 0x7f, 0xc1, 0xfc, 0x00, 0x38, 0x03, 0xfc, 0x1f, 0xf0, 0xff, 0x87, 0xff,
    0x3f, 0xfb, 0xff, 0xff, 0xff, 0xff, 0xff, 0xff, 0xff, 0xff, 0xff, 0xff, 0xff, 0x3f, 0xc0, 0x3c,
    0x00, 0x07, 0xc0, 0x7f, 0xc3, 0xff, 0x1f, 0xfe, 0x7f, 0xf9, 0xfe, 0xf0, 0xff, 0xc3, 0xff, 0x1f,
    0xfc, 0xff, 0xf7, 0xff, 0xff, 0xfe, 0xff, 0xfb, 0xff, 0xe7, 0xc0, 0x00, 0x00, 0x1e, 0x00, 0x1f,
    0x00, 0x1f, 0x80, 0x0f, 0xe7, 0xff, 0xf7, 0xff, 0xff, 0xff, 0xff, 0xfd, 0xff, 0xff, 0xff, 0xff,
    0xf3, 0xdf, 0xf9, 0xef, 0xf3, 0xf7, 0xff, 0xfb, 0xff, 0xfd, 0xff, 0xe0, 0x3f, 0x00, 0x1f, 0xf0,
    0x0f, 0xfe, 0x07, 0xff, 0x83, 0xff, 0xc3, 0xff, 0xf3, 0xff, 0xf9, 0xef, 0xff, 0xf7, 0xff, 0xfb,
    0xff, 0xdd, 0xff, 0xcf, 0x7f, 0xc3, 0xff, 0xc1, 0xff, 0xc0, 0x7f, 0x00, 0x3f, 0x80, 0xff, 0x01,
    0xff, 0x07, 0xfe, 0x0f, 0xfc, 0x1f, 0xf0, 0x0f, 0xe0, 0x1f, 0xf8, 0x7f, 0xf0, 0xff, 0xfd, 0xff,
    0xfb, 0xff, 0xf3, 0xff, 0xe7, 0xff, 0x83, 0xf8, 0x00, 0x1f, 0x00, 0x1f, 0xc0, 0x1f, 0xe0, 0x0f,
    0xf8, 0x0f, 0xff, 0xe7, 0xff, 0xf3, 0xff, 0xfd, 0xfc, 0xff, 0x7f, 0xff, 0xbf, 0xff, 0xdf, 0xff,
    0xef, 0xff, 0x87, 0xff, 0xc0, 0x3f, 0xc0, 0x1f, 0x80, 0x0f, 0x80, 0x7f, 0xf0, 0xff, 0xf8, 0xfd,
    0xfc, 0xff, 0xfe, 0xff, 0xff, 0xff, 0xff, 0x7f, 0xff, 0x7f, 0xff, 0x7f, 0x0f, 0x7c, 0x1f, 0x3f,
    0xfe, 0x1f, 0xfc, 0x0f, 0xfc, 0x0f, 0xfc, 0x1c, 0x01, 0xf0, 0x7f, 0xe7, 0xff, 0x7f, 0xff, 0x7f,
    0xf7, 0xff, 0xf7, 0x7f, 0x77, 0xfe, 0x1f, 0xf1, 0xff, 0x0f, 0xf0, 0xff, 0x07, 0xc0, 0x1f, 0x00,
    0x7f, 0x00, 0xff, 0xe7, 0xdf, 0xef, 0xff, 0xdf, 0xf3, 0xbf, 0xe7, 0xff, 0xcf, 0xff, 0x0f, 0xfc,
    0x3f, 0xe0, 0xf3, 0xff, 0xe3, 0xff, 0x83, 0xff, 0x07, 0xfe, 0x00, 0x00, 0x7c, 0x3e, 0xfd, 0xff,
    0xfb, 0xff, 0xf7, 0xff, 0x9f, 0xff, 0xbf, 0xff, 0x7f, 0xfe, 0xff, 0xfc, 0xff, 0xf8, 0xfe, 0xf1,
    0xff, 0xe3, 0xff, 0x07, 0xfe, 0x0f, 0xf0, 0x00, 0x1f, 0x00, 0xfc, 0x03, 0xf7, 0xbf, 0xdf, 0xff,
    0xff, 0xff, 0x77, 0xff, 0xdf, 0xff, 0x7f, 0xfd, 0xff, 0xe7, 0xfe, 0x0f, 0xf0, 0x3f, 0x80, 0xfe,
    0x00, 0x78, 0x00, 0x07, 0xe0, 0x1f, 0xe0, 0xff, 0xc1, 0xff, 0x83, 0xff, 0x0f, 0xff, 0x3f, 0xff,
    0x7f, 0xfe, 0xff, 0xfd, 0xff, 0xfc, 0xff, 0xb9, 0xf7, 0xf1, 0xff, 0xe3, 0xff, 0xc7, 0xfe, 0x00,
    0x3f, 0xe1, 0xff, 0xe3, 0xff, 0xc7, 0xcf, 0x8f, 0xdf, 0x1f, 0xfe, 0x3f, 0xff, 0xbf, 0xff, 0x3f,
    0xfe, 0x7f, 0xf8, 0xff, 0xe1, 0xff, 0xc3, 0xff, 0x87, 0xfe, 0x07, 0xf0, 0x00, 0x00, 0x03, 0x87,
    0xff, 0xdf, 0xff, 0xef, 0xff, 0xe7, 0xf8, 0xf7, 0xdf, 0x7b, 0xef, 0x9d, 0xff, 0xde, 0xfe, 0x0e,
    0x7f, 0x7f, 0x3f, 0xff, 0x8f, 0xff, 0xc3, 0xff, 0xe1, 0xfc, 0x00, 0x1e, 0x00, 0x00, 0x78, 0x00,
    0xf8, 0x07, 0xfe, 0x0f, 0xfe, 0x1f, 0xfe, 0x7f, 0xff, 0xff, 0xff, 0xff, 0x8f, 0xfe, 0x0f, 0xfe,
    0x0f, 0xff, 0x1e, 0x7f, 0xfe, 0x0f, 0xfe, 0x03, 0xf8, 0x01, 0xe0, 0x3f, 0xf0, 0x1f, 0xfc, 0x0f,
    0xfe, 0x0f, 0xf7, 0x87, 0xbf, 0xe7, 0xdf, 0xf3, 0xff, 0xf9, 0xff, 0xce, 0x7f, 0xcf, 0x9f, 0xff,
    0xcf, 0xff, 0xe7, 0xff, 0xc3, 0xff, 0xc0, 0x3f, 0xc0, 0x1e, 0x00, 0x3c, 0x07, 0xcf, 0xff, 0xf3,
    0xff, 0xfc, 0xff, 0xff, 0x7f, 0xef, 0xff, 0xfb, 0xff, 0xff, 0xff, 0xf8, 0x7e, 0xfe, 0x1f, 0x9f,
    0xff, 0xf7, 0xff, 0xfc, 0xff, 0xff, 0x3f, 0xff, 0x80, 0xff, 0xc0, 0x3e, 0x00, 0xff, 0x00, 0xff,
    0xc0, 0xff, 0xfc, 0xff, 0xfe, 0xff, 0xff, 0x7d, 0xff, 0x7d, 0xff, 0x79, 0xff, 0x79, 0xff, 0x38,
    0xff, 0x3c, 0xff, 0x3e, 0xfc, 0x1e, 0xfe, 0x0e, 0xfe, 0x00, 0x1e, 0x1e, 0x00, 0xfc, 0x03, 0xf8,
    0x07, 0xf0, 0x0f, 0xe0, 0x1e, 0x00, 0x1f, 0x80, 0x3f, 0x80, 0x7f, 0xe0, 0xff, 0xf8, 0xff, 0xf9,
    0xff, 0xf1, 0xff, 0xe1, 0xff, 0xc0, 0xff, 0x00, 0xfe, 0x00, 0x7f, 0x80, 0x3f, 0xc0, 0x1f, 0xe0,
    0x0f, 0xf7, 0xc7, 0xff, 0xf3, 0xff, 0xfd, 0xff, 0xff, 0xff, 0xff, 0xbf, 0xff, 0xcf, 0xff, 0xe7,
    0xff, 0xf3, 0xff, 0xf8, 0xff, 0xf8, 0x7f, 0x80, 0xfd, 0xf0, 0xff, 0xfc, 0xff, 0xfe, 0x7f, 0xfe,
    0xff, 0xfe, 0xff, 0xfe, 0xff, 0xfe, 0xff, 0xff, 0xff, 0xff, 0xff, 0xff, 0x7f, 0xfe, 0x3f, 0xfe,
    0x3f, 0xfc, 0x1f, 0xf8, 0x07, 0xc0, 0x07, 0x00, 0x1f, 0x03, 0xfc, 0x3f, 0xfc, 0xff, 0xf3, 0xff,
    0xff, 0xff, 0xff, 0xff, 0xff, 0xfb, 0xff, 0xff, 0xff, 0xdf, 0xff, 0x7f, 0xf1, 0xff, 0x87, 0xf8,
    0x00, 0x03, 0xc0, 0x01, 0xf0, 0x07, 0xfc, 0x07, 0xff, 0x07, 0xff, 0xff, 0xef, 0xff, 0xff, 0xff,
    0xff, 0xff, 0xff, 0xff, 0xbf, 0xff, 0xdf, 0xff, 0xe7, 0xff, 0x00, 0xff, 0x80, 0x00, 0xfc, 0x07,
    0xfc, 0x0f, 0xfc, 0x1f, 0xbf, 0x3f, 0xff, 0x7f, 0xff, 0x7f, 0xff, 0xff, 0xff, 0xff, 0xff, 0xff,
    0xff, 0xff, 0xdf, 0x7f, 0xfc, 0x3f, 0xfc, 0x1f, 0xf8, 0x07, 0x80, 0x03, 0x80, 0x07, 0xf0, 0x1f,
    0xfe, 0x0f, 0xff, 0xc7, 0xff, 0xfb, 0xff, 0xfd, 0xff, 0xff, 0xf7, 0xff, 0xf7, 0xff, 0xff, 0xff,
    0x1f, 0xff, 0x07, 0xff, 0x81, 0xff, 0x00, 0x7f, 0x80, 0x03, 0xf8, 0x07, 0xfe, 0x03, 0xff, 0x83,
    0xff, 0xe7, 0xff, 0xff, 0xff, 0xff, 0xff, 0xff, 0xff, 0xff, 0xfd, 0xff, 0x7e, 0xff, 0x9f, 0xff,
    0xc7, 0xff, 0xe3, 0xff, 0x01, 0xff, 0x80, 0x07, 0x80, 0x07, 0xf0, 0x0f, 0xf8, 0x0f, 0xf8, 0x1f,
    0xfc, 0x1f, 0xfc, 0x3d, 0xfc, 0x7f, 0xdf, 0xff, 0xff, 0xff, 0xff, 0xff, 0xff, 0x3f, 0x1e, 0x3f,
    0x3e, 0x1f, 0xfc, 0x1f, 0xf8, 0x07, 0xf0, 0x1f, 0x80, 0x3f, 0xc0, 0x3f, 0xe0, 0xfd, 0xf8, 0xfc,
    0xff, 0xfc, 0x7f, 0x78, 0x7f, 0x3b, 0xff, 0x3f, 0xff, 0x3f, 0xfe, 0x1f, 0xfc, 0x0f, 0xf8, 0x03,
    0xe0, 0x03, 0xe0, 0x01, 0xe0, 0x07, 0xe0, 0x0f, 0xf8, 0x0f, 0xf8, 0x1f, 0x7c, 0x1f, 0xfc, 0x1f,
    0xfc, 0x3d, 0xde, 0x7e, 0x1e, 0xfe, 0x3f, 0xfe, 0x3f, 0xfe, 0x3f, 0x7f, 0xfe, 0x0f, 0xf8, 0x07,
    0xf0, 0x07, 0xf0, 0x3e, 0x00, 0x3f, 0x80, 0x3f, 0xef, 0x9f, 0xff, 0xff, 0xff, 0xff, 0xef, 0xff,
    0xc3, 0xfe, 0xee, 0x7c, 0x7f, 0xbc, 0x3f, 0xfe, 0x0f, 0xfe, 0x03, 0xfc, 0x00, 0xfc, 0x00, 0x7e,
    0x00, 0x0e, 0x00, 0x3e, 0x3f, 0xcf, 0xfb, 0xfe, 0x7f, 0xbf, 0xfe, 0xff, 0xbf, 0xef, 0xff, 0xff,
    0xff, 0xff, 0x3f, 0xcf, 0xf3, 0xf0, 0x1e, 0x3c, 0x3f, 0xff, 0xbf, 0xff, 0xff, 0xff, 0xff, 0xc3,
    0xff, 0xc0, 0xff, 0xff, 0xff, 0xff, 0xff, 0xff, 0xff, 0xbf, 0xff, 0x8e, 0xfb, 0x87, 0xff, 0xc3,
    0xff, 0xe0, 0xff, 0xe0, 0x1f, 0xc0, 0x1f, 0x9c, 0x3f, 0x3f, 0xfe, 0x7f, 0xff, 0xff, 0xff, 0xff,
    0xff, 0xbf, 0xee, 0x1f, 0xfc, 0x39, 0xf8, 0x7f, 0xf8, 0xff, 0xf0, 0xff, 0xe1, 0xff, 0x83, 0xf8,
    0x07, 0xe0, 0x00, 0x0f, 0x00, 0x3f, 0xf8, 0xff, 0xfc, 0xff, 0xfc, 0xff, 0xfc, 0xff, 0xdc, 0x7f,
    0xc7, 0x1f, 0x87, 0x1f, 0x0f, 0x1f, 0xff, 0x0f, 0xff, 0x07, 0xff, 0x07, 0xfe, 0x07, 0xfe, 0x07,
    0xfc, 0x3f, 0xf8, 0x7f, 0xfc, 0xff, 0xfe, 0xff, 0xfe, 0xff, 0xfe, 0xff, 0xff, 0x7f, 0x8f, 0x3f,
    0x87, 0x3f, 0x8f, 0x3f, 0xff, 0x1f, 0xff, 0x1f, 0xff, 0x07, 0xfe, 0x07, 0xfe, 0x07, 0xfc, 0x1f,
    0xc0, 0x7f, 0xf9, 0xff, 0xfb, 0xef, 0xf7, 0xdf, 0xef, 0xbf, 0xbf, 0xf7, 0x7f, 0xfe, 0xff, 0xfd,
    0xff, 0xf8, 0x3f, 0xe0, 0x3f, 0x80, 0x7e, 0x00, 0xf8, 0x01, 0xe0, 0x00, 0x3e, 0x3e, 0x3f, 0xbf,
    0xbf, 0xdf, 0xff, 0xff, 0xff, 0xff, 0xff, 0xff, 0xff, 0xe0, 0x3e, 0xfe, 0xfe, 0x3f, 0xfe, 0x1f,
    0xff, 0x0f, 0xff, 0x87, 0xff, 0xc3, 0xff, 0xe0, 0xff, 0xc0, 0x1f, 0xc0, 0x00, 0x70, 0x7f, 0xfe,
    0xff, 0xff, 0xff, 0xff, 0xff, 0xff, 0x7f, 0xff, 0x7f, 0xfe, 0x1f, 0xfc, 0x3f, 0xfc, 0x3f, 0xfc,
    0x3f, 0xfc, 0x3f, 0xfc, 0x3f, 0xfc, 0x1f, 0xf8, 0x07, 0xf0, 0x3f, 0xfc, 0xff, 0xfd, 0xff, 0xfb,
    0xff, 0xf7, 0xff, 0xef, 0xcf, 0xff, 0xff, 0xff, 0xff, 0xff, 0xff, 0xff, 0xff, 0xff, 0xfb, 0xff,
    0xf7, 0xff, 0xc3, 0xfe, 0x01, 0xf8, 0x00, 0x7b, 0xc7, 0xfe, 0x7f, 0xe7, 0xfe, 0x7f, 0xe7, 0xfe,
    0x7f, 0xc7, 0xfc, 0x7d, 0xef, 0xff, 0xff, 0xff, 0xff, 0xff, 0xff, 0xfe, 0x3f, 0x80, 0x38, 0x1c,
    0x7c, 0x3e, 0x7f, 0xfe, 0x7f, 0xfe, 0x7f, 0xfe, 0x7f, 0xfe, 0x7e, 0x7e, 0xfe, 0x7f, 0xff, 0xff,
    0xff, 0xff, 0xff, 0xff, 0xff, 0xff, 0x7f, 0xfe, 0x1f, 0xf8, 0x07, 0xe0, 0x0e, 0x00, 0x1f, 0x7c,
    0x1f, 0xbe, 0x0f, 0xff, 0xc7, 0xff, 0xf7, 0xff, 0xfb, 0xff, 0xff, 0xff, 0xff, 0xfe, 0xff, 0xff,
    0xff, 0xff, 0xff, 0xef, 0xff, 0x03, 0xff, 0x80, 0xff, 0xc0, 0x3f, 0x00, 0x07, 0xc0, 0x03, 0xe7,
    0xc1, 0xff, 0xe0, 0xff, 0xff, 0xff, 0xff, 0xff, 0xff, 0xff, 0xff, 0xff, 0x7f, 0xff, 0x87, 0xff,
    0xff, 0xdf, 0xff, 0xc7, 0xff, 0xe0, 0xff, 0xc0, 0x3f, 0xe0, 0x0e, 0xf0, 0x03, 0x80, 0x0f, 0x80,
    0x7f, 0xc0, 0xff, 0xc1, 0xff, 0x87, 0xff, 0x9f, 0xdf, 0x7f, 0xfe, 0xff, 0xfd, 0xff, 0xff, 0xfe,
    0xfb, 0xf8, 0xf0, 0x7f, 0xc0, 0xff, 0x81, 0xff, 0x00, 0x03, 0xe0, 0x07, 0xfc, 0x07, 0xff, 0x07,
    0xff, 0xc3, 0xff, 0xe3, 0xff, 0xfb, 0xfd, 0xff, 0xff, 0xff, 0xff, 0xff, 0xff, 0xff, 0xdf, 0xff,
    0xc7, 0xff, 0xc3, 0xff, 0xe0, 0xff, 0xe0, 0x1f, 0xc0, 0x1f, 0xfe, 0x1f, 0xff, 0xef, 0xff, 0xff,
    0xfc, 0x7f, 0xfe, 0x3f, 0xff, 0x9f, 0xff, 0xf7, 0xfd, 0xfd, 0xff, 0x7f, 0xff, 0x8f, 0xff, 0xe1,
    0xdf, 0xf0, 0x7f, 0xf8, 0x1f, 0xfe, 0x03, 0xff, 0x00, 0x3f, 0x00, 0x3f, 0xfe, 0x7f, 0xff, 0xff,
    0xff, 0xfe, 0x7f, 0xfc, 0x1f, 0xfc, 0x1f, 0x7e, 0x3f, 0xff, 0xff, 0xef, 0xff, 0xff, 0xff, 0x77,
    0xff, 0x7f, 0xff, 0x7f, 0xfe, 0x3f, 0xfc, 0x0f, 0xf0, 0x3e, 0x3c, 0x3f, 0xff, 0x1f, 0xff, 0xcf,
    0xff, 0xe7, 0xc3, 0xf7, 0xff, 0xfb, 0xdf, 0xff, 0xff, 0xff, 0xff, 0xff, 0xff, 0xff, 0xff, 0xff,
    0xef, 0xff, 0xe7, 0xff, 0xe1, 0xff, 0xe0, 0x1f, 0xc0, 0x7c, 0x7d, 0xff, 0xff, 0xff, 0xff, 0xff,
    0xff, 0xff, 0xff, 0xff, 0xdf, 0xff, 0x3f, 0xff, 0xff, 0xff, 0xff, 0xff, 0xff, 0xff, 0xff, 0xff,
    0xff, 0xef, 0xff, 0x87, 0xfc, 0x00, 0x78, 0x3d, 0xff, 0xfb, 0xff, 0xf7, 0xff, 0xc7, 0xc7, 0x8e,
    0x00, 0x1f, 0xbf, 0x7f, 0x7f, 0xff, 0xff, 0xff, 0xff, 0xff, 0xff, 0xdf, 0xe0, 0x3f, 0x00, 0x7e,
    0x00, 0xf0, 0x00, 0x3c, 0x3c, 0x7f, 0xfe, 0xff, 0xff, 0xff, 0xff, 0xff, 0xff, 0x7f, 0xfe, 0xff,
    0xff, 0xff, 0xff, 0xff, 0xff, 0xff, 0xff, 0xff, 0xff, 0xff, 0xff, 0x7f, 0xfe, 0x3f, 0xfc, 0x0f,
    0xf0, 0x3f, 0xfe, 0x3f, 0xff, 0x9f, 0xff, 0xcf, 0xc7, 0xe7, 0xf7, 0xf3, 0xff, 0xfb, 0xff, 0xff,
    0xff, 0xff, 0xff, 0xff, 0xff, 0xff, 0xff, 0xff, 0xff, 0xff, 0xe7, 0xff, 0xf1, 0xff, 0xf0, 0x3f,
    0xe0, 0x03, 0xe0, 0x03, 0xf8, 0x07, 0xff, 0x07, 0xef, 0xc7, 0xe3, 0xf7, 0xfb, 0xff, 0xfd, 0xff,
    0xfe, 0xff, 0xff, 0x7f, 0xff, 0xbf, 0xff, 0xdf, 0xfe, 0x00, 0xf7, 0xff, 0xf3, 0xff, 0xf8, 0x7f,
    0xf0, 0x0e, 0x00, 0xfe, 0x0f, 0xf8, 0x3f, 0xe0, 0xff, 0x83, 0xfc, 0x03, 0xff, 0xc0, 0x7f, 0x03,
    0xfc, 0x0f, 0xf0, 0x3f, 0xc0, 0xff, 0x00, 0xf8, 0x3f, 0x00, 0x1f, 0x80, 0x1f, 0xc3, 0xdf, 0xe3,
    0xff, 0xff, 0xff, 0xff, 0xff, 0xef, 0xfd, 0xf9, 0xfe, 0xff, 0x7f, 0xff, 0xdf, 0xff, 0xef, 0xff,
    0xff, 0xf3, 0xff, 0xf1, 0xff, 0xf0, 0x7f, 0x80, 0x1f, 0x3e, 0x1f, 0xff, 0xc7, 0xff, 0xfb, 0xef,
    0xde, 0xfb, 0xfb, 0xff, 0xff, 0x7f, 0xff, 0xdf, 0xff, 0xf7, 0xff, 0xff, 0xff, 0xff, 0xe7, 0xff,
    0xf9, 0xff, 0xfc, 0x1f, 0x3e, 0x00, 0x07, 0xf0, 0x0f, 0xfe, 0x0f, 0xff, 0x8f, 0xff, 0xe7, 0xff,
    0xf7, 0xff, 0xff, 0xff, 0xff, 0xff, 0xff, 0xff, 0xff, 0xbf, 0xff, 0x8f, 0xff, 0x83, 0xff, 0x80,
    0x7f, 0x00, 0x3f, 0x0f, 0xfb, 0xff, 0x7f, 0xff, 0xfe, 0xff, 0xdf, 0xf9, 0xff, 0x3f, 0xef, 0xf9,
    0xff, 0x7f, 0xcf, 0xf1, 0xfc, 0x1f, 0x00, 0x1f, 0x80, 0xfc, 0x07, 0xe0, 0x3f, 0x01, 0xdc, 0x0e,
    0xe0, 0x77, 0x07, 0xb8, 0x79, 0xf7, 0xcf, 0xfc, 0x3f, 0xfb, 0xff, 0xff, 0xff, 0xf8, 0xff, 0x00,
    0x0f, 0xf8, 0x0f, 0xfe, 0x0f, 0xff, 0x8f, 0xff, 0xef, 0xff, 0xff, 0xff, 0xff, 0xff, 0xff, 0xff,
    0xff, 0x7f, 0xff, 0x0f, 0xfe, 0x01, 0xfc, 0x00, 0xf8, 0x0f, 0xff, 0xff, 0xff, 0xff, 0x7f, 0xff,
    0x7f, 0xfe, 0x7b, 0xfe, 0x7b, 0xce, 0x71, 0xce, 0x71, 0xce, 0x71, 0xce, 0x78, 0x0e, 0x7c, 0x3e,
    0x3f, 0xfc, 0x1f, 0xfc, 0x0f, 0xf0, 0x1e, 0x01, 0xe0, 0x1e, 0x00, 0xf8, 0x0f, 0xff, 0xff, 0xff,
    0xff, 0x87, 0xf8, 0x07, 0x00, 0x78, 0x77, 0xc7, 0x3c, 0xf1, 0xcf, 0x1c, 0xe0, 0x7f, 0x87, 0xfc,
    0xff, 0xcf, 0x1e, 0xe1, 0xee, 0x0f, 0xe1, 0xfe, 0x1f, 0xff, 0xff, 0xff, 0x7f, 0xc1, 0xfc, 0x07,
    0xc0, 0x7c, 0x03, 0xc0, 0x01, 0xe0, 0x01, 0xfc, 0x00, 0xff, 0x9c, 0x7f, 0xee, 0x3f, 0xff, 0xe0,
    0x3f, 0xf0, 0x0e, 0x3c, 0x07, 0x1e, 0x03, 0x87, 0x81, 0xc3, 0xc7, 0xe1, 0xff, 0xf0, 0xff, 0xf0,
    0x0f, 0x80, 0x07, 0xe0, 0x0f, 0xf0, 0x0f, 0xf8, 0x1f, 0xfc, 0x7f, 0xbc, 0x3f, 0x81, 0xfc, 0x00,
    0xfe, 0x00, 0xf8, 0x00, 0x78, 0x70, 0x3c, 0x3e, 0x1e, 0x1f, 0xfe, 0x07, 0xff, 0x00, 0x3e, 0x00,
    0x0f, 0xfc, 0x3f, 0xfc, 0x7f, 0xfe, 0x78, 0x0e, 0xfc, 0x7f, 0xfc, 0x7f, 0xfc, 0x7f, 0xe0, 0x7f,
    0xff, 0xff, 0xff, 0xff, 0x7f, 0xff, 0x03, 0xff, 0x03, 0xfe, 0x00, 0xe0, 0x00, 0xe0, 0x0f, 0xc0,
    0xff, 0xe1, 0xff, 0xc3, 0xff, 0x87, 0xff, 0x8f, 0xff, 0x3f, 0xff, 0x7f, 0x1e, 0xfc, 0x1f, 0xf8,
    0x3f, 0xf8, 0xfe, 0xff, 0xe0, 0xff, 0x80, 0x7e, 0x00, 0x3c, 0x07, 0xe1, 0xfe, 0x3f, 0xe7, 0xfc,
    0xff, 0xff, 0xff, 0xff, 0xff, 0xff, 0xff, 0xff, 0xff, 0xff, 0xfd, 0xff, 0x8f, 0xe0, 0x03, 0xc0,
    0x0f, 0x80, 0x3e, 0x01, 0xf8, 0x0f, 0xf8, 0x7f, 0xff, 0xff, 0xff, 0x7f, 0xfb, 0xff, 0x8f, 0xfe,
    0x3f, 0xff, 0x3f, 0xff, 0xff, 0xff, 0xe0, 0xff, 0x80, 0x0f, 0xfb, 0xff, 0xef, 0xff, 0xff, 0x7f,
    0xe3, 0xff, 0x8f, 0xff, 0xbf, 0xff, 0x7f, 0xff, 0xfc, 0x7f, 0xf0, 0xff, 0x81, 0xf8, 0x03, 0xe0,
    0x0f, 0x80, 0x3c, 0x00, 0x00, 0xf8, 0x3f, 0xe7, 0xff, 0xdf, 0xff, 0x7f, 0xff, 0xff, 0xff, 0xff,
    0xff, 0xff, 0xf8, 0x3f, 0xe0, 0xf7, 0xc3, 0xcf, 0x9f, 0x1f, 0xfc, 0x3f, 0xe0, 0x7f, 0x00, 0x7c,
    0x1e, 0x7f, 0x1f, 0xbf, 0xff, 0xdf, 0xff, 0xff, 0xff, 0xff, 0xff, 0xff, 0xff, 0xff, 0xff, 0xfe,
    0x7f, 0xff, 0x3f, 0xff, 0x0f, 0xff, 0x80, 0x7f, 0x7f, 0x7f, 0xff, 0xff, 0xff, 0xff, 0xff, 0xff,
    0xff, 0xfb, 0xff, 0xf9, 0xff, 0xfc, 0xff, 0xfe, 0x7f, 0xff, 0x3f, 0xff, 0x9f, 0xff, 0xc7, 0xff,
    0xc3, 0xff, 0xe1, 0xff, 0xf0, 0x7f, 0xf0, 0x7f, 0xf0, 0x7f, 0xfc, 0x3f, 0xff, 0x1d, 0xe7, 0xcf,
    0xff, 0xf7, 0xff, 0xfd, 0xff, 0xfe, 0xff, 0xff, 0x3f, 0xff, 0x8f, 0xff, 0xc1, 0xff, 0xe0, 0x3f,
    0x80, 0x03, 0x80, 0xff, 0xff, 0xff, 0xff, 0xff, 0xff, 0xfe, 0x7c, 0xff, 0xff, 0xf3, 0xff, 0xf9,
    0xfd, 0xf8, 0x0f, 0xf0, 0x3f, 0xf8, 0x7f, 0xfe, 0xff, 0xff, 0xff, 0xff, 0xff, 0xff, 0xff, 0xff,
    0xff, 0xff, 0xff, 0xf7, 0xe7, 0xc7, 0xe7, 0xc7, 0xe7, 0xc7, 0xff, 0xff, 0xff, 0xff, 0xff, 0xff,
    0x1f, 0xfc, 0x3f, 0xff, 0x3f, 0xff, 0xff, 0xff, 0xff, 0xff, 0xff, 0xe0, 0xff, 0xf0, 0x7c, 0xf8,
    0x3c, 0x1c, 0x1c, 0x0e, 0x0e, 0x07, 0x07, 0x03, 0x83, 0x81, 0xff, 0xc0, 0xff, 0xe0, 0x3f, 0xe0,
    0xff, 0xff, 0xff, 0xff, 0xff, 0xff, 0xff, 0xff, 0xff, 0xff, 0xff, 0xff, 0xff, 0xff, 0xff, 0xff,
    0xff, 0xff, 0xfc, 0x3f, 0x83, 0xf8, 0x3f, 0x83, 0xf8, 0x3f, 0x83, 0xf8, 0x3f, 0xc7, 0xdc, 0x7d,
    0xef, 0xff, 0xff, 0xff, 0xbf, 0xff, 0xff, 0xff, 0x1f, 0x80, 0x07, 0xe0, 0x3f, 0xfc, 0xff, 0xff,
    0xff, 0xff, 0xff, 0xff, 0xff, 0xff, 0xff, 0xff, 0xff, 0xff, 0xff, 0xff, 0xfe, 0x7f, 0xff, 0xff,
    0x7f, 0xfe, 0x0f, 0xf0, 0x0f, 0xf0, 0x0f, 0xf0, 0x0f, 0x07, 0xf0, 0xff, 0x3f, 0xef, 0xfd, 0xff,
    0xff, 0xff, 0xff, 0xff, 0xff, 0xff, 0xff, 0xff, 0xff, 0xfc, 0xff, 0x0f, 0xc0, 0x0f, 0xf0, 0x3f,
    0xfc, 0x7f, 0xfe, 0xff, 0xff, 0xff, 0xff, 0xff, 0xff, 0xfc, 0x3f, 0xfc, 0x3f, 0x1c, 0x38, 0x1c,
    0x38, 0x1c, 0x38, 0x1c, 0x38, 0x1f, 0xf8, 0x1f, 0xf8, 0x1f, 0xf8, 0x07, 0xe0, 0x07, 0xf0, 0x07,
    0xf0, 0x3f, 0xfe, 0x7f, 0xff, 0x7f, 0xff, 0x7f, 0xff, 0x7f, 0xff, 0xff, 0xcf, 0xf1, 0xc7, 0xe0,
    0x07, 0xf0, 0x07, 0xff, 0xff, 0x7f, 0xff, 0x3f, 0xfe, 0x07, 0x80, 0x1f, 0x80, 0x3f, 0x03, 0xff,
    0xc7, 0xff, 0xdf, 0xff, 0xbf, 0xff, 0xff, 0xff, 0xff, 0xff, 0xf9, 0xff, 0xf1, 0xff, 0xff, 0xff,
    0xff, 0xff, 0xff, 0xff, 0xff, 0x00, 0x0f, 0xfc, 0x0f, 0xff, 0x0f, 0xff, 0xcf, 0xff, 0xf7, 0xe1,
    0xfb, 0xe0, 0x7f, 0xe0, 0x1f, 0xf0, 0x0f, 0xff, 0xff, 0x7f, 0xff, 0xbf, 0xff, 0x80, 0x7f, 0x80,
    0xff, 0xc0, 0xff, 0xe0, 0xff, 0xfc, 0xff, 0xff, 0xff, 0xff, 0xff, 0xff, 0x3f, 0xff, 0x03, 0xfc,
    0x7f, 0x00, 0xff, 0xc0, 0xff, 0xe0, 0xff, 0xf0, 0xff, 0xfc, 0xff, 0xfe, 0xff, 0xff, 0x7f, 0xff,
    0x7f, 0xff, 0x0f, 0xfe, 0x01, 0xf8, 0x3c, 0x00, 0xfc, 0x03, 0xfc, 0x07, 0xf8, 0x0f, 0xf8, 0x1d,
    0xf0, 0x3f, 0xf0, 0x7f, 0xf0, 0x7f, 0xf0, 0xff, 0xf1, 0xff, 0xf3, 0xf9, 0xf7, 0xff, 0xe0, 0xff,
    0xc0, 0xff, 0x00, 0x7c, 0x01, 0xfe, 0x03, 0xff, 0xe7, 0xff, 0xef, 0xff, 0xff, 0xff, 0xdf, 0xff,
    0x81, 0xff, 0x01, 0xfc, 0x7f, 0x07, 0xf0, 0x7f, 0x07, 0xf0, 0x7f, 0x07, 0xf0, 0x7f, 0x07, 0xf0,
    0xff, 0x8f, 0xbe, 0xfb, 0xff, 0xff, 0xff, 0xf7, 0xff, 0x07, 0xe0, 0xfe, 0x07, 0xf0, 0x3f, 0x81,
    0xff, 0xef, 0xff, 0xff, 0xff, 0xff, 0xff, 0xff, 0xff, 0xff, 0xff, 0xdf, 0x7e, 0x73, 0xf0, 0x1f,
    0x80, 0xf8, 0x07, 0x80, 0x0f, 0xc0, 0x7f, 0x83, 0xfe, 0x0f, 0x3c, 0x38, 0x70, 0xe1, 0xc3, 0x87,
    0x0e, 0x1c, 0x3c, 0xf0, 0xff, 0xc3, 0xff, 0x3f, 0xff, 0xff, 0xff, 0xff, 0xff, 0xff, 0xc0, 0x0f,
    0xfc, 0x0f, 0xff, 0x83, 0xff, 0xf1, 0xf7, 0xfc, 0x78, 0xff, 0x1c, 0x3f, 0xc7, 0x0f, 0xf1, 0xe3,
    0xfc, 0x3d, 0xff, 0x0f, 0xff, 0xc7, 0xff, 0xfb, 0xff, 0xff, 0xff, 0xff, 0xff, 0xff, 0xff, 0xff,
    0xfc, 0x3f, 0x83, 0xfe, 0x3f, 0xf9, 0xf7, 0xcf, 0xfe, 0x7f, 0xfb, 0xff, 0xdf, 0xff, 0xff, 0xff,
    0xff, 0xff, 0xfd, 0xc1, 0xcf, 0xfe, 0x7f, 0xf1, 0xff, 0x00, 0x0f, 0xe0, 0x7f, 0xe0, 0xff, 0xe3,
    0xff, 0xef, 0xff, 0xdf, 0xff, 0xff, 0xff, 0xff, 0xff, 0xff, 0xff, 0xff, 0xff, 0xff, 0xf9, 0xc1,
    0xc3, 0xff, 0x87, 0xff, 0x07, 0xfc, 0x00, 0x3f, 0x8f, 0xfb, 0xff, 0x7f, 0xff, 0xff, 0xff, 0xff,
    0xff, 0xff, 0xff, 0xff, 0xdf, 0xfb, 0xf0, 0x7f, 0xff, 0xff, 0xdf, 0xf0, 0x1f, 0xc3, 0xff, 0x1f,
    0xfd, 0xff, 0xef, 0xff, 0xff, 0xff, 0xff, 0xff, 0xff, 0xff, 0xff, 0xff, 0x9f, 0xfc, 0xe1, 0xe7,
    0xff, 0x3f, 0xf8, 0xff, 0x80, 0x03, 0xf8, 0x01, 0xfe, 0x03, 0xff, 0xb9, 0xff, 0xfe, 0x7f, 0xff,
    0x9f, 0xff, 0xff, 0xff, 0xff, 0xff, 0xff, 0xff, 0xff, 0xdf, 0xfe, 0xe7, 0xff, 0xb8, 0x3f, 0x3f,
    0x1f, 0xff, 0xe7, 0xff, 0xff, 0xff, 0xff, 0xff, 0xff, 0xff, 0xff, 0xff, 0xff, 0xff, 0xff, 0xff,
    0x7f, 0xff, 0x80, 0xfc, 0x00, 0x1e, 0x00, 0x3f, 0x3f, 0x1f, 0xff, 0xe7, 0xff, 0xff, 0xff, 0xff,
    0xff, 0xff, 0xff, 0xff, 0xff, 0xff, 0xff, 0xff, 0xff, 0x7f, 0xff, 0x80, 0xfc, 0x00, 0x1e, 0x00,
    0x3f, 0x3f, 0x1f, 0xff, 0xe7, 0xff, 0xff, 0xff, 0xff, 0xff, 0xff, 0xff, 0xff, 0xff, 0xff, 0xff,
    0xff, 0xff, 0x7f, 0xff, 0x80, 0xfc, 0x00, 0x1e, 0x00, 0x3f, 0x9f, 0xfb, 0xff, 0xff, 0xff, 0xff,
    0xff, 0xff, 0xff, 0xff, 0xff, 0xfc, 0xff, 0x9f, 0xf0, 0x7f, 0xff, 0xff, 0xdf, 0xf0, 0xf3, 0xdf,
    0xfb, 0xff, 0x7f, 0xef, 0xfd, 0xff, 0xbf, 0xf7, 0xf8, 0x3f, 0x1f, 0xe3, 0xff, 0xff, 0xff, 0xff,
    0xff, 0xdf, 0xf0, 0x0f, 0xc0, 0x7f, 0xe0, 0xff, 0xe3, 0xff, 0xc7, 0xff, 0xdf, 0xff, 0xbf, 0xff,
    0x7f, 0xff, 0xff, 0xff, 0xff, 0xff, 0xff, 0xf7, 0xc1, 0xe7, 0xff, 0x87, 0xff, 0x07, 0xfc, 0x00,
    0x0f, 0xc3, 0xff, 0x3f, 0xf9, 0xff, 0xff, 0xff, 0xff, 0xff, 0xff, 0xff, 0xff, 0xff, 0xff, 0xff,
    0xbf, 0xfc, 0xe0, 0xe7, 0xff, 0x3f, 0xf8, 0xff, 0x80, 0x3f, 0x8f, 0xfb, 0xff, 0x7f, 0xff, 0xff,
    0xff, 0xff, 0xff, 0xff, 0xff, 0xfc, 0xff, 0x9f, 0xf0, 0x7f, 0xff, 0xff, 0xdf, 0xf0, 0x1f, 0xc7,
    0xff, 0xff, 0xff, 0xff, 0xff, 0xff, 0xff, 0xff, 0xff, 0xff, 0x7f, 0xf7, 0xf7, 0x7f, 0x77, 0x07,
    0x7f, 0xf7, 0xff, 0x3f, 0xe0, 0x1f, 0xc7, 0xfe, 0x7f, 0xff, 0xff, 0xff, 0xff, 0xff, 0xfc, 0xff,
    0xc7, 0xe0, 0x70, 0x07, 0x00, 0x77, 0x07, 0x7f, 0xf7, 0xff, 0x3f, 0xe0, 0x1f, 0xe0, 0xff, 0xc3,
    0xff, 0x9f, 0xfe, 0x7f, 0xff, 0xff, 0xff, 0xff, 0xff, 0xff, 0xff, 0xff, 0xff, 0xf3, 0xfb, 0x8e,
    0x0e, 0x3f, 0xf8, 0xff, 0xe1, 0xff, 0x00, 0x0f, 0x83, 0xf0, 0xff, 0x1f, 0xe7, 0xde, 0xfb, 0xdf,
    0xff, 0xff, 0xff, 0xdf, 0xfb, 0xf7, 0x71, 0xef, 0xfd, 0xff, 0x1f, 0xc0, 0x1f, 0x83, 0xfe, 0x7f,
    0xe7, 0xff, 0xf3, 0xfe, 0x07, 0xff, 0xff, 0xff, 0x7f, 0xf7, 0xc7, 0x70, 0x77, 0x07, 0x7f, 0xf7,
    0xff, 0x3f, 0xe0, 0x07, 0x07, 0xff, 0xff, 0xff, 0xff, 0xff, 0xff, 0x7f, 0xfb, 0xff, 0xdf, 0xfe,
    0x7c, 0x73, 0xfb, 0x9f, 0xdc, 0xfe, 0xe7, 0xff, 0x3f, 0xf8, 0xff, 0x80, 0x7f, 0xfc, 0xff, 0xfd,
    0xff, 0xff, 0xff, 0xff, 0xff, 0xff, 0xff, 0xff, 0xff, 0xff, 0xff, 0xff, 0xff, 0xff, 0xfd, 0xff,
    0xf3, 0xff, 0xe7, 0xff, 0x87, 0xff, 0x03, 0xf0, 0x00, 0x7f, 0xf1, 0xff, 0xf3, 0xff, 0xe7, 0xff,
    0xcf, 0xff, 0x9f, 0xff, 0xbf, 0xff, 0xff, 0xff, 0xff, 0xff, 0xff, 0xfb, 0xff, 0xe7, 0xff, 0xc7,
    0xff, 0x0f, 0xfc, 0x07, 0xf0, 0x00, 0x07, 0xf0, 0x3f, 0xe1, 0xff, 0xcf, 0xff, 0x7f, 0xff, 0xff,
    0xff, 0xfe, 0x3f, 0xe7, 0xff, 0xdf, 0xff, 0xf3, 0xff, 0x87, 0xff, 0x1f, 0xfc, 0x3f, 0xf0, 0x3f,
    0x80, 0x0f, 0xe0, 0x1f, 0xf0, 0x7f, 0xfe, 0xff, 0xff, 0xfe, 0xff, 0xfc, 0x7f, 0x3f, 0xbe, 0x7b,
    0xbc, 0x7b, 0xbc, 0x7c, 0x3c, 0x7e, 0x3c, 0x1f, 0xf8, 0x0f, 0xf8, 0x07, 0xf8, 0x03, 0xc0, 0x0f,
    0xe0, 0x7f, 0xf1, 0xff, 0xf3, 0xe3, 0xef, 0x01, 0xff, 0x9f, 0xff, 0xff, 0xff, 0xff, 0xff, 0xff,
    0xff, 0xf9, 0xff, 0xf1, 0xff, 0xc3, 0xff, 0x03, 0xfc, 0x01, 0xf0, 0x00, 0x0f, 0x3e, 0x03, 0xcf,
    0x80, 0xff, 0xe3, 0xff, 0xff, 0xff, 0xff, 0xff, 0xff, 0xff, 0xff, 0xff, 0xff, 0xff, 0xff, 0xff,
    0xcf, 0xff, 0xc1, 0xff, 0xe0, 0x3f, 0xf8, 0x0f, 0xfe, 0x03, 0xcf, 0x80, 0xf3, 0xe0, 0xf7, 0xf7,
    0xff, 0xff, 0xff, 0xff, 0xfc, 0x3f, 0xf0, 0x07, 0x70, 0x07, 0x7f, 0xf7, 0x0f, 0xf7, 0x7f, 0xf7,
    0x7f, 0xff, 0x7b, 0xef, 0x7f, 0xfe, 0x3f, 0xfe, 0x1f, 0xfc, 0x07, 0xf0, 0x1f, 0xc1, 0xff, 0x1f,
    0xfd, 0xf1, 0xff, 0x07, 0xfe, 0xff, 0xf7, 0xff, 0xbf, 0xff, 0xff, 0xff, 0xff, 0xce, 0xff, 0xf3,
    0xfe, 0x1f, 0xf0, 0x7f, 0x00, 0x1f, 0x80, 0xff, 0x03, 0xfc, 0x0e, 0x78, 0x7b, 0xe1, 0xcf, 0x87,
    0x7f, 0xdd, 0xff, 0xff, 0xff, 0xf3, 0xff, 0xcf, 0x1f, 0x38, 0x7f, 0xe0, 0xff, 0x83, 0xfc, 0x00,
    0x7f, 0x9f, 0xfb, 0xff, 0x7f, 0xef, 0xfd, 0xff, 0xbf, 0xff, 0xff, 0xff, 0xff, 0xff, 0xcf, 0xff,
    0xff, 0xff, 0xff, 0xdf, 0xf0, 0x03, 0xe1, 0xfe, 0x3f, 0xf7, 0xff, 0x79, 0xf7, 0x1f, 0x7f, 0xff,
    0xff, 0xff, 0xff, 0xc7, 0xfc, 0xf7, 0xff, 0x3f, 0xf1, 0xff, 0x0f, 0xf0, 0x3e, 0x0f, 0xc7, 0xf9,
    0xfe, 0x7f, 0x9f, 0xe7, 0xf9, 0xce, 0x7f, 0xff, 0xff, 0xff, 0xff, 0xff, 0xff, 0xf7, 0xfc, 0x00,
    0x7e, 0x01, 0xfc, 0x03, 0xfb, 0xc7, 0xff, 0xcf, 0xff, 0xff, 0xbf, 0xfc, 0x7f, 0xf8, 0xff, 0xe1,
    0xff, 0x80, 0xff, 0x03, 0xfe, 0x0f, 0xf8, 0x1e, 0xf0, 0x39, 0xc0, 0x00, 0x07, 0xf0, 0xff, 0xff,
    0xff, 0xff, 0xff, 0xbf, 0xff, 0xff, 0xff, 0xff, 0xff, 0xff, 0xff, 0x7f, 0xff, 0xff, 0xff, 0xff,
    0x7f, 0xff, 0x7c, 0x1e, 0x1f, 0xfc, 0x1f, 0xfc, 0x0f, 0xf8, 0x00, 0x0f, 0x83, 0xff, 0xc7, 0xff,
    0xe7, 0xff, 0xf3, 0xc7, 0xf9, 0xff, 0xfd, 0xff, 0xfc, 0xff, 0xf8, 0x7f, 0xfe, 0x7f, 0x7f, 0x3f,
    0xbf, 0x9f, 0x07, 0xc7, 0xff, 0xe3, 0xff, 0xc0, 0x7f, 0xc0, 0x7f, 0x7f, 0xff, 0xff, 0xff, 0xff,
    0xf9, 0xfc, 0xfe, 0x7f, 0x7f, 0xbf, 0xff, 0xff, 0xff, 0xf9, 0xf8, 0x01, 0xf8, 0x1f, 0xc1, 0xfe,
    0x1f, 0xf3, 0xff, 0x9f, 0xf8, 0xff, 0x8f, 0xf8, 0xff, 0x87, 0xfc, 0x3f, 0x00, 0xf0, 0x00, 0x3e,
    0x00, 0x7f, 0x80, 0xff, 0xc0, 0xf7, 0xe0, 0xe1, 0xf0, 0xf0, 0xf8, 0xf9, 0xfc, 0x7f, 0xfe, 0x3f,
    0xfe, 0x1f, 0xff, 0x0f, 0xff, 0x07, 0xff, 0x03, 0xff, 0x01, 0xff, 0x00, 0xfe, 0x07, 0xfc, 0x1f,
    0xf8, 0x3f, 0xf8, 0xff, 0xf7, 0xff, 0xff, 0xbf, 0xfc, 0xff, 0xf7, 0xff, 0xff, 0xef, 0xff, 0xff,
    0xff, 0xff, 0xff, 0xef, 0xff, 0xdf, 0xfe, 0x1f, 0xf8, 0x00, 0xff, 0xff, 0x7f, 0xff, 0xff, 0xff,
    0xff, 0xff, 0xff, 0xff, 0xff, 0xff, 0xff, 0xff, 0xff, 0xff, 0xff, 0xff, 0xff, 0xfd, 0xef, 0xff,
    0xff, 0xff, 0xff, 0xff, 0xff, 0xf0, 0x1f, 0xc1, 0xfe, 0x0f, 0xf0, 0x7f, 0x87, 0xfe, 0x3f, 0xfb,
    0xff, 0xdf, 0x3f, 0xf8, 0xff, 0xc7, 0xff, 0xfd, 0xff, 0xe7, 0xff, 0x1f, 0xf0, 0x7e, 0x00, 0x0f,
    0xf8, 0x1f, 0xfe, 0x1f, 0xff, 0x8f, 0x87, 0xef, 0xff, 0xf7, 0xff, 0xff, 0xff, 0xff, 0xff, 0xff,
    0x7f, 0xff, 0x1f, 0xff, 0x01, 0xff, 0x00, 0xff, 0x00, 0x7f, 0x00, 0x3f, 0x00, 0x0f, 0x00, 0x07,
    0xf8, 0x03, 0xff, 0x00, 0xff, 0xc0, 0x3b, 0xf0, 0x0f, 0x3c, 0x01, 0xff, 0x01, 0xff, 0xe0, 0xff,
    0xfe, 0x7f, 0xff, 0xdf, 0xff, 0xff, 0xff, 0xff, 0x8f, 0xc7, 0xfb, 0xfb, 0xfe, 0xfe, 0xf7, 0xbf,
    0xb8, 0x00, 0x70, 0xfb, 0xe3, 0xff, 0x8f, 0xfe, 0x3f, 0xf9, 0xff, 0xef, 0xff, 0xff, 0xff, 0xff,
    0xff, 0xff, 0xef, 0xff, 0xc3, 0xff, 0x0f, 0xfc, 0x00, 0xf0, 0x01, 0xc0, 0x07, 0xfc, 0x03, 0xff,
    0x00, 0xff, 0xc0, 0x3b, 0xf0, 0x0f, 0x1c, 0x03, 0xef, 0x01, 0xff, 0xf0, 0x7f, 0xfe, 0x7f, 0xff,
    0xdd, 0xff, 0xff, 0x7f, 0xff, 0x9f, 0xff, 0xff, 0xff, 0xff, 0xff, 0xf7, 0xff, 0xf8, 0x0e, 0x38,
    0x1f, 0x3e, 0x1f, 0xbe, 0x3f, 0xbe, 0x3f, 0xfe, 0x3f, 0xfc, 0x7f, 0xfe, 0xff, 0xff, 0xff, 0xff,
    0xff, 0xff, 0xff, 0xff, 0xff, 0xff, 0xff, 0xff, 0xff, 0xff, 0xff, 0xff, 0xff, 0xe0, 0x70, 0x1c,
    0xf0, 0x7f, 0xf8, 0x7f, 0xff, 0xff, 0xff, 0xfe, 0xff, 0xfe, 0xfb, 0x9c, 0x78, 0x1c, 0x78, 0x3c,
    0x3c, 0x7e, 0x7e, 0xfe, 0xff, 0xfe, 0xff, 0xfe, 0xff, 0xfe, 0x73, 0x9c, 0x3f, 0x7e, 0x3f, 0xff,
    0xbf, 0xff, 0xfe, 0x7c, 0xfe, 0x7e, 0x3f, 0x3e, 0x1f, 0xdf, 0x9f, 0xef, 0xcf, 0x7b, 0xef, 0x3f,
    0xff, 0x8f, 0xff, 0x83, 0xff, 0x80, 0xff, 0x80, 0x3f, 0x80, 0x0f, 0x80, 0x00, 0xfe, 0x01, 0xff,
    0x01, 0xff, 0x3d, 0xcf, 0x7f, 0xff, 0xff, 0x7e, 0xff, 0xfe, 0xe7, 0xfc, 0xe7, 0xf0, 0xe0, 0x70,
    0xf0, 0xf0, 0xf1, 0xf0, 0x7f, 0xe0, 0x7f, 0xc0, 0x7f, 0x00, 0x3e, 0x7e, 0x3f, 0x7f, 0xbf, 0xff,
    0xff, 0xff, 0xff, 0xff, 0xff, 0xc7, 0xff, 0xfb, 0x9f, 0xfe, 0x7e, 0x7f, 0x3f, 0x3f, 0x9f, 0x0f,
    0xcf, 0x83, 0xef, 0x80, 0xff, 0x80, 0x3f, 0x80, 0x0f, 0x00, 0x3f, 0xfc, 0x7f, 0xfc, 0x7f, 0xff,
    0xff, 0xff, 0xff, 0xff, 0xff, 0xff, 0xff, 0xff, 0x7f, 0xff, 0x7c, 0x1f, 0x3c, 0x3e, 0x3e, 0x7c,
    0x1f, 0xf8, 0x0f, 0xf0, 0x07, 0xe0, 0x03, 0xc0, 0xf0, 0x03, 0xc0, 0x0f, 0xff, 0xbf, 0xff, 0x7f,
    0xfd, 0xfe, 0x77, 0xc1, 0xde, 0xff, 0x3f, 0xf8, 0xff, 0xe1, 0xff, 0xc3, 0xff, 0x07, 0xfc, 0x0f,
    0xf0, 0x03, 0x80, 0x3f, 0x7e, 0x7f, 0xff, 0xff, 0xff, 0xff, 0xff, 0xff, 0xff, 0xff, 0xff, 0xff,
    0xff, 0xff, 0xff, 0x7f, 0xff, 0x7f, 0xfe, 0x3f, 0xfc, 0x1f, 0xf8, 0x0f, 0xf0, 0x07, 0xe0, 0x03,
    0xc0, 0x3f, 0x7e, 0x3f, 0xff, 0xbf, 0xff, 0xff, 0xff, 0xff, 0xff, 0xff, 0xff, 0xff, 0xff, 0xff,
    0xff, 0xff, 0x7f, 0xff, 0x3f, 0xff, 0x8f, 0xff, 0x83, 0xff, 0x80, 0xff, 0x80, 0x3f, 0x80, 0x0f,
    0x80, 0x3f, 0x7e, 0x7f, 0xff, 0xff, 0xff, 0xf7, 0xef, 0xe1, 0xc7, 0xe0, 0x07, 0xfc, 0x07, 0xfc,
    0x0f, 0x7c, 0x1f, 0x7c, 0x3e, 0x3e, 0x7c, 0x1f, 0xf8, 0x0f, 0xf0, 0x07, 0xe0, 0x03, 0xc0, 0x3f,
    0x7e, 0x3f, 0xff, 0xbf, 0xff, 0xff, 0xff, 0xff, 0xff, 0xff, 0xff, 0xff, 0xff, 0xff, 0xff, 0xff,
    0x7f, 0xff, 0x3f, 0xff, 0x0f, 0xff, 0x83, 0xff, 0x80, 0xff, 0x80, 0x3f, 0x80, 0x0f, 0x00, 0x3f,
    0x7e, 0x3f, 0xff, 0xbf, 0xff, 0xfe, 0xfc, 0xff, 0xfc, 0x3f, 0xff, 0xff, 0xff, 0xff, 0xff, 0xff,
    0xff, 0xff, 0x3f, 0xcf, 0x8f, 0xef, 0x87, 0xef, 0x80, 0xff, 0x80, 0x3f, 0x80, 0x0f, 0x80, 0x07,
    0xff, 0x1f, 0xff, 0x3f, 0xff, 0x3f, 0xe7, 0x7f, 0xf7, 0x7f, 0xff, 0xff, 0xff, 0xff, 0xff, 0xfe,
    0xfe, 0xf1, 0xfe, 0xf9, 0xfe, 0x7d, 0xfc, 0x3f, 0xf8, 0x1f, 0xf0, 0x0e, 0x00, 0xff, 0xff, 0xff,
    0xff, 0xff, 0xff, 0xff, 0xff, 0xff, 0xfe, 0x73, 0xfc, 0x07, 0xfc, 0x1f, 0xfc, 0x7f, 0xfd, 0xff,
    0xff, 0xff, 0xff, 0xff, 0xff, 0xff, 0xff, 0xff, 0xff, 0x80, 0x03, 0x80, 0x0f, 0x80, 0x3f, 0x80,
    0xff, 0x83, 0xff, 0x8f, 0xff, 0xbf, 0xff, 0xff, 0xff, 0xff, 0xfe, 0xff, 0xf8, 0xff, 0xe0, 0xff,
    0x80, 0xfe, 0x00, 0xf8, 0x00, 0xe0, 0x00, 0x3f, 0x0f, 0xfb, 0xff, 0xff, 0xff, 0xff, 0xff, 0xff,
    0xff, 0xff, 0x73, 0xcf, 0xf9, 0xff, 0x1f, 0xc3, 0xf8, 0x7f, 0x07, 0xc0, 0x38, 0x38, 0x78, 0xf3,
    0xff, 0xff, 0xff, 0xff, 0xff, 0xef, 0xff, 0x8f, 0x1e, 0x1e, 0x3c, 0x3c, 0x78, 0xff, 0xfb, 0xff,
    0xff, 0xff, 0xff, 0xff, 0xe7, 0x8f, 0x0e, 0x0e, 0x00, 0x01, 0xe0, 0x1f, 0x00, 0xfe, 0x7f, 0xf7,
    0xff, 0xbf, 0xff, 0xff, 0xff, 0xfe, 0xff, 0xf7, 0xff, 0x3f, 0xf9, 0xff, 0xc7, 0xfc, 0x1f, 0xc0,
    0x03, 0xe0, 0x0f, 0xc0, 0x1f, 0x80, 0x3f, 0xf3, 0xff, 0xff, 0xff, 0xff, 0xff, 0xff, 0xff, 0x3f,
    0x3e, 0x7e, 0x00, 0xfc, 0x01, 0xf0, 0x00, 0xe3, 0x9d, 0xf7, 0x7b, 0xff, 0xf3, 0xff, 0xe7, 0xff,
    0xff, 0xff, 0xff, 0xff, 0xff, 0xfe, 0x7f, 0xfc, 0xff, 0xf9, 0xff, 0xf3, 0xff, 0xe1, 0xff, 0xc3,
    0xbb, 0x80, 0x07, 0xf8, 0x1f, 0xf8, 0x3f, 0xf9, 0xff, 0xf3, 0xfb, 0xe7, 0xfb, 0xdf, 0xff, 0xbf,
    0xff, 0xff, 0xfd, 0xff, 0xff, 0xbf, 0xff, 0xff, 0xff, 0xff, 0xef, 0xff, 0xcf, 0x1f, 0x00, 0x0e,
    0x03, 0xe0, 0x7c, 0x1f, 0xc7, 0xf8, 0xf7, 0xbc, 0x77, 0x8f, 0xe0, 0xff, 0x1f, 0xf3, 0xfe, 0xff,
    0xfc, 0xff, 0x8f, 0xe0, 0x00, 0xf8, 0x3f, 0xfe, 0x1f, 0xff, 0x8f, 0xfb, 0xc7, 0xfc, 0xf7, 0xfe,
    0xff, 0xff, 0x7f, 0xff, 0x3f, 0xff, 0xc3, 0xff, 0xe7, 0xff, 0xf7, 0xcf, 0xfb, 0xe7, 0xff, 0xe3,
    0xff, 0xe0, 0x03, 0xe0, 0x07, 0x80, 0x1f, 0x00, 0x3f, 0x80, 0xff, 0x83, 0xff, 0x07, 0xff, 0x0f,
    0xff, 0x3f, 0xff, 0xff, 0xff, 0xff, 0xff, 0xff, 0xff, 0xff, 0xff, 0xff, 0xef, 0xff, 0x87, 0xfc,
    0x00, 0x0f, 0x80, 0x3f, 0x80, 0xff, 0x03, 0xfe, 0x07, 0xfc, 0x1f, 0xf0, 0x3f, 0x7e, 0x7e, 0xfe,
    0xff, 0xff, 0xfc, 0x3c, 0x7c, 0xff, 0x3f, 0xff, 0xff, 0xff, 0xbf, 0x9f, 0x3e, 0x00, 0x3e, 0x00,
    0xff, 0x01, 0xff, 0x03, 0xbf, 0x00, 0xff, 0x0f, 0xff, 0x1f, 0xdf, 0x3f, 0xde, 0xf7, 0xdf, 0xff,
    0xbf, 0xff, 0xff, 0xff, 0xf1, 0xff, 0xe1, 0xff, 0xc0, 0x3f, 0x00, 0x0f, 0xe0, 0xff, 0xc7, 0xff,
    0xbe, 0x1f, 0xff, 0xff, 0xff, 0xff, 0xff, 0xfe, 0x1f, 0x7f, 0xf9, 0xff, 0xe3, 0xfe, 0x0f, 0x80,
    0x3c, 0x00, 0x0f, 0xfc, 0x1f, 0xfe, 0x1f, 0xff, 0x1c, 0x0f, 0x1c, 0x07, 0x3c, 0x07, 0x38, 0x07,
    0x3c, 0x0f, 0x1f, 0x1f, 0x1f, 0xfe, 0x1f, 0xfc, 0xff, 0xf8, 0xfe, 0x00, 0xf8, 0x00, 0x70, 0x00,
    0x07, 0xe0, 0x3f, 0xf0, 0xff, 0xf3, 0xff, 0xf7, 0xe7, 0xfe, 0xfd, 0xfd, 0xfb, 0xff, 0xff, 0x78,
    0x1e, 0xf0, 0x3d, 0xe0, 0x7b, 0xff, 0xf3, 0xff, 0xc3, 0xff, 0x03, 0xfc, 0x00, 0x3f, 0xfd, 0xff,
    0xfb, 0xff, 0xff, 0xff, 0xf7, 0xff, 0xef, 0xff, 0xbf, 0xff, 0x7f, 0xfe, 0xff, 0xfd, 0xff, 0xf3,
    0xff, 0xe1, 0xff, 0xcf, 0xff, 0x9f, 0xf0, 0x3e, 0x00, 0x00, 0x03, 0xf8, 0x0f, 0xe0, 0x3f, 0x80,
    0xfe, 0x1f, 0xf8, 0xff, 0xe7, 0xff, 0x1f, 0xfe, 0xf7, 0xff, 0xbe, 0xfe, 0xf9, 0xff, 0xef, 0xff,
    0xfd, 0xff, 0xe1, 0xff, 0x00, 0x03, 0xf1, 0xff, 0xf7, 0xff, 0xdf, 0x9f, 0x7e, 0x7d, 0xfb, 0xff,
    0xef, 0xff, 0xbf, 0xfe, 0xfc, 0xf3, 0xf3, 0xef, 0xcf, 0xbf, 0x3f, 0xf8, 0xff, 0x00, 0xfc, 0x00,
    0x1c, 0x3f, 0xbf, 0xff, 0xff, 0xff, 0xf3, 0xfd, 0xff, 0x7f, 0xff, 0xff, 0xff, 0xff, 0xf1, 0xf0,
    0x70, 0x7f, 0xff, 0x7f, 0xff, 0xbf, 0xff, 0xdf, 0xff, 0xff, 0xff, 0xff, 0xff, 0xff, 0xff, 0xfd,
    0xff, 0xfc, 0xff, 0xfe, 0x7f, 0xff, 0x3f, 0xff, 0xdf, 0xff, 0xe7, 0xff, 0xf0, 0xff, 0xff, 0xff,
    0xff, 0xff, 0xff, 0xff, 0xee, 0xef, 0xf7, 0x77, 0xfb, 0xbb, 0xfd, 0xfd, 0xfe, 0xfe, 0xff, 0x7f,
    0xff, 0xbf, 0xff, 0xff, 0xff, 0xff, 0xff, 0xff, 0xf8, 0xff, 0xff, 0xff, 0xff, 0xff, 0xff, 0xff,
    0xee, 0xef, 0xf7, 0x77, 0xfb, 0xbb, 0xbd, 0xdd, 0xde, 0xee, 0xff, 0x7f, 0xff, 0xbf, 0xff, 0xff,
    0xff, 0xff, 0xff, 0xff, 0xf8, 0xff, 0xff, 0xff, 0xff, 0xff, 0xff, 0xff, 0xee, 0xef, 0xf7, 0x77,
    0xfb, 0xbb, 0xfd, 0xfd, 0xfe, 0xfe, 0xff, 0x7f, 0xff, 0xbf, 0xff, 0xff, 0xff, 0xff, 0xff, 0xff,
    0xf8, 0xff, 0xff, 0xff, 0xff, 0xff, 0xff, 0xff, 0xee, 0xef, 0xe7, 0x77, 0xfb, 0xbb, 0xfd, 0xfd,
    0xfe, 0xfe, 0xff, 0x7f, 0xff, 0xbf, 0xff, 0xff, 0xff, 0xff, 0xff, 0xff, 0xf8, 0x1f, 0x78, 0x1f,
    0xfe, 0x3f, 0xff, 0xdf, 0xff, 0xff, 0xfe, 0xf9, 0xff, 0xfc, 0x7f, 0xfe, 0x7f, 0xff, 0x3f, 0xff,
    0x9f, 0xff, 0xcf, 0xff, 0xe3, 0xff, 0xf0, 0xff, 0xf8, 0x3f, 0x3c, 0x0f, 0x00, 0xff, 0xff, 0xff,
    0xff, 0xff, 0xff, 0xff, 0xff, 0xff, 0xff, 0xff, 0xff, 0xff, 0xff, 0xff, 0xff, 0xff, 0xff, 0xff,
    0xff, 0xff, 0xff, 0xff, 0xff, 0xff, 0xff, 0xff, 0xff, 0x80, 0xff, 0x0f, 0xf0, 0xff, 0x0f, 0xf0,
    0xff, 0x0f, 0xff, 0xfb, 0xff, 0xff, 0xff, 0xff, 0xff, 0x7f, 0xf7, 0xff, 0x3f, 0xf3, 0xe0, 0x3e,
    0x00, 0x00, 0x0e, 0x0f, 0xff, 0x07, 0xff, 0x83, 0xff, 0xc1, 0xff, 0xe0, 0xff, 0xf0, 0x7f, 0xf8,
    0xff, 0xfc, 0x7f, 0xff, 0x7f, 0xff, 0xff, 0xff, 0xff, 0xff, 0xff, 0xff, 0xf8, 0x07, 0xe0, 0x03,
    0xf8, 0x1f, 0xff, 0xdf, 0xff, 0xff, 0xff, 0xff, 0x00, 0x1f, 0xcf, 0x9f, 0xff, 0xff, 0xff, 0xff,
    0xff, 0xff, 0xf8, 0xf8, 0xfc, 0x7c, 0x7f, 0xff, 0xff, 0xff, 0xfd, 0xff, 0xfc, 0x7f, 0xff, 0xff,
    0xff, 0xff, 0xff, 0xfc, 0x3f, 0xff, 0xdf, 0xf7, 0xcf, 0xef, 0xff, 0xef, 0xff, 0xef, 0xff, 0xff,
    0xff, 0xff, 0xff, 0xff, 0xff, 0xff, 0xff, 0xff, 0xff, 0x7f, 0xff, 0xff, 0xfd, 0xff, 0xfb, 0xff,
    0xff, 0x8f, 0xff, 0x1f, 0xff, 0xff, 0xff, 0xff, 0xff, 0xff, 0xff, 0xff, 0xff, 0xff, 0xff, 0xff,
    0xff, 0xff, 0xff, 0xff, 0xff, 0xff, 0xff, 0x80, 0x0f, 0xf0, 0x1f, 0xf8, 0x3f, 0xfc, 0x7f, 0x3e,
    0x7f, 0xde, 0xff, 0xef, 0xef, 0xe7, 0xe7, 0xe7, 0xe7, 0xe7, 0xf7, 0xff, 0x7b, 0xfe, 0x7c, 0xfe,
    0x3f, 0xfc, 0x1f, 0xf8, 0x0f, 0xf0, 0x0f, 0xe0, 0x7f, 0xf1, 0xff, 0xf3, 0xff, 0xef, 0xff, 0xff,
    0xff, 0xff, 0xff, 0xff, 0xff, 0xff, 0xff, 0xff, 0xff, 0xff, 0xfb, 0xff, 0xe7, 0xff, 0xc7, 0xff,
    0x03, 0xf8, 0x00, 0x3e, 0x3e, 0x7f, 0xff, 0xff, 0xff, 0xf7, 0xff, 0xe7, 0xff, 0xff, 0x07, 0xff,
    0x07, 0xf8, 0x07, 0xf0, 0x07, 0xf0, 0x0e, 0xf0, 0x7e, 0xf7, 0xfe, 0xff, 0xfc, 0xff, 0xc0, 0xf8,
    0x00, 0x3e, 0x3c, 0x3f, 0xfe, 0x3f, 0xff, 0x1e, 0xfb, 0xfe, 0x1f, 0xff, 0x0f, 0xff, 0xbf, 0x9f,
    0xff, 0x8e, 0xff, 0x8f, 0x7e, 0x07, 0x3e, 0x1f, 0x9f, 0xff, 0xcf, 0xff, 0xc7, 0xfc, 0x03, 0xe0,
    0x00, 0xff, 0xfb, 0xff, 0xef, 0xff, 0xbf, 0xfe, 0xff, 0xfb, 0xff, 0xef, 0xff, 0xbf, 0xfe, 0xff,
    0x3b, 0xfc, 0xef, 0xff, 0xff, 0xff, 0xff, 0xff, 0xff, 0xf7, 0xff, 0xc0, 0xff, 0xe7, 0xff, 0xbf,
    0xfd, 0xc3, 0xff, 0xff, 0xff, 0xff, 0xff, 0xff, 0xff, 0xff, 0xff, 0xff, 0xff, 0x9f, 0xfc, 0xff,
    0xff, 0xff, 0xff, 0xff, 0xe0, 0xff, 0xff, 0xff, 0xff, 0xff, 0xff, 0xff, 0xff, 0xff, 0xff, 0xff,
    0xff, 0xff, 0xf7, 0xf7, 0xef, 0xef, 0xdd, 0xdf, 0xff, 0xbf, 0xfe, 0x7f, 0xff, 0xff, 0xff, 0xff,
    0xff, 0x80, 0xff, 0xfe, 0xff, 0xff, 0xff, 0xff, 0xff, 0xff, 0xff, 0xff, 0xff, 0xff, 0xff, 0xff,
    0xee, 0xef, 0xef, 0xef, 0xef, 0xff, 0xef, 0xff, 0xff, 0xff, 0xff, 0xff, 0xff, 0xff, 0x3f, 0xff,
    0x1c, 0x1c, 0x0f, 0xfe, 0x07, 0xff, 0x03, 0xff, 0x83, 0xfd, 0xe3, 0xfe, 0xf9, 0xff, 0xfc, 0xff,
    0xfe, 0x7f, 0xff, 0x7f, 0xff, 0xff, 0xff, 0xff, 0xff, 0xff, 0xff, 0xff, 0xff, 0xff, 0xe0, 0x3e,
    0xff, 0xff, 0xff, 0xff, 0xff, 0xff, 0xff, 0xff, 0xff, 0xff, 0xff, 0xff, 0xff, 0xff, 0xff, 0xff,
    0xff, 0xff, 0xff, 0xff, 0xff, 0xff, 0xff, 0xff, 0xff, 0xff, 0xff, 0xff, 0xff, 0xff, 0xff, 0xff,
    0xff, 0xff, 0xff, 0xff, 0xff, 0xff, 0xff, 0xff, 0xff, 0xff, 0xff, 0xff, 0xff, 0xff, 0xff, 0xff,
    0xff, 0xff, 0xff, 0xff, 0xff, 0xff, 0xff, 0xff, 0xff, 0xff, 0xff, 0xff, 0xff, 0xff, 0xff, 0xff,
    0xff, 0xff, 0xff, 0xff, 0xff, 0xff, 0xff, 0xff, 0xff, 0xff, 0xff, 0xff, 0xff, 0xff, 0xff, 0xff,
    0xff, 0xff, 0xff, 0xff, 0xff, 0xff, 0xff, 0xff, 0xff, 0xff, 0x0f, 0x01, 0xf8, 0xff, 0xff, 0xff,
    0xff, 0xff, 0xff, 0xff, 0xff, 0xff, 0xff, 0xff, 0xff, 0xfe, 0x7f, 0xe7, 0xff, 0xff, 0xff, 0xff,
    0xf0, 0x00, 0xf0, 0x03, 0xf0, 0x0f, 0xf0, 0x1f, 0xf1, 0xff, 0xe7, 0xff, 0xcf, 0xff, 0x9e, 0x7e,
    0x1e, 0xf8, 0x7f, 0xc1, 0xff, 0x87, 0xff, 0x0f, 0xdc, 0x1f, 0x00, 0x3c, 0x00, 0x00, 0x3e, 0x3f,
    0xbf, 0xff, 0xff, 0xff, 0xff, 0xfe, 0xfe, 0x3e, 0x1c, 0x0e, 0x07, 0x83, 0xc0, 0xe0, 0x70, 0x38,
    0x7e, 0x00, 0xff, 0xc0, 0xff, 0xe0, 0xff, 0xf0, 0xff, 0xf8, 0xff, 0xfc, 0xff, 0xfc, 0x7f, 0xff,
    0x3f, 0xff, 0x1f, 0xff, 0x0f, 0xff, 0x07, 0xff, 0x03, 0xff, 0x01, 0xff, 0x00, 0x7c, 0x38, 0x00,
    0xf8, 0x03, 0xf8, 0x07, 0xf8, 0x0f, 0xf8, 0x1f, 0xf8, 0x1f, 0xf8, 0x1f, 0xf8, 0x1f, 0xf8, 0x1f,
    0xf8, 0x1f, 0xf8, 0x1f, 0xf0, 0x1f, 0xe0, 0x1f, 0x80, 0x1e, 0x00, 0xe0, 0x01, 0xe0, 0x03, 0xe0,
    0x07, 0xe0, 0x0f, 0xe0, 0x1f, 0xe0, 0x3f, 0xe0, 0x7f, 0xe0, 0xff, 0xe1, 0xff, 0xe3, 0xff, 0xe7,
    0xfb, 0xef, 0xff, 0xff, 0xff, 0xff, 0xff, 0x80, 0xff, 0xf3, 0xff, 0xef, 0xff, 0xf8, 0x3f, 0xe0,
    0xff, 0xff, 0xff, 0xff, 0xff, 0xff, 0xff, 0xff, 0xff, 0xfe, 0x07, 0xff, 0xff, 0xff, 0xfd, 0xff,
    0xe3, 0xff, 0x80, 0x00, 0x3d, 0xe0, 0xff, 0x83, 0xfe, 0x0f, 0xf8, 0x3f, 0xe0, 0xff, 0x83, 0xfe,
    0x0f, 0xf8, 0x3f, 0xe0, 0xff, 0x83, 0xfe, 0x0f, 0xff, 0xfd, 0xff, 0xf3, 0xff, 0xc0, 0x7f, 0xf9,
    0xff, 0xf7, 0xff, 0xdf, 0xff, 0x7f, 0xfd, 0xff, 0xf7, 0xff, 0xde, 0x1f, 0x78, 0x7d, 0xe1, 0xf7,
    0x87, 0xff, 0xff, 0xff, 0xff, 0xff, 0xf7, 0xff, 0xc0, 0x7f, 0xf9, 0xff, 0xf7, 0xff, 0xdf, 0xff,
    0x7f, 0xfd, 0xff, 0xf7, 0xff, 0xdf, 0xef, 0x78, 0x3d, 0xe0, 0xf7, 0x83, 0xff, 0xff, 0xff, 0xff,
    0xff, 0xf7, 0xff, 0xc0, 0x7f, 0xfd, 0xff, 0xf7, 0xff, 0xdf, 0xff, 0x7f, 0xfd, 0xff, 0xf7, 0xff,
    0xdf, 0xff, 0x7f, 0xfd, 0xff, 0xf7, 0xff, 0xff, 0xff, 0xff, 0xff, 0xff, 0xf7, 0xff, 0xc0, 0x7f,
    0xff, 0x7f, 0xff, 0xff, 0xff, 0xff, 0xff, 0xff, 0xdd, 0xff, 0xee, 0xff, 0xff, 0xff, 0xdf, 0xff,
    0xff, 0xff, 0xff, 0xff, 0xff, 0xff, 0xff, 0xff, 0xff, 0xff, 0xff, 0x0e, 0x3c, 0x7f, 0xfd, 0xff,
    0xf7, 0xff, 0xdf, 0xff, 0x7f, 0xf9, 0xff, 0xe7, 0xff, 0x9f, 0xfe, 0x7f, 0xf9, 0xff, 0xe7, 0xff,
    0xbf, 0xff, 0xff, 0xff, 0xff, 0xf7, 0xff, 0xc0, 0x7f, 0xfd, 0xff, 0xf7, 0xff, 0xdf, 0xff, 0x7f,
    0xf9, 0xff, 0xe7, 0xff, 0x9f, 0xfe, 0x7f, 0xf9, 0xff, 0xe7, 0xff, 0xbf, 0xff, 0xff, 0xff, 0xff,
    0xf7, 0xff, 0xc0, 0x7f, 0xfd, 0xff, 0xf7, 0xff, 0xdf, 0xff, 0x7f, 0xf9, 0xff, 0xe7, 0xff, 0x9f,
    0xfe, 0x7f, 0xf9, 0xff, 0xe7, 0xff, 0xbf, 0xff, 0xff, 0xff, 0xff, 0xf7, 0xff, 0xc0, 0x0f, 0x00,
    0x7f, 0xc0, 0xff, 0xf0, 0xfb, 0xfc, 0xfc, 0xfc, 0xff, 0xfe, 0xff, 0xfe, 0xff, 0xfe, 0xff, 0xfe,
    0xff, 0xff, 0xff, 0xff, 0xff, 0xff, 0x3f, 0xfe, 0x01, 0xf8, 0x01, 0xe0, 0x3b, 0xb8, 0x7f, 0xf1,
    0xff, 0xf3, 0xff, 0xef, 0xff, 0xff, 0xff, 0xff, 0xff, 0xff, 0xff, 0xf0, 0x1f, 0xff, 0xff, 0xff,
    0xff, 0xff, 0xf7, 0xff, 0xc7, 0xff, 0x03, 0xf8, 0x00, 0x7f, 0xfc, 0xff, 0xfc, 0xff, 0xfc, 0xff,
    0xf0, 0x7f, 0xf0, 0x3f, 0xf0, 0x1f, 0xf0, 0x1f, 0xf0, 0x1f, 0xf0, 0x1f, 0xfe, 0x3f, 0xff, 0x3f,
    0x1f, 0x3f, 0xff, 0x3f, 0xff, 0x1f, 0xfe, 0xff, 0xf8, 0xff, 0xfe, 0xff, 0xff, 0xee, 0x7f, 0xfe,
    0x7f, 0xfe, 0xff, 0xff, 0xfe, 0xff, 0xfc, 0xff, 0xfc, 0xff, 0xf8, 0xe7, 0xf8, 0xe7, 0xf8, 0xff,
    0xf8, 0xff, 0xf8, 0xff, 0xf8, 0x7e, 0x00, 0x7e, 0x00, 0xff, 0x00, 0xff, 0x00, 0xef, 0x00, 0xfe,
    0x00, 0x7f, 0x00, 0x7f, 0x00, 0x7f, 0xfc, 0x3f, 0xfe, 0x1f, 0xff, 0x0f, 0xff, 0x07, 0xff, 0x03,
    0xfe, 0x00, 0xfc, 0x7f, 0xfe, 0xff, 0xff, 0xff, 0xff, 0xff, 0xff, 0xff, 0xff, 0xff, 0xff, 0xff,
    0xff, 0xff, 0xff, 0xff, 0xff, 0xff, 0xff, 0x7f, 0xfe, 0x0f, 0xf8, 0x0f, 0xf8, 0x0f, 0xfc, 0x3e,
    0x1c, 0x7e, 0x1c, 0x7f, 0xff, 0x7f, 0xe7, 0xff, 0xe7, 0xfe, 0x07, 0xfe, 0x07, 0xfe, 0x07, 0xfe,
    0x07, 0xff, 0xff, 0xff, 0xff, 0xff, 0xff, 0xfc, 0x01, 0xfe, 0xe3, 0xff, 0xc7, 0xff, 0x8f, 0xff,
    0x1f, 0xff, 0x1f, 0xff, 0x3f, 0xfe, 0x3f, 0xfe, 0x7f, 0xfc, 0x7f, 0xf9, 0xff, 0xe3, 0xff, 0x07,
    0xfe, 0x0f, 0xf8, 0x00, 0x00, 0x3e, 0x00, 0x7e, 0x3f, 0xff, 0x7f, 0xff, 0xff, 0xff, 0xfe, 0x7f,
    0xfc, 0x7f, 0xfc, 0x7f, 0xff, 0xff, 0x7f, 0xff, 0x7f, 0xff, 0x3f, 0xff, 0x1f, 0xbe, 0x1f, 0x9c,
    0x0f, 0x80, 0x00, 0x7c, 0x00, 0x7f, 0x00, 0x7f, 0xc0, 0x7f, 0xe0, 0x7f, 0xf8, 0xff, 0xfd, 0xff,
    0xff, 0xff, 0x7f, 0xff, 0x3f, 0xff, 0x0f, 0xff, 0xff, 0xff, 0xff, 0xf7, 0xff, 0xf1, 0xff, 0xc0,
    0x0f, 0xe0, 0x03, 0x80, 0x0f, 0x80, 0x3f, 0x80, 0x7f, 0x07, 0xff, 0x8f, 0xff, 0xbf, 0xff, 0x7b,
    0xef, 0xfc, 0x7f, 0xff, 0xff, 0xff, 0xff, 0x7f, 0x7f, 0xff, 0xff, 0xff, 0xff, 0xff, 0x80, 0x07,
    0xc0, 0x0f, 0x80, 0x1f, 0x00, 0x7f, 0x07, 0xff, 0x8f, 0xff, 0xbf, 0xff, 0x79, 0xcf, 0xfc, 0x7f,
    0xff, 0xff, 0xff, 0xff, 0x7f, 0x7f, 0xff, 0xff, 0xff, 0xff, 0xff, 0x80, 0x0f, 0xc0, 0x3f, 0xe1,
    0xff, 0xf7, 0xff, 0xff, 0xff, 0xff, 0xff, 0xff, 0xff, 0xf7, 0xff, 0xfb, 0xff, 0xff, 0xff, 0xfe,
    0xff, 0xff, 0xf7, 0xff, 0xc3, 0xfe, 0x01, 0xf0, 0x00, 0xff, 0xff, 0xff, 0xff, 0xff, 0xff, 0xff,
    0xff, 0xff, 0xff, 0xff, 0xff, 0xff, 0xff, 0xff, 0xff, 0xff, 0xfb, 0xff, 0xfd, 0xf7, 0xff, 0xff,
    0xff, 0xff, 0xff, 0xff, 0xf8, 0xff, 0xff, 0xff, 0xff, 0xff, 0xff, 0xff, 0x7f, 0xff, 0xff, 0xff,
    0xff, 0x7f, 0xff, 0x7c, 0x1e, 0x7f, 0xfe, 0x7f, 0xfe, 0x7f, 0xfc, 0x07, 0x80, 0x1e, 0x00, 0xfc,
    0x03, 0xf0, 0x0f, 0xc3, 0xff, 0xff, 0xff, 0xff, 0xff, 0xff, 0xff, 0xff, 0xff, 0xff, 0xff, 0xff,
    0xff, 0xff, 0xff, 0xff, 0xff, 0xc0, 0x3f, 0xfc, 0x7f, 0xfe, 0xff, 0xff, 0xff, 0xff, 0xff, 0xff,
    0xff, 0xff, 0xe7, 0xff, 0xe7, 0x0f, 0xff, 0xff, 0xff, 0xff, 0xff, 0xff, 0x03, 0xe0, 0x03, 0xe0,
    0x01, 0xf8, 0x01, 0xf8, 0x3f, 0xfc, 0x7f, 0xfe, 0xff, 0xff, 0xff, 0xef, 0xff, 0xe7, 0xff, 0xe7,
    0xe7, 0xe7, 0xe7, 0x07, 0xff, 0xff, 0xff, 0xff, 0xff, 0xff, 0x01, 0xe0, 0x01, 0xe0, 0x03, 0xf0,
    0x07, 0xe1, 0xff, 0xe7, 0xff, 0xef, 0xff, 0xff, 0xfb, 0xff, 0xf3, 0xff, 0xe7, 0xff, 0xcf, 0xfc,
    0x1f, 0xff, 0xff, 0xff, 0xff, 0xff, 0xe0, 0x78, 0x00, 0xf0, 0x00, 0x3f, 0xfc, 0x7f, 0xfe, 0xff,
    0xff, 0xff, 0xff, 0xff, 0xff, 0xff, 0xff, 0xff, 0xff, 0xff, 0x0f, 0xff, 0xff, 0xff, 0xff, 0xff,
    0xff, 0x03, 0xe0, 0x03, 0xe0, 0x7f, 0xf7, 0xff, 0xff, 0xff, 0xff, 0xff, 0xff, 0xff, 0xff, 0xff,
    0xff, 0xff, 0xff, 0xff, 0xff, 0xff, 0xef, 0xff, 0x7f, 0xfb, 0x8f, 0xc0, 0x3e, 0x00, 0x07, 0xc0,
    0x1f, 0xe0, 0x1f, 0xfc, 0xff, 0xfe, 0xff, 0xff, 0xff, 0xff, 0xff, 0xff, 0x3f, 0xff, 0x1f, 0xff,
    0x1f, 0xf0, 0x1e, 0xf0, 0x1c, 0xf0, 0x1c, 0x00, 0xe0, 0x0f, 0xe3, 0x8f, 0xff, 0xff, 0xff, 0xff,
    0xff, 0xff, 0xff, 0xff, 0xff, 0xff, 0xff, 0xff, 0xff, 0xff, 0xff, 0xff, 0xff, 0xff, 0xff, 0xff,
    0xff, 0xff, 0xff, 0xdf, 0xff, 0xff, 0xff, 0xff, 0xff, 0xff, 0xff, 0xff, 0xff, 0xfc, 0xfc, 0x1f,
    0xff, 0xff, 0xff, 0xff, 0xff, 0xdf, 0xf0, 0x07, 0xfe, 0x0f, 0xfc, 0x1f, 0xf8, 0x3f, 0xf0, 0x7f,
    0xe7, 0xff, 0xff, 0xff, 0xff, 0xff, 0xff, 0xef, 0xff, 0xdc, 0xfc, 0x38, 0x38, 0x70, 0x7f, 0xe0,
    0xff, 0xc1, 0xff, 0x80, 0x3f, 0xf0, 0x7f, 0xe3, 0xff, 0xf7, 0xff, 0xff, 0xff, 0xff, 0xff, 0xff,
    0xff, 0xff, 0xff, 0xff, 0xff, 0xff, 0xff, 0xff, 0xff, 0xff, 0xff, 0xff, 0xc7, 0xfe, 0x07, 0xfc,
    0x00, 0xff, 0xff, 0xff, 0xff, 0xff, 0xff, 0xff, 0xff, 0xff, 0xff, 0xff, 0xff, 0xff, 0xff, 0xff,
    0xff, 0xff, 0xff, 0xff, 0xff, 0xff, 0xff, 0xff, 0xff, 0xff, 0xff, 0xff, 0xff, 0x80, 0x0f, 0xf0,
    0x1f, 0xf8, 0x3f, 0xfc, 0x7f, 0xfe, 0x7f, 0xfe, 0xff, 0xff, 0xef, 0xf7, 0xef, 0xf7, 0xef, 0xf7,
    0xff, 0xff, 0x7f, 0xfe, 0x7f, 0xfe, 0x3f, 0xfc, 0x1f, 0xf8, 0x0f, 0xf0, 0xff, 0xff, 0xff, 0xff,
    0xff, 0xff, 0xff, 0xff, 0xff, 0xff, 0xff, 0xff, 0xff, 0xff, 0xff, 0xff, 0xff, 0xff, 0xff, 0xff,
    0xff, 0xff, 0xff, 0xff, 0xff, 0xff, 0xff, 0xff, 0x80, 0x7f, 0xff, 0x7f, 0xff, 0xff, 0xff, 0xfc,
    0x7f, 0xfe, 0x3f, 0xff, 0x3f, 0xff, 0x9f, 0xff, 0xcf, 0xff, 0xe7, 0xff, 0xff, 0xff, 0xff, 0xff,
    0xff, 0xff, 0xff, 0xff, 0xff, 0xff, 0xf8, 0x3f, 0xf0, 0x3f, 0xff, 0xbf, 0xff, 0xff, 0xff, 0xff,
    0xff, 0xff, 0xff, 0xff, 0xff, 0xff, 0xcf, 0xff, 0xe7, 0xff, 0xf3, 0xff, 0xf9, 0xff, 0xff, 0xff,
    0xff, 0xff, 0xff, 0xff, 0xfc, 0x00, 0x3c, 0x00, 0x3e, 0x00, 0x3f, 0x03, 0xff, 0xe7, 0xff, 0xf7,
    0xff, 0xff, 0xfc, 0x1f, 0xfe, 0x1f, 0xff, 0x0f, 0xff, 0x87, 0xff, 0xc3, 0xff, 0xe1, 0xf3, 0xff,
    0xf9, 0xff, 0xf8, 0x7f, 0xfc, 0x00, 0x70, 0x00, 0x70, 0x03, 0xf0, 0xff, 0xff, 0xff, 0xff, 0xff,
    0xff, 0xff, 0xfe, 0xff, 0xfe, 0xff, 0xfe, 0xff, 0xfe, 0xff, 0xfe, 0xff, 0xfe, 0xff, 0xff, 0xff,
    0xff, 0xff, 0xff, 0x00, 0x3c, 0x00, 0xff, 0x03, 0xff, 0xf1, 0xff, 0xff, 0xff, 0xff, 0xff, 0xff,
    0xff, 0xff, 0xff, 0xff, 0xff, 0xff, 0xff, 0xff, 0xff, 0xff, 0xff, 0xff, 0xff, 0xff, 0xff, 0xff,
    0xff, 0xff, 0xf7, 0xff, 0xfc, 0xff, 0xff, 0xff, 0xff, 0xff, 0xff, 0xff, 0xff, 0xff, 0xff, 0xff,
    0xff, 0xff, 0xff, 0xff, 0xff, 0xff, 0xff, 0xff, 0xff, 0xff, 0xff, 0x00, 0x7e, 0x0f, 0x7f, 0x9f,
    0xff, 0xff, 0xff, 0xff, 0xff, 0xff, 0xff, 0xff, 0xff, 0xfd, 0xff, 0xfe, 0x7f, 0xff, 0x3f, 0xff,
    0x87, 0xcf, 0xc3, 0xff, 0xe1, 0xff, 0xe0, 0xff, 0xe0, 0x7f, 0xf0, 0x07, 0xfe, 0x01, 0xff, 0xf0,
    0x7f, 0xff, 0x3f, 0xff, 0xff, 0xe0, 0x7f, 0xf8, 0x07, 0xfe, 0x00, 0xff, 0xc0, 0x3f, 0xf8, 0x1f,
    0xdf, 0x1f, 0xf9, 0xff, 0xfe, 0x3f, 0xff, 0x83, 0xff, 0xf0, 0x3f, 0xbe, 0x01, 0xc7, 0xc0, 0x7f,
    0xff, 0xff, 0xff, 0xff, 0xff, 0xff, 0xff, 0xff, 0xff, 0xff, 0xff, 0xff, 0xff, 0xff, 0xff, 0xff,
    0xff, 0xff, 0xff, 0xff, 0xff, 0xff, 0xff, 0xff, 0xff, 0xff, 0xff, 0x7f, 0xff, 0xff, 0xff, 0xff,
    0xff, 0xff, 0xff, 0xff, 0xff, 0xff, 0xff, 0xff, 0xff, 0xff, 0xff, 0xff, 0xff, 0xff, 0xff, 0xff,
    0xff, 0xff, 0xff, 0xff, 0xff, 0xff, 0xff, 0xff, 0xff, 0x80, 0xff, 0xff, 0xff, 0xff, 0xff, 0xff,
    0xff, 0xff, 0xff, 0xff, 0xff, 0xff, 0xff, 0xff, 0xff, 0xff, 0xff, 0xff, 0xff, 0xff, 0xff, 0xff,
    0xff, 0xff, 0xff, 0xff, 0xff, 0xff, 0xff, 0xff, 0xff, 0xff, 0xff, 0xff, 0xff, 0xff, 0xff, 0xff,
    0xff, 0xff, 0xff, 0xff, 0xff, 0xff, 0xff, 0xff, 0xff, 0xff, 0xff, 0xff, 0xff, 0xff, 0xff, 0xff,
    0xff, 0xff, 0xff, 0xff, 0x80, 0xff, 0xff, 0xff, 0xff, 0xff, 0xff, 0xff, 0xff, 0xff, 0xff, 0xff,
    0xff, 0xff, 0xff, 0xff, 0xff, 0xff, 0xff, 0xff, 0xff, 0xff, 0xff, 0xff, 0xff, 0xff, 0xff, 0xff,
    0xff, 0x80, 0x07, 0x80, 0x0f, 0x00, 0xfe, 0xe1, 0xff, 0xc3, 0xff, 0x83, 0xfe, 0x3f, 0xbf, 0xfe,
    0x3f, 0xfe, 0xff, 0xff, 0xfc, 0xff, 0xe1, 0xff, 0xc3, 0xfb, 0x80, 0xf0, 0x01, 0xe0, 0x00, 0x03,
    0x80, 0x07, 0x80, 0xff, 0xf1, 0xff, 0xe3, 0xff, 0xc7, 0xff, 0x3f, 0xff, 0xff, 0xff, 0xff, 0xfe,
    0xff, 0xf8, 0xff, 0xf1, 0xff, 0xe3, 0xff, 0xc7, 0x7f, 0x00, 0xe0, 0x00, 0x0f, 0xf0, 0x1f, 0xf8,
    0x3f, 0xfc, 0x7f, 0xfe, 0x7f, 0xfe, 0xff, 0xef, 0xef, 0xf7, 0xef, 0xf7, 0xef, 0xf7, 0xff, 0xff,
    0x7f, 0xfe, 0x7f, 0xfe, 0x3f, 0xfc, 0x1f, 0xf8, 0x0f, 0xf0, 0x0f, 0xc0, 0x0f, 0xe0, 0x0f, 0xf0,
    0x0f, 0xf8, 0x0f, 0xfc, 0x1f, 0xfe, 0x3f, 0xfe, 0x7f, 0xfe, 0xff, 0xff, 0xff, 0xff, 0xff, 0xff,
    0xff, 0xfe, 0x7f, 0xc0, 0x7f, 0x00, 0x1e, 0x00, 0x1f, 0xfc, 0x1f, 0xfe, 0x1f, 0xff, 0x1f, 0xff,
    0x1f, 0xff, 0x1f, 0xff, 0x3f, 0xff, 0x7f, 0xfe, 0xfb, 0xff, 0xfd, 0xff, 0xff, 0xff, 0xff, 0xfe,
    0x7f, 0xc0, 0x7f, 0x00, 0x1e, 0x00, 0x00, 0xf8, 0x0f, 0xfe, 0x1f, 0xff, 0x1f, 0xff, 0x1f, 0xff,
    0x1f, 0xff, 0x1f, 0xff, 0x3f, 0xff, 0x7f, 0xff, 0x7f, 0xfe, 0xfd, 0xfe, 0xff, 0xfe, 0xff, 0xfe,
    0xff, 0xc0, 0x7f, 0x00, 0x3e, 0x00, 0x7f, 0x7f, 0xff, 0xff, 0xff, 0xff, 0xff, 0xff, 0xff, 0xff,
    0xf1, 0xff, 0xff, 0xff, 0xff, 0xfd, 0xfc, 0x1c, 0x00, 0x3c, 0x00, 0x7f, 0x87, 0xff, 0x0f, 0xff,
    0x1f, 0xfe, 0x3f, 0xfe, 0x3f, 0xfc, 0x3f, 0x3c, 0x7c, 0x78, 0xff, 0xf0, 0xff, 0xf0, 0x7f, 0xe0,
    0x1f, 0xc0, 0x0f, 0x00, 0x1f, 0x80, 0x7f, 0xc0, 0x7f, 0xe0, 0xfd, 0xe0, 0xf8, 0xe0, 0xe0, 0x00,
    0xf0, 0xe0, 0xf9, 0xf0, 0x7f, 0xf8, 0x7f, 0xfc, 0x1f, 0xfe, 0x00, 0xff, 0x00, 0x7f, 0x00, 0x3f,
    0x00, 0x1e, 0x01, 0xf8, 0x07, 0xfe, 0x07, 0xfe, 0x0f, 0xff, 0x0f, 0x3f, 0x0e, 0x1f, 0x0f, 0x1f,
    0x0f, 0x9f, 0x1f, 0xfe, 0x3f, 0xfe, 0x7f, 0xf8, 0xfe, 0x00, 0xfc, 0x00, 0xf8, 0x00, 0x70, 0x00,
    0x00, 0x3c, 0x07, 0xfc, 0x1f, 0xf8, 0x3f, 0xf0, 0x7f, 0xc1, 0xff, 0x87, 0xff, 0x8f, 0xff, 0x3f,
    0xfe, 0xff, 0xff, 0xff, 0xbf, 0xff, 0xff, 0xff, 0xff, 0xff, 0xfb, 0xfe, 0x00, 0x1f, 0x00, 0x7f,
    0xf8, 0xff, 0xf9, 0xff, 0xf7, 0xff, 0xff, 0xff, 0xff, 0xff, 0xff, 0xff, 0xff, 0xfd, 0xff, 0xf3,
    0xbf, 0xe7, 0x7f, 0xcf, 0xff, 0x9f, 0xff, 0x1f, 0xf0, 0x00, 0x01, 0xf8, 0x03, 0xfe, 0x07, 0xfe,
    0x07, 0xff, 0x07, 0xff, 0x07, 0xff, 0x0f, 0x7f, 0x1f, 0x1f, 0x3f, 0xfe, 0x7f, 0xfc, 0xff, 0xf8,
    0xff, 0x80, 0xff, 0x00, 0xfc, 0x00, 0xfc, 0x00, 0x1f, 0x07, 0xf0, 0xff, 0x1f, 0xe7, 0xfd, 0xff,
    0xff, 0xff, 0xff, 0xff, 0xff, 0xff, 0xbf, 0xf7, 0xff, 0xff, 0xff, 0xdf, 0xf0, 0x1f, 0x07, 0xf0,
    0xff, 0x1f, 0xe7, 0xfd, 0xff, 0xff, 0xff, 0xff, 0xff, 0xff, 0xff, 0xbf, 0xf7, 0xff, 0xff, 0xff,
    0xdf, 0xf0, 0x07, 0xc0, 0x0f, 0x80, 0x1f, 0x00, 0xff, 0x81, 0xff, 0x07, 0xdf, 0x0f, 0x9e, 0x1e,
    0x1c, 0x38, 0x38, 0xf8, 0x7b, 0xff, 0xff, 0xff, 0xff, 0xff, 0xff, 0xff, 0xcf, 0xfe, 0x00, 0x0f,
    0xf0, 0x3f, 0xfc, 0x3f, 0xfc, 0x7f, 0xfe, 0x7f, 0xde, 0xff, 0xff, 0xef, 0xf7, 0xef, 0xf7, 0xff,
    0xff, 0xff, 0xff, 0x7f, 0xfe, 0x7f, 0xfe, 0x3f, 0xfc, 0x1f, 0xf8, 0x0f, 0xf0, 0x70, 0x00, 0x7f,
    0x00, 0xff, 0x80, 0xff, 0x80, 0xff, 0xc0, 0x7f, 0xf0, 0x7f, 0xf8, 0x7f, 0xfc, 0x7d, 0xff, 0x3f,
    0xff, 0x1f, 0xff, 0x0f, 0xf8, 0x07, 0xf0, 0x03, 0xf0, 0x00, 0xf0, 0x00, 0xfc, 0x01, 0xfe, 0x03,
    0xff, 0x07, 0xff, 0x0f, 0xff, 0x1f, 0xff, 0x3f, 0xff, 0x7f, 0xfe, 0xff, 0xfc, 0xff, 0xf8, 0xff,
    0xf0, 0xff, 0xe0, 0xff, 0xc0, 0x7f, 0x80, 0x3f, 0x00, 0x0f, 0xf0, 0x1f, 0xf8, 0x3f, 0xfc, 0x7f,
    0xfe, 0x7f, 0xfe, 0xff, 0xff, 0xff, 0xf7, 0xff, 0xf7, 0xff, 0xf7, 0xff, 0xff, 0x7f, 0xfe, 0x7f,
    0xfe, 0x3f, 0xfc, 0x1f, 0xf8, 0x0f, 0xf0, 0xff, 0xff, 0xff, 0xff, 0xff, 0xff, 0xff, 0xff, 0xff,
    0xff, 0xff, 0xff, 0xff, 0xff, 0xff, 0xff, 0xff, 0xff, 0xff, 0xff, 0xff, 0xff, 0xff, 0xff, 0xff,
    0xff, 0xff, 0xff, 0x80, 0x7f, 0xff, 0x7f, 0xff, 0xff, 0xff, 0xff, 0xff, 0xff, 0xff, 0xff, 0xff,
    0xff, 0xff, 0xff, 0xff, 0xff, 0xff, 0xff, 0xff, 0xff, 0xff, 0xff, 0xff, 0xff, 0xff, 0xff, 0xff,
    0x7f, 0xff, 0xff, 0xff, 0xff, 0xff, 0xff, 0xff, 0xff, 0xff, 0xff, 0xff, 0xff, 0xff, 0xff, 0xff,
    0xff, 0xff, 0xff, 0xff, 0xff, 0xff, 0xff, 0xff, 0xff, 0xff, 0xff, 0xff, 0xff, 0xff, 0x80, 0xff,
    0xff, 0xff, 0xff, 0xff, 0xff, 0xff, 0xff, 0xff, 0xff, 0xff, 0xff, 0xff, 0xff, 0xff, 0xff, 0xff,
    0xff, 0xff, 0xff, 0xff, 0xff, 0xff, 0xff, 0xff, 0xff, 0xff, 0xff, 0x80, 0x7f, 0xfe, 0xff, 0xff,
    0xff, 0xff, 0xff, 0xff, 0xff, 0xff, 0xff, 0xff, 0xff, 0xff, 0xff, 0xff, 0xff, 0xff, 0xff, 0xff,
    0xff, 0xff, 0xff, 0xff, 0xff, 0xff, 0xff, 0xff, 0x7f, 0xfe, 0x0f, 0xf0, 0x1f, 0xf8, 0x3f, 0xfc,
    0x7f, 0xfe, 0x7f, 0xfe, 0xff, 0xff, 0xff, 0xff, 0xff, 0xff, 0xef, 0xff, 0xff, 0xff, 0x7f, 0xfe,
    0x7f, 0xfe, 0x3f, 0xfc, 0x1f, 0xf8, 0x0f, 0xf0, 0xff, 0xff, 0xff, 0xff, 0xff, 0xff, 0xff, 0xff,
    0xff, 0xff, 0xff, 0xff, 0xff, 0xff, 0xef, 0xff, 0xef, 0xff, 0xef, 0xff, 0xef, 0xff, 0xff, 0xff,
    0xff, 0xff, 0xff, 0xff, 0xff, 0xff, 0x7f, 0xff, 0xff, 0xff, 0xff, 0xff, 0xff, 0xff, 0xff, 0xff,
    0xff, 0xff, 0xff, 0xff, 0xff, 0xff, 0xff, 0xff, 0xff, 0xff, 0xff, 0xff, 0xff, 0xff, 0xff, 0xff,
    0xff, 0xff, 0xff, 0xff, 0x7f, 0xfe, 0xff, 0xff, 0xff, 0xff, 0xff, 0xff, 0xff, 0xff, 0xff, 0xff,
    0xff, 0xff, 0xff, 0xff, 0xff, 0xff, 0xff, 0xff, 0xff, 0xff, 0xff, 0xff, 0xff, 0xff, 0xff, 0xff,
    0x7f, 0xfe, 0xff, 0xff, 0xff, 0xff, 0xff, 0xff, 0xff, 0xff, 0xff, 0xff, 0xff, 0xff, 0xff, 0xff,
    0xff, 0xff, 0xff, 0xff, 0xff, 0xff, 0xff, 0xff, 0xff, 0xff, 0xff, 0xff, 0xff, 0xff, 0x80, 0xff,
    0xff, 0xff, 0xff, 0xff, 0xff, 0xff, 0xff, 0xff, 0xff, 0xff, 0xff, 0xff, 0xff, 0xff, 0xff, 0xff,
    0xff, 0xff, 0xff, 0xff, 0xff, 0xff, 0xff, 0xff, 0xff, 0xff, 0xff, 0x80, 0x7f, 0xff, 0xff, 0xff,
    0xff, 0xff, 0xff, 0xff, 0xff, 0xff, 0xff, 0xff, 0xff, 0xff, 0xff, 0xff, 0xff, 0xff, 0xff, 0xff,
    0xff, 0xff, 0xff, 0xff, 0xff, 0xff, 0xff, 0xff, 0x7f, 0xff, 0x0f, 0x80, 0xf8, 0x0f, 0xc0, 0xfc,
    0x7f, 0xc7, 0xfc, 0xff, 0xff, 0xff, 0xff, 0xff, 0xff, 0xfd, 0xff, 0xdf, 0x7f, 0xf3, 0xfe, 0x1f,
    0xc0, 0x1f, 0x00, 0x7f, 0x01, 0xfe, 0x07, 0xfc, 0x0f, 0xfc, 0x1f, 0xfc, 0x3f, 0xfc, 0x7f, 0xfc,
    0x7f, 0xfc, 0x1f, 0xfc, 0x1f, 0xf8, 0x1f, 0x70, 0x1f, 0xe0, 0x1f, 0xc0, 0x1f, 0x00, 0x3e, 0x00,
    0x7e, 0x00, 0xfe, 0x07, 0xfc, 0x0f, 0xf8, 0x1f, 0xf8, 0x3f, 0xf8, 0x3f, 0xf8, 0x07, 0xf8, 0x07,
    0xf8, 0x0f, 0xf8, 0x0f, 0xf0, 0x0f, 0xe0, 0x0f, 0xc0, 0x0f, 0x00, 0x07, 0xc0, 0x1f, 0xc0, 0x3f,
    0xc0, 0x7f, 0x80, 0xff, 0x80, 0xff, 0xc0, 0xff, 0xe0, 0xff, 0xf0, 0xfb, 0xf8, 0x71, 0xfc, 0x00,
    0xfe, 0x00, 0x7f, 0x00, 0x7f, 0x00, 0x3f, 0x00, 0x1e, 0x1f, 0x00, 0x7f, 0x01, 0xfe, 0x07, 0xfc,
    0x0f, 0xf8, 0x1f, 0xff, 0x3f, 0xff, 0x7f, 0xfe, 0xff, 0xfc, 0xff, 0xf8, 0x1f, 0xf8, 0x3f, 0xf0,
    0x7f, 0xe0, 0xff, 0xc0, 0x0f, 0x00, 0x78, 0x00, 0xfc, 0x00, 0xfe, 0x00, 0xff, 0x00, 0x7f, 0x80,
    0x3f, 0xc0, 0x1f, 0xe0, 0x0f, 0xf0, 0x0f, 0xf8, 0x0f, 0xfc, 0x07, 0xfe, 0x03, 0xfe, 0x01, 0xff,
    0x00, 0x7f, 0x00, 0x1f, 0x1f, 0xff, 0x07, 0xff, 0xe1, 0xff, 0xf8, 0xff, 0xfe, 0xff, 0xff, 0xff,
    0xfc, 0xff, 0xff, 0xfd, 0xff, 0xff, 0x3f, 0xff, 0x00, 0xff, 0x80, 0x1f, 0xf0, 0x00, 0x7c, 0x00,
    0x1f, 0x00, 0x07, 0x80, 0x01, 0xe0, 0x07, 0x80, 0x7e, 0x01, 0xf8, 0x0f, 0xe0, 0x7f, 0xc1, 0xff,
    0x87, 0xfe, 0x3f, 0xf8, 0xff, 0xe3, 0xff, 0x8f, 0xff, 0xff, 0xff, 0xff, 0xff, 0xff, 0xc0, 0x7c,
    0x00, 0xff, 0x00, 0xff, 0xc0, 0xff, 0xf8, 0xff, 0xff, 0xff, 0xff, 0x1f, 0xff, 0x03, 0xff, 0x03,
    0xff, 0x07, 0xf0, 0x07, 0xf8, 0x0f, 0xf8, 0x0f, 0xf8, 0x0f, 0xf8, 0x01, 0xc0, 0x1f, 0xc3, 0xff,
    0x1f, 0xfd, 0xff, 0xef, 0xff, 0xff, 0xff, 0xff, 0xff, 0xff, 0xff, 0xff, 0xff, 0x9f, 0xfc, 0x7f,
    0xc3, 0xfe, 0x1f, 0xf0, 0x7f, 0x00, 0xff, 0xff, 0xff, 0xff, 0xff, 0xff, 0xff, 0xff, 0xff, 0xff,
    0xff, 0xff, 0xff, 0xff, 0xff, 0xff, 0xff, 0xff, 0xff, 0xff, 0xff, 0xff, 0xff, 0xff, 0xff, 0xff,
    0xff, 0xff, 0x80, 0xe0, 0x1f, 0xe0, 0xff, 0xcf, 0xff, 0xff, 0xff, 0xff, 0xbf, 0xfe, 0x3f, 0xf8,
    0xff, 0xe3, 0xff, 0x8f, 0xff, 0xbf, 0xff, 0xff, 0x3f, 0xf8, 0x7f, 0x80, 0x78, 0x00, 0x03, 0xb8,
    0x7f, 0x71, 0xff, 0xf3, 0xff, 0xef, 0xff, 0xdf, 0xff, 0xbf, 0xff, 0xff, 0xff, 0xff, 0xff, 0xff,
    0xff, 0xff, 0xfb, 0xff, 0xe3, 0xff, 0x81, 0xf8, 0x03, 0xf0, 0x00, 0xff, 0xff, 0xff, 0xff, 0xff,
    0xff, 0xff, 0xff, 0xff, 0xff, 0xf8, 0x1f, 0xf8, 0x1f, 0xf8, 0x1f, 0xf8, 0x1f, 0xf8, 0x1f, 0xff,
    0xff, 0xff, 0xff, 0xff, 0xff, 0xff, 0xff, 0xff, 0xff, 0xff, 0xff, 0xff, 0xff, 0xff, 0xff, 0xff,
    0xff, 0xff, 0xff, 0xff, 0xff, 0xff, 0xff, 0xff, 0xff, 0xff, 0xff, 0xff, 0xff, 0xff, 0xff, 0xff,
    0xff, 0xff, 0xff, 0xff, 0xff, 0xff, 0xff, 0x0f, 0xf0, 0x1f, 0xf8, 0x3f, 0xfc, 0x7f, 0xfe, 0x7f,
    0xfe, 0xff, 0xff, 0xff, 0xff, 0xff, 0xff, 0xff, 0xff, 0xff, 0xff, 0x7f, 0xfe, 0x7f, 0xfe, 0x3f,
    0xfc, 0x3f, 0xfc, 0x0f, 0xf0, 0x0f, 0xe0, 0x7f, 0xf1, 0xff, 0xf7, 0xff, 0xef, 0xff, 0xff, 0xff,
    0xff, 0xff, 0xff, 0xff, 0xff, 0xff, 0xff, 0xff, 0xff, 0xff, 0xff, 0xe7, 0xff, 0xc7, 0xff, 0x03,
    0xf8, 0x00, 0x03, 0xc0, 0x07, 0xe0, 0x0f, 0xf0, 0x1f, 0xf8, 0x3f, 0xfc, 0x7f, 0xfe, 0xff, 0xff,
    0xff, 0xff, 0xff, 0xff, 0x7f, 0xfe, 0x3f, 0xfc, 0x1f, 0xf8, 0x0f, 0xf0, 0x07, 0xe0, 0x03, 0xc0,
    0x03, 0xc0, 0x07, 0xe0, 0x0f, 0xf0, 0x1f, 0xf8, 0x3f, 0xfc, 0x7f, 0xfe, 0xff, 0xff, 0xff, 0xff,
    0xff, 0xff, 0x7f, 0xfe, 0x3f, 0xfc, 0x1f, 0xf8, 0x0f, 0xf0, 0x07, 0xe0, 0x03, 0xc0, 0x38, 0xfb,
    0xff, 0xff, 0xef, 0x8e, 0x00, 0x39, 0xfb, 0xff, 0xff, 0xff, 0x8e, 0x00, 0x0e, 0x07, 0x81, 0xf0,
    0xfe, 0x7f, 0x9f, 0xff, 0xff, 0xff, 0xff, 0xc0, 0xff, 0xff, 0xff, 0xfd, 0xff, 0x7f, 0x8f, 0xe3,
    0xf0, 0x78, 0x0e, 0x00, 0xff, 0xff, 0xff, 0xff, 0xff, 0xff, 0xff, 0xff, 0xff, 0xff, 0xff, 0xff,
    0xff, 0xff, 0x7f, 0xfc, 0xff, 0xff, 0xff, 0xff, 0xff, 0xff, 0xff, 0xff, 0xff, 0xff, 0xff, 0xff,
    0x80, 0xff, 0xff, 0xff, 0xff, 0xff, 0xff, 0xff, 0xff, 0xff, 0xff, 0xff, 0xff, 0x3f, 0xff, 0x7f,
    0xff, 0xff, 0xff, 0xff, 0xff, 0xff, 0xff, 0xff, 0xff, 0xff, 0xff, 0xff, 0xff, 0x80, 0xff, 0xff,
    0xff, 0xff, 0xff, 0xff, 0xff, 0xff, 0xff, 0xff, 0xff, 0xff, 0xff, 0xff, 0xff, 0xff, 0xff, 0xff,
    0xff, 0xff, 0xff, 0xff, 0xff, 0xff, 0xff, 0xff, 0xff, 0xff, 0x80, 0x00, 0xef, 0xbf, 0xff, 0xff,
    0xff, 0xff, 0xff, 0xff, 0xff, 0xff, 0xff, 0xfb, 0xff, 0xfd, 0xff, 0xfc, 0xfb, 0xbc, 0x1c, 0x3f,
    0x0f, 0x1f, 0x83, 0xff, 0xc1, 0xff, 0xe0, 0x3f, 0xe0, 0x01, 0xe0, 0x03, 0xe0, 0x1f, 0xfc, 0xff,
    0xff, 0xff, 0xff, 0xff, 0xff, 0xff, 0xff, 0xff, 0xff, 0xff, 0xff, 0xff, 0xff, 0xff, 0xff, 0xff,
    0xff, 0xff, 0xff, 0xff, 0xff, 0xff, 0xff, 0x1f, 0xf8, 0x38, 0x1c, 0x7f, 0xfe, 0x7f, 0xfe, 0x7f,
    0xfe, 0x7f, 0xfe, 0x7f, 0xfe, 0x7f, 0xfe, 0xff, 0xff, 0xff, 0xff, 0xff, 0xff, 0xff, 0xff, 0xff,
    0xff, 0xff, 0xff, 0xff, 0xff, 0xff, 0xff, 0x7c, 0x3e, 0x78, 0x79, 0xe1, 0xe7, 0xff, 0xdf, 0xff,
    0x7f, 0xfd, 0xff, 0xff, 0xff, 0xff, 0xff, 0xff, 0xff, 0xff, 0xff, 0xff, 0xff, 0xff, 0xff, 0xff,
    0xff, 0xff, 0xff, 0xc0, 0x07, 0x7f, 0xff, 0xff, 0xff, 0xff, 0xff, 0xff, 0xff, 0xff, 0xff, 0xff,
    0xff, 0xff, 0xff, 0xff, 0xff, 0xff, 0xff, 0xff, 0xff, 0xff, 0xff, 0xff, 0xff, 0xff, 0xff, 0xff,
    0xff, 0x7f, 0xff, 0x0f, 0xc0, 0x7f, 0xe1, 0xff, 0xe3, 0xff, 0xef, 0xbb, 0xde, 0x7b, 0xf8, 0xff,
    0xf1, 0xff, 0xe3, 0xbf, 0xe0, 0x3f, 0xe0, 0xfb, 0xe3, 0xe7, 0xff, 0xc7, 0xff, 0x03, 0xf8, 0x00,
    0x0f, 0xc0, 0x7f, 0xe1, 0xff, 0xe3, 0xff, 0xef, 0xbb, 0xde, 0x7b, 0xf8, 0xff, 0xf1, 0xff, 0xe3,
    0xff, 0xe0, 0x3f, 0xe0, 0xfb, 0xe3, 0xe7, 0xff, 0xc7, 0xff, 0x03, 0xf8, 0x00, 0x0f, 0xc0, 0x7f,
    0xe1, 0xff, 0xe3, 0xff, 0xef, 0xbb, 0xde, 0x73, 0xf8, 0xff, 0xf1, 0xff, 0xe3, 0xff, 0xe0, 0x3f,
    0xe0, 0xfb, 0xe3, 0xe7, 0xff, 0xc7, 0xff, 0x03, 0xf8, 0x00, 0x0f, 0xc0, 0x7f, 0xe1, 0xff, 0xe3,
    0xff, 0xef, 0xbb, 0xde, 0x73, 0xf8, 0xff, 0xf1, 0xff, 0xe3, 0xff, 0xe3, 0xbf, 0xe0, 0xfb, 0xe3,
    0xe7, 0xff, 0xc7, 0xff, 0x03, 0xf8, 0x00, 0x0f, 0xc0, 0x7f, 0xe1, 0xff, 0xe3, 0xff, 0xef, 0xbb,
    0xde, 0x73, 0xf8, 0xef, 0xf1, 0xff, 0xe3, 0xff, 0xe7, 0xbf, 0xe7, 0xfb, 0xe3, 0xe7, 0xff, 0xc7,
    0xff, 0x03, 0xf8, 0x00, 0x0f, 0xc0, 0x7f, 0xe1, 0xff, 0xe3, 0xff, 0xef, 0xbb, 0xde, 0x73, 0xf8,
    0xe7, 0xf1, 0xc7, 0xe3, 0x9f, 0xe7, 0x3f, 0xee, 0xfb, 0xe3, 0xe7, 0xff, 0xc7, 0xff, 0x03, 0xf8,
    0x00, 0x0f, 0xc0, 0x7f, 0xe1, 0xff, 0xe3, 0xff, 0xef, 0xbb, 0xde, 0x73, 0xf8, 0xef, 0xf3, 0xdf,
    0xe7, 0xbf, 0xef, 0x3f, 0xfc, 0xfb, 0xe3, 0xe7, 0xff, 0xc7, 0xff, 0x03, 0xf8, 0x00, 0x0f, 0xc0,
    0x7f, 0xe1, 0xff, 0xe3, 0xff, 0xef, 0xbb, 0xde, 0x73, 0xf9, 0xef, 0xf7, 0xdf, 0xef, 0xbf, 0xfe,
    0x3f, 0xe0, 0xfb, 0xe3, 0xe7, 0xff, 0xc7, 0xff, 0x03, 0xf8, 0x00, 0x0f, 0xc0, 0x7f, 0xe1, 0xff,
    0xe3, 0xff, 0xef, 0xbb, 0xde, 0x03, 0xfb, 0xef, 0xf7, 0xdf, 0xef, 0xbf, 0xe0, 0x3f, 0xe0, 0xfb,
    0xe3, 0xe7, 0xff, 0xc7, 0xff, 0x03, 0xf8, 0x00, 0x0f, 0xc0, 0x7f, 0xe1, 0xff, 0xe3, 0xff, 0xef,
    0xbb, 0xde, 0xf3, 0xf9, 0xef, 0xf3, 0xdf, 0xe7, 0xbf, 0xe0, 0x3f, 0xe0, 0xfb, 0xe3, 0xe7, 0xff,
    0xc7, 0xff, 0x03, 0xf8, 0x00, 0x0f, 0xc0, 0x7f, 0xe1, 0xff, 0xe3, 0xff, 0xef, 0xbb, 0xde, 0xf3,
    0xf9, 0xef, 0xf3, 0xdf, 0xe3, 0xbf, 0xe0, 0x3f, 0xe0, 0xfb, 0xe3, 0xe7, 0xff, 0xc7, 0xff, 0x03,
    0xf8, 0x00, 0x0f, 0xc0, 0x7f, 0xe1, 0xff, 0xe3, 0xff, 0xef, 0xbb, 0xde, 0x73, 0xf8, 0xef, 0xf1,
    0xdf, 0xe3, 0xbf, 0xe0, 0x3f, 0xe0, 0xfb, 0xe3, 0xe7, 0xff, 0xc7, 0xff, 0x03, 0xf8, 0x00, 0x0f,
    0xc0, 0x7f, 0xe1, 0xff, 0xe3, 0xff, 0xef, 0xbb, 0xde, 0x3b, 0xf8, 0xf7, 0xf1, 0xe7, 0xe3, 0xdf,
    0xe7, 0x3f, 0xee, 0xfb, 0xff, 0xe7, 0xff, 0xc7, 0xff, 0x03, 0xf8, 0x00, 0x0f, 0xc0, 0x7f, 0xe1,
    0xff, 0xe3, 0xff, 0xef, 0xbb, 0xde, 0x03, 0xf8, 0xf7, 0xf1, 0xe7, 0xe3, 0xdf, 0xe7, 0x3f, 0xee,
    0xfb, 0xff, 0xe7, 0xff, 0xc7, 0xff, 0x03, 0xf8, 0x00, 0x0f, 0xc0, 0x7f, 0xe1, 0xff, 0xe3, 0xff,
    0xef, 0xbb, 0xde, 0x03, 0xf8, 0xf7, 0xf1, 0xe7, 0xe3, 0xdf, 0xe7, 0xbf, 0xee, 0xfb, 0xff, 0xe7,
    0xff, 0xc7, 0xff, 0x03, 0xf8, 0x00, 0x0f, 0xc0, 0x7f, 0xe1, 0xff, 0xe3, 0xff, 0xef, 0xbb, 0xde,
    0x03, 0xf8, 0xe7, 0xf1, 0xe7, 0xe3, 0xdf, 0xe7, 0xbf, 0xee, 0xfb, 0xff, 0xe7, 0xff, 0xc7, 0xff,
    0x03, 0xf8, 0x00, 0x0f, 0xc0, 0x7f, 0xe1, 0xff, 0xe3, 0xff, 0xef, 0xbb, 0xde, 0x03, 0xf8, 0xe7,
    0xf1, 0xc7, 0xe3, 0xdf, 0xe7, 0xbf, 0xef, 0xfb, 0xff, 0xe7, 0xff, 0xc7, 0xff, 0x03, 0xf8, 0x00,
    0x0f, 0xc0, 0x7f, 0xe1, 0xff, 0xe3, 0xff, 0xef, 0xbb, 0xde, 0x03, 0xf8, 0xe7, 0xf1, 0xc7, 0xe7,
    0x9f, 0xef, 0x3f, 0xfe, 0xfb, 0xff, 0xe7, 0xff, 0xc7, 0xff, 0x03, 0xf8, 0x00, 0x0f, 0xc0, 0x7f,
    0xe1, 0xff, 0xe3, 0xff, 0xef, 0xbb, 0xde, 0x03, 0xf8, 0xe7, 0xf3, 0xc7, 0xe7, 0x9f, 0xef, 0x3f,
    0xfe, 0xfb, 0xff, 0xe7, 0xff, 0xc7, 0xff, 0x03, 0xf8, 0x00, 0x0f, 0xc0, 0x7f, 0xe1, 0xff, 0xe3,
    0xff, 0xef, 0xbb, 0xde, 0x03, 0xf9, 0xe7, 0xf3, 0xc7, 0xe7, 0x9f, 0xe7, 0x3f, 0xee, 0xfb, 0xff,
    0xe7, 0xff, 0xc7, 0xff, 0x03, 0xf8, 0x00, 0x0f, 0xc0, 0x7f, 0xe1, 0xff, 0xe3, 0xff, 0xef, 0xbb,
    0xde, 0x03, 0xfb, 0xe7, 0xf7, 0xc7, 0xef, 0x9f, 0xe7, 0x3f, 0xee, 0xfb, 0xff, 0xe7, 0xff, 0xc7,
    0xff, 0x03, 0xf8, 0x00, 0x0f, 0xc0, 0x7f, 0xe1, 0xff, 0xe3, 0xff, 0xef, 0xbb, 0xde, 0xe3, 0xf9,
    0xe7, 0xf3, 0xc7, 0xe7, 0x9f, 0xe7, 0x3f, 0xee, 0xfb, 0xff, 0xe7, 0xff, 0xc7, 0xff, 0x03, 0xf8,
    0x00, 0x0f, 0xc0, 0x7f, 0xe1, 0xff, 0xe3, 0xff, 0xef, 0xbb, 0xde, 0x73, 0xf8, 0xe7, 0xf1, 0xc7,
    0xe3, 0x9f, 0xe7, 0x3f, 0xee, 0xfb, 0xff, 0xe7, 0xff, 0xc7, 0xff, 0x03, 0xf8, 0x00, 0x0f, 0xc0,
    0x7f, 0xe1, 0xff, 0xe3, 0xff, 0xef, 0xbb, 0xde, 0x73, 0xf8, 0xe7, 0xf1, 0xc7, 0xe3, 0x9f, 0xe7,
    0x3f, 0xee, 0xfb, 0xff, 0xe7, 0xff, 0xc7, 0xff, 0x03, 0xf8, 0x00, 0x1c, 0x3c, 0x3c, 0x3c, 0x7c,
    0x7e, 0x7f, 0xff, 0xff, 0xff, 0xff, 0x7f, 0x7f, 0x7f, 0x7e, 0x07, 0xe0, 0x07, 0xfc, 0x07, 0xff,
    0x07, 0xff, 0x83, 0xf7, 0xe1, 0xff, 0xf0, 0xf7, 0xf8, 0xff, 0xfc, 0x7f, 0x7f, 0x7f, 0xbf, 0xff,
    0xff, 0xff, 0xff, 0xff, 0xff, 0xff, 0xff, 0xff, 0xff, 0xfe, 0x0f, 0xf8, 0x7f, 0xfe, 0x7f, 0xff,
    0xff, 0xff, 0xff, 0xff, 0xff, 0xff, 0x7f, 0xff, 0x7f, 0xfe, 0x0f, 0xf8, 0x7f, 0xff, 0xff, 0xff,
    0xff, 0xff, 0xfd, 0xf7, 0xde, 0x79, 0xe7, 0x80, 0x1f, 0xc0, 0x3f, 0xe0, 0x7f, 0xf0, 0xf8, 0xf8,
    0xff, 0xf8, 0xff, 0xfe, 0x7f, 0xff, 0x7d, 0xff, 0x7f, 0xf7, 0x7f, 0xf7, 0x7f, 0xff, 0x7b, 0xff,
    0x7f, 0xfc, 0x3f, 0xf0, 0x3f, 0xe0, 0xff, 0x7f, 0xff, 0xbf, 0xff, 0xff, 0xff, 0xff, 0xff, 0xff,
    0xf3, 0xff, 0xf8, 0xfd, 0xf8, 0x03, 0xe0, 0x03, 0xf8, 0x07, 0xfe, 0x07, 0xff, 0x03, 0xff, 0xc3,
    0xff, 0xf3, 0xff, 0xff, 0xff, 0xff, 0xff, 0xff, 0xff, 0xff, 0xff, 0xff, 0xff, 0xff, 0xc1, 0xc7,
    0xe0, 0xe3, 0xf0, 0x0f, 0x80, 0xfe, 0x3f, 0xff, 0xff, 0xff, 0xff, 0xff, 0xff, 0xff, 0xff, 0xff,
    0xff, 0xff, 0xff, 0xff, 0xfe, 0xff, 0xe1, 0xfc, 0x07, 0xc0, 0x07, 0xc0, 0x3f, 0x80, 0xfe, 0x03,
    0xf8, 0x0f, 0xe0, 0x3f, 0x83, 0xff, 0xbf, 0xff, 0xff, 0xff, 0xff, 0xff, 0xff, 0xff, 0xff, 0xff,
    0xfc, 0x7f, 0xc0, 0x7c, 0x00, 0x03, 0xe1, 0xfe, 0x3f, 0xf7, 0xff, 0x79, 0xf7, 0x1f, 0x7f, 0xff,
    0xff, 0xff, 0xff, 0xc7, 0xfc, 0xf7, 0xff, 0x3f, 0xf1, 0xff, 0x0f, 0xf0, 0x0f, 0x80, 0x3f, 0xc0,
    0x7f, 0xc1, 0xff, 0xc7, 0xff, 0x8f, 0xff, 0x9f, 0xff, 0x3f, 0xfe, 0xff, 0xfd, 0xff, 0xff, 0xff,
    0xff, 0xff, 0xf7, 0xff, 0xe0, 0x1f, 0xc0, 0x1f, 0x00, 0x00, 0xfc, 0x03, 0xfc, 0x0f, 0xf8, 0x3f,
    0xf0, 0x7f, 0xc0, 0xff, 0x83, 0xfe, 0x0f, 0xf8, 0x3f, 0xe0, 0xff, 0x83, 0xfe, 0x07, 0xf8, 0x0f,
    0xe0, 0x1f, 0x80, 0x3c, 0x00, 0x00, 0x00, 0xfc, 0x03, 0xfc, 0x0f, 0xf8, 0x3f, 0xf0, 0x7f, 0xc0,
    0xff, 0x83, 0xfe, 0x0f, 0xf8, 0x3f, 0xe0, 0xff, 0x83, 0xfe, 0x07, 0xf8, 0x0f, 0xe0, 0x1f, 0x00,
    0x3c, 0x00, 0x00, 0x00, 0x0f, 0x00, 0x1f, 0x00, 0x7f, 0x00, 0xff, 0x01, 0xfe, 0x03, 0xfe, 0x07,
    0xfc, 0x07, 0xf8, 0x1f, 0xf0, 0x3f, 0xe0, 0x7f, 0xc0, 0xff, 0x80, 0xff, 0x00, 0xfe, 0x00, 0x7c,
    0x00, 0x00, 0x7c, 0x00, 0xfe, 0x01, 0xff, 0x03, 0xff, 0x07, 0xff, 0x0f, 0xfe, 0x1f, 0xfc, 0x3f,
    0xf8, 0x3f, 0xf0, 0x7f, 0xe0, 0x7f, 0xc0, 0xff, 0x80, 0xff, 0x00, 0xfc, 0x00, 0xf0, 0x00, 0x07,
    0x80, 0x7f, 0x81, 0xfe, 0x3f, 0xf8, 0xff, 0xe3, 0xff, 0x83, 0xff, 0xdf, 0xff, 0x71, 0xfd, 0xcf,
    0xf7, 0x3f, 0x9c, 0xfc, 0x7f, 0xe0, 0xff, 0x83, 0xfc, 0x00, 0x1e, 0x03, 0xc0, 0x78, 0x0e, 0x07,
    0xf8, 0xff, 0x9f, 0xff, 0xef, 0xfc, 0xfe, 0x1f, 0xc7, 0xfc, 0xf7, 0xbc, 0x77, 0x8e, 0xf0, 0x01,
    0xc0, 0xff, 0x87, 0xff, 0x3f, 0xfc, 0xff, 0xf3, 0xff, 0xc7, 0xff, 0xdf, 0xbf, 0x71, 0xfd, 0xcf,
    0xf7, 0x3f, 0x9c, 0xfc, 0x7f, 0xe0, 0xff, 0x83, 0xfc, 0x00, 0x3f, 0x7e, 0x7f, 0xff, 0xff, 0xff,
    0xff, 0xff, 0xff, 0xff, 0xff, 0xff, 0xff, 0xff, 0xff, 0xff, 0x7f, 0xff, 0x7f, 0xfe, 0x3f, 0xfc,
    0x1f, 0xfc, 0x0f, 0xf8, 0x07, 0xf0, 0x03, 0xc0, 0xe0, 0x1f, 0xff, 0xff, 0xff, 0xff, 0xff, 0xff,
    0xff, 0xff, 0xff, 0xff, 0xff, 0xff, 0xff, 0xfd, 0xff, 0xf7, 0xff, 0xdf, 0xff, 0xff, 0xff, 0xff,
    0xff, 0xff, 0xc0, 0x0f, 0xf0, 0x0f, 0xf0, 0x1f, 0xf8, 0x3f, 0xfc, 0x7f, 0xfe, 0x7f, 0xfe, 0xfc,
    0x3f, 0xfc, 0x3f, 0xff, 0xff, 0xff, 0xff, 0xff, 0xff, 0xff, 0xff, 0xff, 0xff, 0x7f, 0xfe, 0x3f,
    0xfc, 0x3f, 0x8f, 0xfb, 0xff, 0xff, 0xff, 0xff, 0xff, 0xff, 0xff, 0xff, 0xee, 0xfc, 0x1f, 0x83,
    0xf8, 0xff, 0xfe, 0xff, 0x8f, 0xe0, 0x1f, 0xe0, 0x7f, 0xf1, 0xff, 0xf7, 0xff, 0xef, 0xff, 0xff,
    0xff, 0xff, 0xff, 0xff, 0xff, 0xfc, 0x7f, 0xf8, 0xfd, 0xf1, 0xf3, 0xe3, 0xe3, 0xff, 0x83, 0xfe,
    0x03, 0xf0, 0x00, 0xff, 0xff, 0xff, 0xff, 0xff, 0xff, 0xff, 0xff, 0xff, 0xff, 0xff, 0xff, 0xff,
    0xff, 0xff, 0xff, 0xff, 0xff, 0xff, 0xff, 0xff, 0xff, 0xff, 0xff, 0xff, 0xff, 0xff, 0xff, 0xff,
    0xff, 0x00, 0x3f, 0xff, 0xff, 0xff, 0xff, 0xff, 0xff, 0xff, 0xff, 0xff, 0xff, 0xff, 0xff, 0xff,
    0xff, 0xe0, 0x07, 0xe0, 0x07, 0xe0, 0x07, 0xe0, 0x07, 0xff, 0xff, 0xff, 0xff, 0xff, 0xff, 0x03,
    0xfc, 0x77, 0xfc, 0x7f, 0xfe, 0x7f, 0xfe, 0x7f, 0xfe, 0xff, 0xff, 0xff, 0xff, 0xff, 0xff, 0xe7,
    0xe7, 0xe7, 0xe7, 0xe7, 0xe7, 0xe7, 0xe7, 0xff, 0xff, 0xff, 0xff, 0xff, 0xff, 0xff, 0xff, 0xff,
    0xff, 0xff, 0xff, 0xff, 0xee, 0x7d, 0xdc, 0xfb, 0xbe, 0xf7, 0x7d, 0xee, 0xff, 0xdd, 0xcf, 0xbb,
    0x9f, 0x77, 0xde, 0xef, 0xff, 0xff, 0xff, 0xff, 0xff, 0x80, 0x7f, 0xfb, 0xff, 0xff, 0xff, 0xff,
    0xff, 0xff, 0xfd, 0xff, 0xe7, 0xff, 0x9f, 0xfe, 0x7f, 0xf8, 0xff, 0xe3, 0xff, 0x8f, 0xfc, 0x3f,
    0xf0, 0xff, 0xc1, 0xfe, 0x00, 0x3f, 0xf7, 0xff, 0xff, 0xff, 0xff, 0xff, 0xff, 0xff, 0xff, 0xff,
    0xff, 0xff, 0xff, 0xff, 0xff, 0xff, 0xff, 0xff, 0xff, 0xff, 0xff, 0xff, 0xff, 0xe0, 0x3f, 0xfe,
    0xff, 0xff, 0xff, 0xff, 0xff, 0xff, 0xff, 0xff, 0xff, 0xff, 0xff, 0xff, 0xff, 0xff, 0xff, 0xff,
    0xff, 0xff, 0xff, 0xff, 0xff, 0xff, 0xff, 0xff, 0xff, 0xff, 0xff, 0xff, 0x7f, 0x87, 0xfe, 0x3f,
    0xf1, 0xff, 0x8f, 0xfc, 0x7f, 0xe3, 0xff, 0x1f, 0xf8, 0xff, 0xc7, 0xfe, 0x1f, 0xf0, 0x7f, 0xf3,
    0xff, 0x9f, 0xfc, 0x7f, 0xc0, 0x01, 0xf8, 0x07, 0xf8, 0x0f, 0xf0, 0x1f, 0xf0, 0x3f, 0xe0, 0xff,
    0xc1, 0xff, 0x8f, 0xff, 0x3f, 0xfe, 0xff, 0xfb, 0xfc, 0x07, 0xf8, 0x0f, 0xf0, 0x1f, 0xe0, 0x3f,
    0x80, 0x00, 0x1f, 0x00, 0x3f, 0xc0, 0x3f, 0xf0, 0x1f, 0xf8, 0x0f, 0xfe, 0x07, 0xff, 0x81, 0xff,
    0xe0, 0xff, 0xfc, 0x7f, 0x7e, 0x03, 0xff, 0xc0, 0xff, 0xe0, 0x7f, 0xf0, 0x1f, 0xf8, 0x0f, 0xf8,
    0x00, 0xf8, 0x00, 0x1c, 0x00, 0x7c, 0x1f, 0xf8, 0x3f, 0xf0, 0x7f, 0xc0, 0xff, 0x03, 0xfe, 0x07,
    0xfc, 0x0f, 0xf8, 0x03, 0xf0, 0x00, 0x07, 0x00, 0x0f, 0x00, 0x1e, 0x00, 0x3c, 0x00, 0x00, 0x1f,
    0xc0, 0x7f, 0xe0, 0x7f, 0xf0, 0xf8, 0xf0, 0xf0, 0x70, 0xe0, 0x78, 0xe0, 0x7f, 0xf0, 0x7f, 0xf0,
    0x7f, 0x78, 0x7e, 0x7c, 0xfe, 0x3d, 0xfe, 0x1f, 0xf0, 0x1f, 0xc0, 0x1f, 0xc0, 0x1f, 0xc0, 0xff,
    0xc7, 0xff, 0xbe, 0x1f, 0xf0, 0x3f, 0x80, 0x7f, 0x03, 0xfe, 0x1f, 0x7f, 0xf9, 0xff, 0xe1, 0xff,
    0x00, 0x7c, 0x00, 0x70, 0x07, 0x00, 0xff, 0xe3, 0xff, 0x9f, 0xff, 0x78, 0x3f, 0xc0, 0xff, 0x01,
    0xfc, 0x0f, 0x78, 0x3d, 0xff, 0xf7, 0xff, 0xbf, 0xfe, 0xff, 0xe3, 0xc0, 0x0e, 0x00, 0x00, 0x03,
    0xf0, 0x07, 0xf8, 0x1f, 0xf8, 0x7f, 0xfe, 0xff, 0xff, 0xff, 0xff, 0xff, 0xff, 0xff, 0xff, 0xff,
    0xff, 0xef, 0xf7, 0xfb, 0x9f, 0xff, 0xff, 0x3f, 0xfc, 0x0f, 0xf0, 0x03, 0xc0, 0xff, 0xff, 0x7f,
    0xff, 0xbf, 0xff, 0xdf, 0xff, 0xe7, 0xff, 0xe3, 0xff, 0xf1, 0xff, 0xf8, 0xff, 0xfe, 0xff, 0xff,
    0x7f, 0xef, 0xbb, 0xff, 0xff, 0xff, 0xff, 0xff, 0xf8, 0xff, 0x80, 0x01, 0xf0, 0x00, 0xfc, 0x00,
    0x7f, 0x80, 0x3e, 0xf0, 0x1f, 0xfe, 0x0f, 0xff, 0xc3, 0xff, 0xf9, 0xff, 0xff, 0xff, 0xff, 0xfc,
    0xff, 0x7f, 0xff, 0xff, 0xff, 0xff, 0x7f, 0xff, 0x80, 0x0e, 0x03, 0x80, 0xe0, 0x78, 0x1e, 0x07,
    0x83, 0xf0, 0xfc, 0x3f, 0x0f, 0xc7, 0xf9, 0xfe, 0xff, 0xff, 0xff, 0xbc, 0x0f, 0xbf, 0xff, 0xff,
    0xff, 0xff, 0xff, 0xff, 0xff, 0xfe, 0xff, 0xbf, 0xef, 0xfb, 0xfe, 0xff, 0xff, 0xff, 0xff, 0xff,
    0xff, 0xff, 0xff, 0xff, 0xff, 0xff, 0xff, 0xff, 0xff, 0xff, 0xff, 0xff, 0xff, 0xff, 0xff, 0xff,
    0xff, 0xff, 0xff, 0xff, 0xff, 0xff, 0xff, 0x80, 0x1f, 0x83, 0xfe, 0x7f, 0xf7, 0xff, 0x7f, 0xf7,
    0xff, 0x7f, 0xff, 0xff, 0xff, 0xff, 0xff, 0xfd, 0xff, 0xbf, 0xff, 0xef, 0xfe, 0x7f, 0xc0, 0x0f,
    0xf0, 0x1f, 0xf8, 0x3f, 0xfc, 0x7c, 0x3e, 0x7f, 0xfe, 0xff, 0xff, 0xef, 0xf7, 0xef, 0xf7, 0xff,
    0xff, 0xff, 0xff, 0x7f, 0xfe, 0x7f, 0xfe, 0x3f, 0xfc, 0x1f, 0xf8, 0x0f, 0xf0, 0x0f, 0xf0, 0x1f,
    0xf8, 0x3f, 0xfc, 0x7c, 0x3e, 0x7e, 0x7e, 0xff, 0xff, 0xef, 0xf7, 0xff, 0xff, 0xff, 0xff, 0xff,
    0xff, 0x7f, 0xfe, 0x7f, 0xfe, 0x3f, 0xfc, 0x1f, 0xf8, 0x0f, 0xf0, 0x03, 0xf8, 0x03, 0xff, 0x81,
    0xff, 0xf0, 0xf8, 0x7c, 0x3f, 0xbf, 0x8f, 0xef, 0xe7, 0xfb, 0xfb, 0xf0, 0x1f, 0xff, 0xff, 0xff,
    0xff, 0xff, 0xff, 0xfd, 0xff, 0xfe, 0x1f, 0xff, 0x03, 0xff, 0x80, 0x3f, 0x80, 0x0f, 0xf0, 0x1f,
    0xf8, 0x3f, 0xfc, 0x7c, 0x3e, 0x7f, 0xfe, 0xff, 0xff, 0xef, 0xf7, 0xef, 0xf7, 0xff, 0xff, 0xff,
    0xff, 0x7f, 0xfe, 0x7f, 0xfe, 0x3f, 0xfc, 0x1f, 0xf8, 0x0f, 0xf0, 0x0f, 0xf0, 0x1f, 0xf8, 0x3f,
    0xfc, 0x7c, 0x3e, 0x78, 0x1e, 0xff, 0xff, 0xef, 0xf7, 0xef, 0xf7, 0xff, 0xff, 0xff, 0xff, 0x7f,
    0xfe, 0x7f, 0xfe, 0x3f, 0xfc, 0x1f, 0xf8, 0x0f, 0xf0, 0x0f, 0xe0, 0x1f, 0xff, 0x1f, 0xff, 0xcf,
    0x87, 0xff, 0x03, 0xff, 0xbb, 0xff, 0x9d, 0xff, 0xce, 0xfe, 0xff, 0xff, 0x7f, 0xff, 0xbf, 0xff,
    0x8f, 0xff, 0xc7, 0xff, 0xc1, 0xff, 0xc0, 0x3f, 0xc0, 0x0f, 0xf0, 0x1f, 0xf8, 0x3f, 0xfc, 0x7c,
    0x3e, 0x7c, 0x3e, 0xff, 0xff, 0xff, 0xff, 0xff, 0xff, 0xff, 0xff, 0xff, 0xff, 0x7f, 0xfe, 0x7f,
    0xfe, 0x3f, 0xfc, 0x1f, 0xf8, 0x0f, 0xf0, 0x3f, 0xf9, 0xff, 0xff, 0xff, 0xff, 0xff, 0xff, 0xff,
    0xff, 0xff, 0xfb, 0xbf, 0xf7, 0x77, 0xe0, 0x0f, 0xdf, 0xbf, 0xff, 0x7b, 0xff, 0xe7, 0xff, 0xc7,
    0xff, 0x03, 0xf8, 0x00, 0xf7, 0xf7, 0xff, 0xff, 0xff, 0xff, 0xfc, 0x3f, 0xf0, 0x07, 0x70, 0x07,
    0x7f, 0xf7, 0x0f, 0xf7, 0x7f, 0xf7, 0x7f, 0xff, 0x7f, 0xcf, 0x7f, 0xfe, 0x3f, 0xfe, 0x1f, 0xfc,
    0x07, 0xf0, 0x0f, 0xf0, 0x1f, 0xf8, 0x3f, 0xfc, 0x7e, 0x3e, 0x7e, 0x1e, 0xff, 0x7f, 0xef, 0x7f,
    0xef, 0x7f, 0xef, 0x7f, 0xf7, 0xef, 0x7f, 0xfe, 0x7f, 0xfe, 0x3f, 0xfc, 0x1f, 0xf8, 0x0f, 0xf0,
    0x0f, 0xf0, 0x1f, 0xf8, 0x3f, 0xfc, 0x7c, 0x3e, 0x7e, 0x7e, 0xff, 0xff, 0xef, 0xf7, 0xff, 0xe7,
    0xfe, 0x07, 0xff, 0xef, 0x7f, 0xfe, 0x7f, 0xfe, 0x3f, 0xfc, 0x1f, 0xf8, 0x0f, 0xf0, 0x0f, 0xe0,
    0x1f, 0xf8, 0x3f, 0xfc, 0x7c, 0x3e, 0x7e, 0x7e, 0xfe, 0x7e, 0xee, 0x7f, 0xf8, 0x1f, 0xf8, 0x3f,
    0xfc, 0x7e, 0x7f, 0xfe, 0x7f, 0xfe, 0x3f, 0xfe, 0x1f, 0xfe, 0x0f, 0xfc, 0x0f, 0xf0, 0x1f, 0xf8,
    0x3f, 0xfc, 0x7e, 0x7e, 0x7e, 0x7e, 0xfe, 0x7f, 0xff, 0xff, 0xff, 0xff, 0xff, 0xff, 0xf7, 0xef,
    0x7f, 0xfe, 0x7f, 0xfe, 0x3f, 0xfc, 0x1f, 0xf8, 0x0f, 0xf0, 0x0f, 0xf0, 0x1f, 0xf8, 0x3f, 0xfc,
    0x7f, 0xfe, 0x7f, 0xfe, 0xff, 0xff, 0xff, 0xff, 0xff, 0xff, 0xff, 0xff, 0xf7, 0xef, 0x7f, 0xfe,
    0x7f, 0xfe, 0x3f, 0xfc, 0x1f, 0xf8, 0x0f, 0xf0, 0x07, 0xf0, 0x1f, 0xfc, 0x3f, 0xfe, 0x7e, 0x3e,
    0xff, 0xff, 0xff, 0xff, 0xff, 0xff, 0x7f, 0xff, 0x7f, 0xff, 0x7f, 0xff, 0x7f, 0xef, 0x7f, 0xfe,
    0x3f, 0xfe, 0x1f, 0xfc, 0x07, 0xf0, 0x0f, 0xf0, 0x1f, 0xf8, 0x3f, 0xfc, 0x7c, 0x3e, 0x78, 0x1e,
    0xfe, 0x7f, 0xff, 0x7f, 0xff, 0x7f, 0xef, 0x7f, 0xf0, 0x0f, 0x7f, 0xfe, 0x7f, 0xfe, 0x3f, 0xfc,
    0x1f, 0xf8, 0x0f, 0xf0, 0x0f, 0xf0, 0x1f, 0xf8, 0x3f, 0xfc, 0x7c, 0x3e, 0x78, 0x1e, 0xff, 0xff,
    0xef, 0xf7, 0xef, 0xf7, 0xef, 0xf7, 0xff, 0xff, 0x7f, 0xfe, 0x7c, 0x3e, 0x3f, 0xfc, 0x1f, 0xf8,
    0x0f, 0xf0, 0x0f, 0xf0, 0x1f, 0xf8, 0x3f, 0xfc, 0x7c, 0x3e, 0x78, 0x1e, 0xff, 0xff, 0xef, 0xf7,
    0xef, 0xf7, 0xef, 0xf7, 0xff, 0xff, 0x7f, 0xfe, 0x7c, 0x3e, 0x3f, 0xfc, 0x1f, 0xf8, 0x0f, 0xf0,
    0x0f, 0xf0, 0x1f, 0xf8, 0x3f, 0xfc, 0x7c, 0x3e, 0x78, 0x3e, 0xfe, 0x7f, 0xff, 0x7f, 0xff, 0x7f,
    0xef, 0x7f, 0xf3, 0xcf, 0x7b, 0xde, 0x7f, 0xfe, 0x3f, 0xfc, 0x1f, 0xf8, 0x0f, 0xf0, 0x0f, 0xf0,
    0x3f, 0xf8, 0x7f, 0xfc, 0x7e, 0x3e, 0x7e, 0x1e, 0xfe, 0x0f, 0xfe, 0x07, 0xff, 0xff, 0xff, 0xff,
    0xff, 0xff, 0x7b, 0xde, 0x7f, 0xfe, 0x3f, 0xfc, 0x1f, 0xf8, 0x0f, 0xf0, 0x0f, 0xf0, 0x1f, 0xf8,
    0x3f, 0xfc, 0x7c, 0x3e, 0x7c, 0x3e, 0xfc, 0x3f, 0xfc, 0x3f, 0xfe, 0xff, 0xfe, 0xff, 0xfe, 0xff,
    0x7f, 0xde, 0x7f, 0xfe, 0x3f, 0xfc, 0x1f, 0xf8, 0x0f, 0xf0, 0x0f, 0xf0, 0x1f, 0xf8, 0x3f, 0xfc,
    0x7c, 0x3e, 0x7f, 0xfe, 0xff, 0xff, 0xef, 0xf7, 0xef, 0xf7, 0xe3, 0xe7, 0xff, 0xef, 0x7f, 0xfe,
    0x7e, 0x3e, 0x3f, 0xfc, 0x1f, 0xf8, 0x0f, 0xf0, 0x0f, 0xf0, 0x1f, 0xf8, 0x3f, 0xfc, 0x7c, 0x3e,
    0x78, 0x1e, 0xf0, 0x0f, 0xef, 0xf7, 0xff, 0xff, 0xff, 0xff, 0xff, 0xff, 0x7f, 0xfe, 0x7f, 0xfe,
    0x3f, 0xfc, 0x1f, 0xf8, 0x0f, 0xf0, 0x0f, 0xf0, 0x1f, 0xf8, 0x3f, 0xfc, 0x7c, 0x3e, 0x7f, 0xfe,
    0xff, 0xff, 0xef, 0xf7, 0xef, 0xf7, 0xe3, 0xc7, 0xf3, 0xcf, 0x7b, 0xde, 0x7f, 0xfe, 0x3f, 0xfc,
    0x1f, 0xf8, 0x0f, 0xf0, 0x0f, 0xf0, 0x1f, 0xf8, 0x3f, 0xfc, 0x7c, 0x3e, 0x7e, 0x7e, 0xff, 0xff,
    0xef, 0xf7, 0xef, 0xff, 0xe1, 0xff, 0xf1, 0xff, 0x7b, 0xff, 0x7f, 0xff, 0x3f, 0xfe, 0x1f, 0xf0,
    0x0f, 0xf0, 0x0f, 0xf0, 0x1f, 0xf8, 0x3f, 0xfc, 0x7c, 0x3e, 0x78, 0x1e, 0xfe, 0xff, 0xee, 0xf7,
    0xee, 0xf7, 0xe1, 0xc7, 0xf1, 0xcf, 0x7b, 0xde, 0x7f, 0xfe, 0x3f, 0xfc, 0x1f, 0xf8, 0x0f, 0xf0,
    0x0f, 0xf0, 0x1f, 0xf8, 0x3f, 0xfc, 0x7e, 0x7e, 0x7e, 0x7e, 0xfe, 0xff, 0xfe, 0xf7, 0xfe, 0xf7,
    0xff, 0xc7, 0xff, 0xcf, 0x7b, 0xde, 0x7f, 0xfe, 0x3f, 0xfc, 0x1f, 0xf8, 0x0f, 0xf0, 0x0f, 0xf0,
    0x1f, 0xf8, 0x3f, 0xfc, 0x7c, 0x3e, 0x78, 0x1e, 0xff, 0xff, 0xef, 0xf7, 0xef, 0xf7, 0xff, 0xff,
    0xff, 0xff, 0xff, 0xff, 0x7f, 0xfe, 0x7f, 0xfe, 0x3f, 0xfc, 0x0f, 0xf0, 0x03, 0xc0, 0x0f, 0xf0,
    0x1f, 0xf8, 0x3f, 0xfc, 0x7c, 0x7e, 0x7d, 0xfe, 0xff, 0xff, 0xff, 0xff, 0xef, 0xff, 0xff, 0xff,
    0xff, 0xff, 0xff, 0xff, 0x7f, 0xfe, 0x7f, 0xfe, 0x3f, 0xfc, 0x0f, 0xf0, 0x03, 0xc0, 0x0f, 0xf0,
    0x1f, 0xf8, 0x3f, 0xfc, 0x7c, 0x3e, 0x78, 0x1e, 0xfe, 0x7f, 0xfe, 0x7f, 0xfe, 0x7f, 0xff, 0xff,
    0xff, 0xff, 0xff, 0xff, 0x7f, 0xfe, 0x7f, 0xfe, 0x3f, 0xfc, 0x0f, 0xf0, 0x03, 0xc0, 0x0f, 0xf0,
    0x1f, 0xf8, 0x3f, 0xfc, 0x7c, 0x3e, 0x78, 0x1e, 0xf0, 0x0f, 0xe0, 0x07, 0xff, 0xff, 0xff, 0xff,
    0xff, 0xff, 0x7b, 0xde, 0x7f, 0xfe, 0x3f, 0xfc, 0x1f, 0xf8, 0x0f, 0xf0, 0x0f, 0xf0, 0x1f, 0xf8,
    0x3f, 0xfc, 0x7c, 0x3e, 0x7c, 0x3e, 0xff, 0xff, 0xef, 0xf7, 0xef, 0xf7, 0xef, 0xf7, 0xf7, 0xef,
    0x7f, 0xfe, 0x7f, 0xfe, 0x3f, 0xfc, 0x1f, 0xf8, 0x0f, 0xf0, 0x0f, 0xf0, 0x1f, 0xf8, 0x3f, 0xfc,
    0x7c, 0x3e, 0x78, 0x1e, 0xf0, 0x0f, 0xee, 0x77, 0xef, 0xf7, 0xef, 0xf7, 0xff, 0xff, 0x7b, 0xfe,
    0x7f, 0xfe, 0x3f, 0xfc, 0x1f, 0xf8, 0x0f, 0xf0, 0x1e, 0x78, 0x3e, 0x7c, 0x7f, 0x7e, 0x7f, 0x1e,
    0xff, 0x0f, 0xff, 0x0f, 0xfe, 0x77, 0xef, 0xf7, 0xef, 0xf7, 0xff, 0xff, 0x7b, 0xfe, 0x7f, 0xfe,
    0x3f, 0xfc, 0x1f, 0xf8, 0x0f, 0xf0, 0x0f, 0xf0, 0x1f, 0xf8, 0x3f, 0xfc, 0x7e, 0x7e, 0x7e, 0x7e,
    0xff, 0xff, 0xff, 0xff, 0xef, 0xf7, 0xff, 0xf7, 0xff, 0xef, 0x7f, 0xfe, 0x7f, 0xfe, 0x3f, 0xfc,
    0x3f, 0xf8, 0x0f, 0xf0, 0x0f, 0xf0, 0x1f, 0xf8, 0x3f, 0xfc, 0x7c, 0x3e, 0x7c, 0x3e, 0xfc, 0x3f,
    0xfe, 0x7f, 0xef, 0xf7, 0xef, 0xf7, 0xff, 0xff, 0x7b, 0xde, 0x7f, 0xfe, 0x3f, 0xfc, 0x1f, 0xf8,
    0x0f, 0xf0, 0x07, 0xf0, 0x1f, 0xfc, 0x3f, 0xfe, 0x7f, 0x7e, 0x7f, 0x7f, 0x7f, 0xff, 0x7f, 0xff,
    0x7f, 0xff, 0xff, 0xff, 0xff, 0xff, 0xff, 0xff, 0xfe, 0x3f, 0xff, 0xff, 0x7f, 0xff, 0x07, 0xf0,
    0x07, 0xf0, 0x1f, 0xfc, 0x3f, 0xfe, 0x7c, 0x3e, 0x78, 0x3f, 0x70, 0x3f, 0x7f, 0x7f, 0x7f, 0x7f,
    0xff, 0x7f, 0xff, 0xff, 0xff, 0xff, 0xff, 0xfe, 0x7f, 0xfe, 0x1f, 0xfc, 0x07, 0xf0, 0x0f, 0xf0,
    0x1f, 0xf8, 0x3f, 0xfc, 0x7c, 0x3e, 0x78, 0x1e, 0xff, 0xff, 0xef, 0xf7, 0xef, 0xf7, 0xef, 0xf7,
    0xf7, 0xef, 0x7f, 0xfe, 0x7f, 0xfe, 0x3f, 0xfc, 0x1f, 0xf8, 0x0f, 0xf0, 0x0f, 0xf0, 0x1f, 0xf8,
    0x3f, 0xfc, 0x7e, 0x7e, 0x7e, 0x7e, 0xff, 0xff, 0xef, 0xf7, 0xef, 0xf7, 0xef, 0xf7, 0xf7, 0xef,
    0x7f, 0xfe, 0x7f, 0xfe, 0x3f, 0xfc, 0x1f, 0xf8, 0x0f, 0xf0, 0x0f, 0xf0, 0x3f, 0xfc, 0x7f, 0xfe,
    0x7f, 0xfe, 0xff, 0xff, 0xff, 0xff, 0xef, 0xf7, 0xef, 0xf7, 0xef, 0xf7, 0xf7, 0xef, 0x7f, 0xfe,
    0x7f, 0xfe, 0x3f, 0xfc, 0x1f, 0xf8, 0x0f, 0xf0, 0x0f, 0xf0, 0x1f, 0xf8, 0x3f, 0xfc, 0x7c, 0x3e,
    0x78, 0x1e, 0xfe, 0xef, 0xee, 0xe7, 0xef, 0xe7, 0xe7, 0xc7, 0xff, 0xff, 0x7f, 0xfe, 0x7f, 0xfe,
    0x3f, 0xfc, 0x1f, 0xf8, 0x0f, 0xf0, 0x0f, 0xf0, 0x1f, 0xf8, 0x3f, 0xfc, 0x7c, 0x3e, 0x7c, 0x1e,
    0xfc, 0x1f, 0xfe, 0x7f, 0xfe, 0x7f, 0xfe, 0xff, 0xf3, 0xff, 0x7f, 0xff, 0x7f, 0xff, 0x3f, 0xff,
    0x1f, 0xfc, 0x0f, 0xf0, 0x0f, 0xf0, 0x1f, 0xf8, 0x3f, 0xfc, 0x7e, 0xfe, 0x7e, 0xfe, 0xfe, 0xff,
    0xfe, 0xf7, 0xff, 0xf7, 0xff, 0xf7, 0xff, 0xff, 0x7f, 0xfe, 0x7f, 0xfe, 0x3f, 0xfc, 0x1f, 0xf8,
    0x0f, 0xf0, 0x0f, 0xf0, 0x1f, 0xf8, 0x3f, 0xfc, 0x7c, 0x3e, 0x7f, 0xfe, 0xff, 0xff, 0xef, 0xf7,
    0xff, 0xff, 0xff, 0xff, 0xff, 0xff, 0x7f, 0xfe, 0x7f, 0xfe, 0x3f, 0xfc, 0x1f, 0xf8, 0x0f, 0xf0,
    0x0f, 0xf0, 0x1f, 0xfc, 0x3f, 0xfe, 0x7c, 0x3e, 0x7e, 0x7f, 0xff, 0x7f, 0xff, 0x7f, 0xff, 0xff,
    0xff, 0xff, 0xff, 0xff, 0xff, 0xff, 0x7f, 0xfe, 0x7f, 0xfe, 0x3f, 0xfc, 0x3f, 0xfc, 0x1f, 0x78,
    0x0f, 0xf0, 0x1f, 0xf8, 0x3f, 0xfc, 0x7c, 0x3e, 0x7f, 0xfe, 0xff, 0xff, 0xef, 0xf7, 0xef, 0xf7,
    0xe7, 0xe7, 0xf7, 0xef, 0x7f, 0xfe, 0x7f, 0xfe, 0x3f, 0xfc, 0x1f, 0xf8, 0x0f, 0xf0, 0x0f, 0xf0,
    0x1f, 0xf8, 0x3f, 0xfc, 0x7c, 0x7e, 0x7c, 0x7e, 0xfe, 0xff, 0xfe, 0xf7, 0xfe, 0xf7, 0xfe, 0xf7,
    0xf7, 0xcf, 0x7f, 0xde, 0x7f, 0xfe, 0x3f, 0xfc, 0x1f, 0xf8, 0x0f, 0xf0, 0x0f, 0xf8, 0x0f, 0xfe,
    0x0f, 0xff, 0x8f, 0xff, 0xe7, 0xff, 0xf3, 0xff, 0xf9, 0xfd, 0xfe, 0xfe, 0xf7, 0xff, 0x7f, 0xff,
    0xfb, 0xbf, 0xff, 0xdf, 0xff, 0xef, 0xff, 0xe1, 0xff, 0xe0, 0x3f, 0xc0, 0x0f, 0xf8, 0x0f, 0xfe,
    0x0f, 0xff, 0x8f, 0xff, 0xe7, 0xff, 0xf3, 0xff, 0xf9, 0xfe, 0x7c, 0xff, 0x7e, 0xff, 0xff, 0xff,
    0xff, 0xff, 0xff, 0xff, 0xff, 0xff, 0xff, 0xfb, 0xff, 0xf8, 0xff, 0xf8, 0x3c, 0x78, 0x0f, 0xf0,
    0x1f, 0xf8, 0x3f, 0xfc, 0x7e, 0x7e, 0x7e, 0x7e, 0xff, 0x7f, 0xef, 0x77, 0xef, 0xf7, 0xe3, 0xe7,
    0xf3, 0xef, 0x7b, 0xfe, 0x7f, 0xfe, 0x3f, 0xfc, 0x1f, 0xf8, 0x0f, 0xf0, 0x0f, 0xf0, 0x1f, 0xf8,
    0x3f, 0xfc, 0x7e, 0x7e, 0x7e, 0x7e, 0xff, 0xff, 0xff, 0xff, 0xff, 0xff, 0xff, 0xff, 0xfe, 0x7f,
    0x7b, 0xde, 0x7f, 0xfe, 0x3f, 0xfc, 0x1f, 0xf8, 0x0f, 0xf0, 0x0f, 0xef, 0x1f, 0xef, 0x3f, 0xef,
    0x7d, 0xce, 0x79, 0xce, 0xf1, 0xcf, 0xfe, 0xf7, 0xfe, 0xf7, 0xfe, 0xf7, 0xf3, 0xcf, 0x7f, 0xde,
    0x7f, 0xfe, 0x3f, 0xfc, 0x1f, 0xf8, 0x0f, 0xf0, 0x0f, 0xf0, 0x1f, 0xf8, 0x3f, 0xfc, 0x7e, 0x7e,
    0x7f, 0x7e, 0xff, 0xff, 0xff, 0xf7, 0xff, 0xf7, 0xff, 0xf7, 0xf7, 0xef, 0x7f, 0xfe, 0x7f, 0xfe,
    0x3f, 0xfc, 0x1f, 0xf8, 0x0f, 0xf0, 0x0f, 0xf0, 0x1f, 0xf8, 0x3f, 0xfc, 0x7c, 0x3e, 0x78, 0x1e,
    0xff, 0xff, 0xef, 0xf7, 0xef, 0xf7, 0xef, 0xf7, 0xf0, 0x0f, 0x78, 0x1e, 0x7c, 0x3e, 0x3f, 0xfc,
    0x1f, 0xf8, 0x0f, 0xf0, 0x0f, 0xf0, 0x1f, 0xf8, 0x3f, 0xfc, 0x7c, 0x3e, 0x7f, 0xfe, 0xff, 0xff,
    0xef, 0xf7, 0xff, 0xff, 0xff, 0xff, 0xfc, 0x3f, 0x7e, 0x7e, 0x7f, 0xfe, 0x3f, 0xfc, 0x1f, 0xf8,
    0x0f, 0xf0, 0x38, 0x1c, 0x7c, 0x3e, 0x7f, 0xfe, 0x7f, 0xfe, 0x7f, 0xfe, 0x7f, 0xfe, 0xff, 0xff,
    0xff, 0x7f, 0xff, 0xff, 0x7f, 0xfe, 0x7f, 0xfe, 0x7f, 0xfe, 0x3f, 0xfc, 0x1f, 0xf8, 0x07, 0xf0,
    0x38, 0x1c, 0x7c, 0x3e, 0x7f, 0xfe, 0x7f, 0xfe, 0x7f, 0xfe, 0x7f, 0xfe, 0xff, 0xff, 0xff, 0x7f,
    0xff, 0xff, 0xff, 0xff, 0xff, 0xff, 0xff, 0xff, 0x7f, 0xfe, 0x1f, 0xf8, 0x07, 0xe0, 0x38, 0x1c,
    0x7c, 0x3e, 0x7f, 0xfe, 0x7f, 0xfe, 0x7f, 0xfe, 0x7f, 0xfe, 0x7f, 0xfe, 0x7e, 0x7e, 0xff, 0xff,
    0xff, 0xff, 0xff, 0xff, 0x7f, 0xfe, 0x3f, 0xfc, 0x1f, 0xf8, 0x07, 0xf0, 0x38, 0x1c, 0x7c, 0x3e,
    0x7f, 0xfe, 0x7f, 0xfe, 0x7f, 0xfe, 0x7f, 0xfe, 0x7f, 0xfe, 0xff, 0xff, 0xff, 0xff, 0xff, 0xff,
    0xff, 0xff, 0x7f, 0xfe, 0x7f, 0xfe, 0x1f, 0xf8, 0x07, 0xf0, 0x38, 0x1c, 0x7c, 0x3e, 0x7f, 0xfe,
    0x7f, 0xfe, 0x7f, 0xfe, 0x7f, 0xfe, 0x7f, 0xfe, 0x7e, 0x7e, 0xff, 0xff, 0xfb, 0xff, 0xfb, 0xff,
    0x7f, 0xfe, 0x3f, 0xfc, 0x1f, 0xf8, 0x07, 0xf0, 0x38, 0x1c, 0x7c, 0x3e, 0x7f, 0xfe, 0x7f, 0xfe,
    0x7f, 0xfe, 0x7f, 0xfe, 0xff, 0xff, 0xff, 0x7f, 0xff, 0xff, 0xf9, 0xcf, 0xf9, 0xdf, 0x7c, 0x3f,
    0x3f, 0xfc, 0x1f, 0xf8, 0x07, 0xf0, 0x38, 0x1c, 0x7c, 0x3e, 0x7f, 0xfe, 0x7f, 0xfe, 0x7f, 0xfe,
    0x7f, 0xfe, 0xff, 0xff, 0xfe, 0x7f, 0xff, 0xff, 0x7b, 0xcf, 0x7f, 0xdf, 0x7f, 0xff, 0x3f, 0xfc,
    0x1f, 0xf8, 0x07, 0xf0, 0xfc, 0x7e, 0xff, 0xfe, 0xff, 0xfe, 0xff, 0xfe, 0xff, 0xfe, 0x7f, 0xfe,
    0xff, 0xff, 0xff, 0xff, 0xff, 0xdf, 0xff, 0xde, 0xff, 0xfe, 0x7f, 0xfe, 0x3f, 0xf8, 0x1f, 0xe0,
    0x38, 0x1e, 0x7c, 0x3e, 0x7f, 0xfe, 0x7f, 0xfe, 0x7f, 0xfe, 0x7f, 0xfe, 0xff, 0xff, 0xff, 0xff,
    0xff, 0xff, 0xff, 0xff, 0x7f, 0xff, 0x7f, 0xff, 0x3f, 0xfc, 0x1f, 0xfc, 0x1f, 0xfc, 0x0f, 0xf0,
    0x1f, 0xf8, 0x3f, 0xfc, 0x7c, 0x3e, 0x7f, 0xfe, 0xff, 0xff, 0xef, 0xf7, 0xef, 0xf7, 0xe3, 0xc7,
    0xf3, 0xcf, 0x7b, 0xde, 0x7c, 0x3e, 0x3f, 0xfc, 0x1f, 0xf8, 0x0f, 0xf0, 0x0f, 0xf0, 0x1f, 0xf8,
    0x3f, 0xfc, 0x7c, 0x3e, 0x7f, 0xfe, 0xff, 0xff, 0xef, 0xf7, 0xef, 0xf7, 0xe0, 0x07, 0xf7, 0xef,
    0x7f, 0xfe, 0x7f, 0xfe, 0x3f, 0xfc, 0x1f, 0xf8, 0x0f, 0xf0, 0x0f, 0xf0, 0x1f, 0xf8, 0x3f, 0xfc,
    0x7f, 0xfe, 0x7f, 0xfe, 0xf7, 0xef, 0xe0, 0x07, 0xef, 0xf7, 0xef, 0xf7, 0xff, 0xff, 0x7f, 0xfe,
    0x7c, 0x3e, 0x3f, 0xfc, 0x1f, 0xf8, 0x0f, 0xf0, 0x0f, 0xf0, 0x1f, 0xf8, 0x3f, 0xfc, 0x7c, 0x3e,
    0x7e, 0xfe, 0xff, 0xff, 0xff, 0xff, 0xff, 0xff, 0xff, 0xff, 0xfe, 0xff, 0x7f, 0xde, 0x7f, 0xfe,
    0x3f, 0xfc, 0x1f, 0xf8, 0x0f, 0xf0, 0x07, 0xf0, 0x0f, 0xfc, 0x07, 0xff, 0x07, 0xff, 0x87, 0xff,
    0xe3, 0xff, 0xfb, 0xff, 0xfd, 0xff, 0xff, 0xef, 0xff, 0xf7, 0xff, 0xff, 0xff, 0xff, 0xff, 0xe7,
    0xff, 0xf0, 0x1f, 0xf8, 0x1f, 0xfc, 0x3f, 0xfc, 0x7f, 0xfc, 0x7f, 0xff, 0xff, 0xff, 0xff, 0xff,
    0xff, 0xfc, 0xff, 0xfc, 0xff, 0xe7, 0xf3, 0xe7, 0x7b, 0xff, 0x7f, 0xfc, 0x3f, 0xfc, 0x0f, 0xf8,
    0x03, 0xb8, 0x07, 0xef, 0xc1, 0xff, 0xf0, 0x7f, 0xfc, 0x1f, 0xfe, 0x0f, 0x87, 0xc7, 0xc0, 0xf9,
    0xe0, 0x1f, 0xf7, 0xbb, 0xff, 0xef, 0xff, 0xff, 0xff, 0xff, 0xff, 0x7f, 0xff, 0xcf, 0xff, 0xe0,
    0x03, 0xf0, 0x01, 0xff, 0x00, 0xff, 0xe0, 0x7f, 0xfc, 0x3f, 0xff, 0x9f, 0xff, 0xe7, 0xff, 0xfd,
    0xff, 0xff, 0xff, 0xff, 0xff, 0xff, 0xff, 0xff, 0xff, 0xff, 0xff, 0xff, 0xbf, 0xdf, 0xcf, 0xf3,
    0xe0, 0xf8, 0x03, 0xf0, 0x01, 0xff, 0x00, 0xff, 0xe0, 0xff, 0xfc, 0x7f, 0xff, 0x9f, 0xff, 0xf7,
    0xff, 0xfd, 0xff, 0xff, 0x7f, 0xff, 0xff, 0xff, 0xff, 0xff, 0xff, 0xff, 0xff, 0xff, 0xbf, 0xdf,
    0xcf, 0xf3, 0xe1, 0xf8, 0x07, 0xe0, 0x0f, 0xf8, 0x1f, 0xfc, 0x3f, 0xfc, 0x7f, 0xfe, 0xff, 0xff,
    0xff, 0x3f, 0xff, 0xff, 0xff, 0xff, 0x7f, 0xfe, 0x7f, 0xfe, 0x7f, 0xff, 0x7f, 0xff, 0x7f, 0xff,
    0x7c, 0x1e, 0x78, 0x07, 0xe0, 0x3f, 0x01, 0xff, 0x8f, 0xfe, 0x7f, 0xfb, 0xff, 0xdf, 0xff, 0xef,
    0xff, 0x7f, 0xf9, 0xfd, 0xe0, 0xf7, 0xff, 0xbf, 0xfc, 0xff, 0xc0, 0x01, 0xc0, 0x00, 0xf8, 0x01,
    0xfc, 0x0f, 0xff, 0xcf, 0xf3, 0xf7, 0xf1, 0xff, 0xf8, 0xff, 0xff, 0xff, 0xff, 0xff, 0xff, 0xff,
    0xff, 0xff, 0xfd, 0xef, 0xfe, 0xe7, 0xf7, 0x71, 0xfb, 0x80, 0xfc, 0x07, 0xe0, 0x0f, 0xf8, 0x1f,
    0xf8, 0x3e, 0x7c, 0x3f, 0xfe, 0x7f, 0xfe, 0xff, 0xff, 0xf0, 0xe7, 0xe0, 0xe7, 0xf0, 0x0f, 0xff,
    0xff, 0x7f, 0xff, 0x1f, 0xf8, 0x07, 0xf0, 0x0f, 0xfc, 0x07, 0xff, 0x07, 0xff, 0x87, 0xff, 0xe3,
    0xff, 0x7b, 0xcf, 0xbd, 0xff, 0xff, 0xff, 0xff, 0xff, 0xff, 0xff, 0xff, 0xff, 0xff, 0xe7, 0xff,
    0xf0, 0x0f, 0x80, 0x7c, 0x07, 0xe0, 0x3f, 0x01, 0xf8, 0x0f, 0xc0, 0x7f, 0x07, 0xf8, 0xff, 0xff,
    0xff, 0xff, 0xfe, 0x7f, 0x81, 0xfc, 0x0f, 0xe0, 0x7f, 0x00, 0x00, 0x3c, 0x01, 0xfc, 0x07, 0xf8,
    0x1f, 0xf0, 0x7f, 0xe3, 0xff, 0x9f, 0xff, 0x7f, 0xfc, 0xff, 0xf1, 0xff, 0xc1, 0xff, 0x07, 0xfe,
    0x0f, 0xf8, 0x1f, 0xf0, 0x01, 0xc0, 0x00, 0xff, 0xfc, 0x7f, 0xfe, 0x3f, 0xff, 0xe7, 0xff, 0xf1,
    0xff, 0xf9, 0xff, 0xf9, 0xff, 0xfd, 0xff, 0xfe, 0xff, 0xff, 0x7f, 0xf3, 0x9f, 0xf0, 0x0f, 0xfc,
    0x07, 0xfe, 0x03, 0xff, 0x00, 0x1f, 0xe0, 0x0f, 0xf8, 0x0f, 0xfc, 0x07, 0xff, 0xe3, 0xff, 0xf0,
    0xf3, 0xf8, 0x7f, 0xfc, 0x7f, 0xfe, 0x3f, 0xff, 0x9f, 0xff, 0xcf, 0xff, 0xef, 0xff, 0xef, 0xff,
    0xf7, 0xff, 0xfb, 0xff, 0xfc, 0xff, 0xff, 0x7f, 0xff, 0xff, 0xff, 0xff, 0xff, 0xff, 0xff, 0xff,
    0xff, 0xff, 0xff, 0xff, 0xff, 0xff, 0xff, 0xff, 0xff, 0xff, 0xff, 0xff, 0xff, 0xff, 0xf7, 0xff,
    0xf0, 0x00, 0x1f, 0x00, 0x7f, 0x01, 0xff, 0x07, 0xff, 0x0f, 0xff, 0x1f, 0xf7, 0x3f, 0xc7, 0x7f,
    0xff, 0xff, 0xff, 0xff, 0xff, 0xff, 0xff, 0xff, 0xff, 0x7f, 0xff, 0x70, 0x7f, 0x00, 0x78, 0x00,
    0x3f, 0x00, 0xff, 0x01, 0xff, 0x0f, 0xff, 0x3f, 0xff, 0x7f, 0xff, 0xfc, 0x3f, 0xfc, 0x3f, 0xfc,
    0x3f, 0xff, 0xff, 0x7f, 0xff, 0x7f, 0xff, 0x73, 0xff, 0x73, 0xff, 0x00, 0xf0, 0x3f, 0xe7, 0xfe,
    0x7f, 0xe7, 0xfc, 0x7f, 0xc7, 0xdf, 0x7d, 0xf7, 0xdf, 0x7f, 0xf7, 0xff, 0x7f, 0xf7, 0xfe, 0xff,
    0xff, 0xff, 0xff, 0xf0, 0x0f, 0xf0, 0x1f, 0xf8, 0x3f, 0xfc, 0x7f, 0xfe, 0x7f, 0xfe, 0xff, 0xdf,
    0xff, 0xdf, 0xff, 0xff, 0xff, 0xff, 0xff, 0xff, 0x7f, 0xfe, 0x7f, 0xfe, 0x3f, 0xfc, 0x07, 0xe0,
    0x07, 0xe0, 0xff, 0xff, 0xff, 0xff, 0xff, 0xf8, 0x3e, 0x07, 0xfc, 0xef, 0xff, 0xff, 0xff, 0xff,
    0xff, 0xff, 0xff, 0xff, 0xff, 0xff, 0xff, 0x80, 0x7f, 0xff, 0xff, 0xff, 0xff, 0xff, 0x80, 0x0f,
    0x80, 0x3f, 0xe0, 0x7f, 0xfe, 0x7f, 0xff, 0x7f, 0xff, 0x7f, 0xff, 0x7f, 0xff, 0x7f, 0xf0, 0x7f,
    0xf7, 0xfd, 0xff, 0xff, 0xff, 0xff, 0xff, 0xff, 0xff, 0xff, 0xff, 0xff, 0xff, 0x0f, 0x81, 0xfe,
    0x1f, 0xfc, 0xff, 0xe7, 0xff, 0x3b, 0xf9, 0xff, 0xcf, 0xfe, 0x7f, 0xf3, 0xff, 0x9f, 0xfd, 0xff,
    0xef, 0xff, 0xff, 0xff, 0xff, 0xe0, 0xff, 0xff, 0xff, 0xff, 0xff, 0xfb, 0xff, 0xef, 0xff, 0xff,
    0xff, 0xff, 0xff, 0xff, 0xff, 0xff, 0xef, 0xff, 0xdf, 0x9f, 0xbf, 0xff, 0xff, 0xff, 0xff, 0xff,
    0xdf, 0xfe, 0x00, 0x03, 0xe0, 0x3f, 0xff, 0xdf, 0xff, 0xff, 0xff, 0xff, 0xf7, 0x7f, 0xff, 0xff,
    0xff, 0xff, 0xff, 0xff, 0xff, 0x1f, 0xff, 0xff, 0xff, 0xff, 0xff, 0xff, 0xf3, 0xc1, 0xc0, 0x1f,
    0xfc, 0x3f, 0xfe, 0x7f, 0xfe, 0xff, 0xfe, 0xff, 0xfe, 0xff, 0xfe, 0xfc, 0xff, 0x7f, 0xff, 0x3f,
    0xff, 0x3f, 0xff, 0x7f, 0xfe, 0x7f, 0xfe, 0x7f, 0xfe, 0x3f, 0xfe, 0x3f, 0xfe, 0x7f, 0xff, 0x7f,
    0xff, 0x7f, 0xff, 0x1f, 0xfe, 0x3f, 0xff, 0xff, 0xff, 0xff, 0xff, 0xff, 0xff, 0xff, 0xff, 0x7f,
    0xff, 0x7f, 0xff, 0x7f, 0xff, 0x7f, 0xff, 0x7f, 0xff, 0x3c, 0x3c, 0x7f, 0xfb, 0xff, 0xff, 0xff,
    0xff, 0xff, 0xff, 0xff, 0xbf, 0xf1, 0xff, 0x87, 0xf0, 0x1f, 0xc0, 0x7f, 0x01, 0xfc, 0x07, 0xf0,
    0x1f, 0xc0, 0x1c, 0x00, 0x70, 0x00, 0x07, 0xfe, 0x07, 0xff, 0x83, 0xff, 0xc1, 0xff, 0xe1, 0xff,
    0xf9, 0xff, 0xfd, 0xff, 0xbf, 0xf7, 0xdf, 0xff, 0xff, 0xff, 0xff, 0xff, 0xff, 0xff, 0xff, 0xff,
    0xff, 0xf9, 0xf0, 0xf8, 0x70, 0x38, 0x01, 0xe0, 0x01, 0xff, 0xe0, 0xff, 0xf8, 0x3f, 0xff, 0x1f,
    0xff, 0xc7, 0xff, 0xf3, 0xff, 0xfd, 0xff, 0xff, 0x7f, 0xff, 0xff, 0xff, 0xff, 0xff, 0xff, 0xff,
    0xff, 0xff, 0xff, 0xdf, 0xff, 0xf1, 0xe0, 0xf0, 0x07, 0xff, 0x07, 0xff, 0x8f, 0xff, 0xcf, 0xff,
    0xe7, 0xff, 0xf3, 0xff, 0xf9, 0xfe, 0x7d, 0xff, 0x00, 0xfb, 0xff, 0x79, 0xff, 0xbf, 0xff, 0xff,
    0xff, 0xff, 0xff, 0xff, 0xff, 0xfc, 0x78, 0xf0, 0x01, 0xf8, 0x00, 0xfe, 0x00, 0x3f, 0xc0, 0x1f,
    0xf8, 0x0f, 0xff, 0x1f, 0xff, 0xff, 0xff, 0xff, 0xff, 0xff, 0xff, 0xff, 0xff, 0xff, 0xff, 0xff,
    0xff, 0xff, 0xff, 0x1f, 0x0f, 0x87, 0x83, 0xc0, 0x0f, 0xf0, 0x0f, 0xf0, 0x0f, 0xf8, 0x1f, 0xfc,
    0x3f, 0xfc, 0xff, 0xff, 0xff, 0xff, 0xff, 0xff, 0x7f, 0xfe, 0x7f, 0xfe, 0x7f, 0xfe, 0x7f, 0xfe,
    0x7f, 0xfe, 0x7f, 0xfe, 0x78, 0x1e, 0x00, 0xf0, 0x01, 0xfc, 0x01, 0xff, 0x01, 0xff, 0xc3, 0xff,
    0xf7, 0xff, 0xff, 0xff, 0xff, 0xff, 0xff, 0xff, 0xff, 0xff, 0xff, 0xff, 0xff, 0xff, 0xff, 0xf3,
    0xc1, 0xe0, 0x07, 0xc0, 0x1f, 0x80, 0x7f, 0xc1, 0xff, 0x83, 0xff, 0x9f, 0xff, 0xff, 0xff, 0xff,
    0xff, 0xff, 0xfd, 0xff, 0xfb, 0xff, 0xf7, 0xff, 0xef, 0xff, 0xcf, 0xff, 0x9c, 0x0f, 0x00, 0x07,
    0xf8, 0x07, 0xff, 0x07, 0xff, 0xcf, 0xff, 0xff, 0xff, 0xff, 0xff, 0xff, 0xf8, 0x7f, 0xff, 0xff,
    0xff, 0xff, 0xbf, 0xff, 0x87, 0x87, 0x80, 0x0f, 0xf8, 0x0f, 0xfe, 0x07, 0xff, 0x83, 0xff, 0xcf,
    0xff, 0xff, 0xff, 0xff, 0xff, 0xfe, 0xff, 0xfe, 0x7f, 0xff, 0x3f, 0xff, 0x9f, 0xff, 0xcf, 0xff,
    0xe7, 0xff, 0xf1, 0xff, 0xf8, 0xf0, 0x3c, 0x01, 0xff, 0x00, 0xff, 0xe0, 0x7f, 0xf8, 0x3f, 0xfe,
    0x7f, 0xff, 0xdf, 0xff, 0xf7, 0xff, 0xfd, 0xfc, 0x7f, 0xff, 0xff, 0xff, 0xff, 0xff, 0xff, 0xfc,
    0xfc, 0xfc, 0x1e, 0x0e, 0x00, 0x03, 0xff, 0x81, 0xff, 0xc0, 0xff, 0xe7, 0xff, 0xf3, 0xff, 0xfb,
    0xff, 0xff, 0xff, 0xff, 0xff, 0xff, 0xff, 0xff, 0xff, 0xff, 0xff, 0xff, 0xff, 0xff, 0xff, 0xff,
    0xf1, 0xf1, 0xf8, 0x70, 0x78, 0x0f, 0xff, 0x8f, 0xff, 0xdf, 0xff, 0xff, 0xf0, 0x7f, 0xf8, 0x3f,
    0xfc, 0x1f, 0xff, 0xff, 0xff, 0xff, 0xff, 0xff, 0xff, 0xff, 0xff, 0xff, 0xff, 0xff, 0xf3, 0xdf,
    0xf0, 0x00, 0x7e, 0x01, 0xff, 0xc0, 0x7f, 0xf0, 0x1f, 0xfc, 0x07, 0xff, 0x87, 0xff, 0xe3, 0xff,
    0xfc, 0xff, 0xff, 0x7f, 0xff, 0xff, 0xff, 0xff, 0xff, 0xff, 0xff, 0xff, 0x7f, 0xff, 0xcf, 0xc7,
    0xe1, 0xe0, 0xf0, 0x0f, 0xff, 0x1f, 0xff, 0x3f, 0xff, 0x3f, 0xff, 0x3f, 0xff, 0x3f, 0xff, 0x7f,
    0xff, 0xff, 0xff, 0xff, 0xff, 0xff, 0xff, 0xff, 0xff, 0xff, 0xff, 0xff, 0xff, 0x7c, 0x3e, 0x3c,
    0x3e, 0xff, 0xff, 0xff, 0xff, 0xff, 0xff, 0xff, 0xff, 0xff, 0xff, 0xff, 0xff, 0xff, 0xff, 0xff,
    0xff, 0xff, 0xff, 0xff, 0xff, 0xff, 0xff, 0xff, 0xff, 0xff, 0xff, 0xff, 0xff, 0x80, 0xf7, 0xdf,
    0xff, 0xff, 0xff, 0xff, 0xff, 0xff, 0xff, 0xff, 0xff, 0xff, 0xff, 0xff, 0xff, 0xff, 0xff, 0xff,
    0xff, 0x8f, 0xbf, 0xff, 0xff, 0xff, 0xff, 0xff, 0xff, 0xff, 0x80, 0x3f, 0xc0, 0xff, 0xc3, 0xff,
    0xc1, 0xff, 0x07, 0x9c, 0x1f, 0x07, 0xff, 0xbf, 0xff, 0xff, 0xff, 0xff, 0xff, 0xff, 0xff, 0xff,
    0xff, 0xff, 0xff, 0xf7, 0xff, 0xc0, 0xe0, 0xe0, 0x7f, 0xbf, 0xff, 0xf3, 0xf9, 0xe1, 0xfd, 0xff,
    0xff, 0xff, 0xff, 0xff, 0xff, 0xff, 0xff, 0xfe, 0x03, 0xc0, 0x03, 0xf8, 0x07, 0xf8, 0x1f, 0xf8,
    0x1f, 0xfe, 0x3f, 0xfe, 0x3f, 0x8e, 0x3f, 0x8e, 0xff, 0xfe, 0xff, 0xff, 0xff, 0xff, 0xff, 0xff,
    0xff, 0xff, 0x7f, 0xff, 0x3f, 0xfe, 0x1e, 0x00, 0x1f, 0x00, 0x1f, 0xc0, 0x1f, 0xc0, 0x1f, 0xc0,
    0xff, 0xc7, 0xff, 0x87, 0xff, 0x87, 0xff, 0xff, 0x7f, 0xff, 0x7f, 0xff, 0x3f, 0xfc, 0x3f, 0xfc,
    0x39, 0xc0, 0x07, 0xc0, 0x7f, 0xff, 0xff, 0xff, 0xff, 0xff, 0xff, 0xff, 0xff, 0xff, 0xfc, 0xff,
    0xfe, 0x1f, 0xff, 0x01, 0xff, 0x80, 0xff, 0xff, 0xff, 0xff, 0xff, 0xff, 0xff, 0xff, 0xff, 0xff,
    0xff, 0xbf, 0xff, 0xef, 0xff, 0xff, 0xff, 0xff, 0xff, 0xff, 0xdf, 0xff, 0xf0, 0xff, 0xff, 0xff,
    0xff, 0xff, 0xff, 0xff, 0xff, 0xff, 0xff, 0xff, 0xff, 0xff, 0xff, 0xff, 0xff, 0xfc, 0x7c, 0x1e,
    0x7c, 0x3f, 0x7c, 0x3f, 0x7f, 0xff, 0xff, 0xff, 0xff, 0xff, 0xff, 0xff, 0xff, 0xff, 0xff, 0xff,
    0xff, 0xff, 0x7f, 0xff, 0x7c, 0x0e, 0x7c, 0x1e, 0x7c, 0x1e, 0x3c, 0x1e, 0x1f, 0xe0, 0xff, 0xc3,
    0xff, 0x8f, 0xfe, 0x7f, 0xf9, 0xff, 0xe7, 0xcf, 0x9f, 0xfe, 0x7f, 0xfb, 0xff, 0xff, 0xff, 0xff,
    0xff, 0xff, 0xff, 0xff, 0xf7, 0xff, 0x80, 0xfe, 0x03, 0xfd, 0xff, 0xff, 0xf9, 0xff, 0xe3, 0xfb,
    0x87, 0xce, 0xfe, 0x3f, 0xf0, 0xff, 0x01, 0xe0, 0x07, 0x00, 0x1c, 0x00, 0x70, 0x01, 0xc0, 0x07,
    0x00, 0x00, 0xe1, 0xff, 0xff, 0xff, 0xff, 0xff, 0xff, 0xff, 0xff, 0xff, 0xff, 0xff, 0xff, 0xff,
    0xff, 0xff, 0xff, 0xff, 0xfc, 0x0f, 0xe0, 0x7f, 0xf1, 0xff, 0xf3, 0xe3, 0xef, 0xe3, 0xff, 0xe3,
    0xfb, 0xe3, 0xf3, 0xe7, 0xe3, 0xef, 0xe3, 0xff, 0xe3, 0xfb, 0xe3, 0xe7, 0xff, 0xc7, 0xff, 0x03,
    0xf8, 0x00, 0x70, 0x00, 0xf8, 0x00, 0xff, 0xc0, 0xff, 0xf0, 0xff, 0xf8, 0xff, 0xf8, 0x7f, 0xf8,
    0x3f, 0xf0, 0x3f, 0xf0, 0x3f, 0x00, 0x7f, 0xff, 0xff, 0xff, 0xff, 0xff, 0xff, 0xff, 0x7f, 0xff,
    0x0f, 0xfe, 0x1f, 0xfe, 0x3f, 0xfe, 0x7c, 0x3e, 0x7e, 0x1e, 0xff, 0x1f, 0xff, 0xff, 0xff, 0xff,
    0xff, 0xff, 0xff, 0xff, 0x78, 0xfe, 0x7c, 0x7e, 0x3f, 0xfc, 0x1f, 0xf8, 0x0f, 0xf0, 0xff, 0xff,
    0xff, 0xff, 0xff, 0xff, 0xff, 0xff, 0xff, 0xff, 0xff, 0xff, 0xef, 0xff, 0xff, 0xff, 0xff, 0xff,
    0xff, 0xff, 0xff, 0xff, 0xff, 0xff, 0xff, 0xff, 0xff, 0xff, 0x80, 0x0f, 0xf0, 0x1f, 0xf8, 0x3f,
    0xfc, 0x7d, 0xfe, 0x7f, 0xfe, 0xff, 0xff, 0xef, 0xf7, 0xe7, 0xf7, 0xe3, 0xf7, 0xfd, 0xff, 0x7d,
    0xfe, 0x7d, 0xfe, 0x3f, 0xfc, 0x1f, 0xf8, 0x0f, 0xf0, 0xff, 0xff, 0xff, 0xff, 0xff, 0xff, 0xff,
    0xff, 0xff, 0xff, 0xff, 0xff, 0xff, 0xff, 0xff, 0xff, 0xff, 0xff, 0xff, 0xff, 0xff, 0xff, 0xff,
    0xff, 0xff, 0xff, 0xff, 0xff, 0x80, 0x0f, 0xf0, 0x1f, 0xf8, 0x3f, 0xfc, 0x7f, 0xfe, 0x7f, 0xfe,
    0xff, 0xff, 0xef, 0xff, 0xef, 0xff, 0xff, 0xe7, 0xff, 0xff, 0x7f, 0xfe, 0x7f, 0x7e, 0x3f, 0xfc,
    0x1f, 0xfc, 0x0f, 0xf0, 0x3f, 0x00, 0x3f, 0xbc, 0x1f, 0xfe, 0x0f, 0xff, 0x07, 0xff, 0xe7, 0xff,
    0xfb, 0xff, 0xff, 0xff, 0xff, 0xff, 0xff, 0xff, 0xff, 0xff, 0xff, 0xff, 0xff, 0xe7, 0xc1, 0xe0,
    0x0f, 0xf0, 0x1f, 0xf8, 0x3f, 0xfc, 0x7f, 0xfe, 0x7f, 0xfe, 0xff, 0xff, 0xff, 0xff, 0xff, 0xff,
    0xff, 0xff, 0xff, 0xff, 0x7f, 0xfe, 0x7e, 0x7e, 0x3f, 0xfc, 0x1f, 0xf8, 0x0f, 0xf0, 0x0f, 0x00,
    0x7e, 0x01, 0xf8, 0x07, 0xf0, 0x1f, 0xe0, 0xff, 0xc3, 0xff, 0x0f, 0xfc, 0x3f, 0xfb, 0xff, 0xff,
    0xff, 0xff, 0xff, 0xff, 0xff, 0xff, 0xf7, 0xcf, 0xc0, 0x07, 0x80, 0x07, 0xfc, 0x03, 0xff, 0x81,
    0xff, 0xe7, 0xff, 0xf3, 0xff, 0xff, 0xff, 0xef, 0xff, 0xf7, 0xff, 0xff, 0xbf, 0xff, 0xdf, 0xff,
    0xef, 0xff, 0xff, 0xff, 0xff, 0xff, 0xff, 0xff, 0xfe, 0x3e, 0x3f, 0x9f, 0xcf, 0xe7, 0xf1, 0xf9,
    0xff, 0xff, 0xff, 0xff, 0xdf, 0xff, 0xff, 0xff, 0xbf, 0xde, 0x0f, 0xf0, 0x1f, 0xf8, 0x3f, 0xfc,
    0x7f, 0xfe, 0x7f, 0xfe, 0xff, 0xff, 0xef, 0xf7, 0xef, 0xf7, 0xef, 0xf7, 0xf7, 0xff, 0x7f, 0xfe,
    0x7f, 0xfe, 0x3f, 0xfc, 0x1f, 0xfc, 0x0f, 0xf0, 0x03, 0xc0, 0x07, 0xe0, 0x0f, 0xf0, 0x1f, 0xf8,
    0x3f, 0xfc, 0x7f, 0xfe, 0xff, 0xff, 0xff, 0xef, 0xff, 0xff, 0x7f, 0xfe, 0x3f, 0xfc, 0x1f, 0xf8,
    0x0f, 0xf0, 0x07, 0xe0, 0x03, 0xc0, 0x7f, 0xff, 0xff, 0xff, 0xff, 0xff, 0xff, 0xff, 0xff, 0xff,
    0xff, 0xff, 0xff, 0x7f, 0xff, 0xff, 0xff, 0xff, 0xff, 0xff, 0xff, 0xff, 0xff, 0xff, 0xff, 0xff,
    0xff, 0xff, 0x7f, 0xff, 0xff, 0xfe, 0xff, 0xff, 0xff, 0xff, 0xff, 0xff, 0xff, 0xff, 0xff, 0xff,
    0xff, 0xff, 0xfe, 0x7f, 0xff, 0xff, 0xff, 0xff, 0xff, 0xff, 0xff, 0xff, 0xff, 0xff, 0xff, 0xff,
    0xff, 0xff, 0xff, 0xff, 0xff, 0xff, 0xff, 0xff, 0xff, 0xff, 0xff, 0xff, 0xff, 0xff, 0xfb, 0xdf,
    0xff, 0xcf, 0xff, 0xdf, 0xff, 0xff, 0xff, 0xff, 0xff, 0xff, 0xff, 0xff, 0xff, 0xff, 0xff, 0xff,
    0xff, 0xff, 0xff, 0xff, 0xff, 0xff, 0xff, 0xff, 0xff, 0xff, 0xff, 0xff, 0xff, 0xff, 0xff, 0xff,
    0xff, 0xff, 0xff, 0xff, 0xff, 0xff, 0xff, 0xff, 0xff, 0xff, 0xff, 0xff, 0x80, 0x01, 0xf0, 0x1f,
    0x01, 0xf0, 0x1f, 0x01, 0xf0, 0x07, 0xff, 0xff, 0xff, 0xff, 0xff, 0xff, 0xff, 0xe7, 0xfe, 0x7f,
    0xc7, 0xfc, 0x7f, 0xc0, 0xff, 0xff, 0xff, 0xff, 0xff, 0xff, 0xff, 0xff, 0xff, 0xff, 0xff, 0xff,
    0xff, 0xff, 0xff, 0xff, 0xff, 0xff, 0xff, 0xff, 0xff, 0xff, 0xff, 0xff, 0xff, 0xff, 0xff, 0xff,
    0x80, 0x00, 0x3e, 0x0f, 0xfc, 0x7f, 0xf8, 0xff, 0xf1, 0xff, 0x87, 0xff, 0x0f, 0xfe, 0x1f, 0xfc,
    0x7f, 0xf8, 0xff, 0xf1, 0xff, 0xe7, 0xfc, 0x0f, 0xc0, 0x1f, 0x80, 0x38, 0x00, 0x00, 0x07, 0x00,
    0x0e, 0x00, 0xfc, 0x07, 0xfd, 0xcf, 0xfb, 0xdf, 0xff, 0xbf, 0xff, 0xff, 0xff, 0xff, 0xff, 0xe0,
    0x3f, 0xff, 0xf3, 0xff, 0xe3, 0xff, 0x80, 0x07, 0x00, 0x01, 0xf8, 0x07, 0xf0, 0x3f, 0xe0, 0xff,
    0xc3, 0xff, 0x87, 0xff, 0x3f, 0xff, 0xff, 0xff, 0xff, 0xff, 0xff, 0xff, 0xdf, 0xfb, 0xe3, 0xf7,
    0xc7, 0xcf, 0x8f, 0x8e, 0x0f, 0x00, 0x7f, 0xff, 0xff, 0xff, 0xff, 0xff, 0xff, 0xff, 0xff, 0xff,
    0xff, 0xff, 0xff, 0xff, 0xff, 0xff, 0xff, 0xff, 0xff, 0xff, 0xff, 0xff, 0xff, 0xff, 0xff, 0xff,
    0x7f, 0xff, 0x7f, 0xff, 0xff, 0xff, 0xff, 0xff, 0xff, 0xff, 0xff, 0xff, 0xff, 0xff, 0xff, 0xff,
    0xff, 0xff, 0xff, 0xff, 0xff, 0xff, 0xff, 0xff, 0xff, 0xff, 0xff, 0xff, 0xff, 0xff, 0xff, 0xff,
    0x80, 0xff, 0xff, 0xff, 0xff, 0xff, 0xff, 0xff, 0xff, 0xff, 0xff, 0x8f, 0xff, 0x1f, 0xfe, 0x3f,
    0xfc, 0x7f, 0xff, 0xff, 0xff, 0xff, 0xff, 0xff, 0xff, 0xff, 0xff, 0xff, 0xff, 0x80, 0xff, 0xff,
    0xff, 0xff, 0xff, 0xff, 0xff, 0xff, 0xff, 0xff, 0xff, 0xff, 0xff, 0xff, 0xff, 0xfe, 0xff, 0xfd,
    0xff, 0xff, 0xff, 0xff, 0xff, 0xff, 0xff, 0xff, 0xff, 0xff, 0x80, 0x00, 0xf8, 0x00, 0xf8, 0x01,
    0xfc, 0x01, 0xfc, 0x0f, 0xfc, 0x1f, 0xfc, 0x1f, 0xfc, 0xfd, 0xdf, 0xff, 0xff, 0xff, 0xff, 0xff,
    0xfe, 0xff, 0xff, 0xff, 0xff, 0xff, 0xff, 0x3c, 0x1c, 0xf0, 0x00, 0x7e, 0x00, 0x3f, 0x80, 0x1f,
    0xf8, 0x0f, 0xff, 0xe7, 0xff, 0xfb, 0xff, 0xff, 0xff, 0x0f, 0xff, 0xff, 0xff, 0xff, 0xff, 0xff,
    0xfe, 0x01, 0xff, 0x00, 0x70, 0x3f, 0x00, 0xfe, 0x0f, 0xfe, 0x3f, 0xf8, 0xff, 0xf3, 0xff, 0xfe,
    0x7f, 0xf9, 0xff, 0xf7, 0xff, 0xdf, 0x7f, 0xfd, 0xff, 0xf7, 0xff, 0xff, 0xff, 0xf0, 0x7f, 0xc0,
    0x03, 0xc0, 0x03, 0xe0, 0x03, 0xe0, 0x0f, 0xf8, 0x1f, 0xfc, 0x3f, 0xfc, 0x3e, 0x1e, 0x3e, 0x1e,
    0x78, 0x0e, 0x7f, 0xff, 0xff, 0xff, 0xff, 0xff, 0xff, 0xff, 0xff, 0xff, 0x1f, 0xfc, 0xf0, 0x00,
    0x7e, 0x00, 0x3f, 0x00, 0x1f, 0xc0, 0x0f, 0xff, 0xf7, 0xff, 0xfb, 0xff, 0xff, 0xff, 0x07, 0xff,
    0xff, 0xff, 0xff, 0xff, 0xff, 0xfe, 0x01, 0xff, 0x00, 0x78, 0xff, 0xff, 0xff, 0xff, 0xff, 0xff,
    0xff, 0xff, 0xff, 0xff, 0xff, 0xff, 0xff, 0xff, 0xff, 0xff, 0xff, 0xff, 0xff, 0xff, 0xff, 0xff,
    0xff, 0xff, 0xff, 0xff, 0xff, 0xff, 0x7f, 0xfe, 0x0f, 0xf0, 0x1f, 0xf8, 0x3f, 0xfc, 0x7f, 0xfe,
    0xff, 0xff, 0xff, 0xff, 0xff, 0xff, 0xff, 0xff, 0xff, 0xff, 0xff, 0xff, 0xff, 0xff, 0x7f, 0xfe,
    0x3f, 0xfc, 0x1f, 0xf8, 0x0f, 0xf0, 0x00, 0x1c, 0x00, 0xff, 0xff, 0xff, 0xfe, 0xff, 0xf3, 0xff,
    0xcf, 0xff, 0x3f, 0xf8, 0xff, 0xe3, 0xff, 0x8f, 0xfe, 0x3f, 0xf8, 0xff, 0xe1, 0xe7, 0x07, 0x9c,
    0x00, 0x0f, 0x00, 0x7c, 0x07, 0xe0, 0x7f, 0x87, 0xfe, 0x3f, 0xf9, 0xff, 0xcf, 0xfe, 0xff, 0xf7,
    0xff, 0xbf, 0xfd, 0xff, 0xff, 0xff, 0xff, 0xff, 0xff, 0xc0, 0x03, 0xe0, 0x0f, 0xf0, 0x1f, 0xf8,
    0x3e, 0x7c, 0x7c, 0x3e, 0x78, 0x1e, 0xf0, 0x0f, 0xf0, 0x07, 0xff, 0xff, 0xff, 0xff, 0xff, 0xff,
    0x7f, 0xfe, 0x7f, 0xff, 0x7f, 0xff, 0x7f, 0xff, 0xff, 0xff, 0xff, 0xff, 0xff, 0xff, 0xff, 0xff,
    0xff, 0xff, 0xff, 0xff, 0xff, 0xff, 0xff, 0xff, 0xff, 0xff, 0xff, 0xff, 0xff, 0xff, 0xff, 0xff,
    0xff, 0xff, 0xff, 0xff, 0x80, 0xff, 0xff, 0xff, 0xff, 0xff, 0xff, 0xff, 0xff, 0xff, 0xff, 0xff,
    0xff, 0xff, 0xff, 0xff, 0xff, 0xff, 0xff, 0xff, 0xff, 0xff, 0xff, 0xff, 0xff, 0xff, 0xff, 0xff,
    0xff, 0x80, 0x07, 0x00, 0xfe, 0x07, 0xfc, 0x1f, 0xf0, 0x7f, 0xe1, 0xff, 0x87, 0xfe, 0x3f, 0xfc,
    0xff, 0xfb, 0xff, 0xee, 0x7f, 0xc1, 0xff, 0x07, 0xfc, 0x1f, 0xf0, 0x0e, 0x00, 0x0f, 0xf0, 0x1f,
    0xfc, 0x3f, 0xfe, 0x7f, 0xfe, 0x7f, 0xff, 0xff, 0xff, 0xff, 0xff, 0xff, 0xff, 0xff, 0xff, 0xff,
    0xff, 0x7f, 0xff, 0x7f, 0xfe, 0x3f, 0xfe, 0x1f, 0xf8, 0x07, 0xf0, 0x0f, 0xf0, 0x1f, 0xf8, 0x3f,
    0xfc, 0x7f, 0xfe, 0x7f, 0xfe, 0xff, 0xff, 0xff, 0xff, 0xfe, 0x7f, 0xff, 0x7f, 0xff, 0xff, 0x7f,
    0xfe, 0x7f, 0xfe, 0x3f, 0xfc, 0x1f, 0xf8, 0x0f, 0xf0, 0x07, 0xfe, 0x0f, 0xfe, 0x0f, 0xfe, 0x3f,
    0xff, 0xff, 0xff, 0xff, 0xff, 0xff, 0xff, 0xff, 0xfe, 0xf7, 0xf8, 0x7f, 0xfc, 0x3f, 0xfe, 0x7f,
    0xff, 0x7f, 0x7f, 0x7e, 0x3f, 0x3c, 0x1e, 0x07, 0x80, 0xff, 0xcf, 0xff, 0xff, 0xff, 0xff, 0xff,
    0xef, 0xff, 0xbf, 0xbe, 0xfe, 0xff, 0xf9, 0xff, 0xe7, 0xff, 0x0f, 0xfc, 0x3f, 0xe0, 0x7f, 0x80,
    0xf8, 0x00, 0x7f, 0xdf, 0xff, 0xff, 0xff, 0xff, 0xff, 0xff, 0xf8, 0xff, 0xff, 0xff, 0xff, 0xff,
    0xff, 0xff, 0xff, 0xff, 0xff, 0xdf, 0xf0, 0x7f, 0xff, 0xff, 0xff, 0xff, 0xff, 0xfe, 0xff, 0xff,
    0xff, 0xff, 0xff, 0xff, 0xff, 0xff, 0xff, 0xff, 0xff, 0xff, 0xff, 0xef, 0xff, 0xef, 0xff, 0xff,
    0xff, 0xff, 0xff, 0x7f, 0xff, 0xff, 0xff, 0xff, 0xff, 0xff, 0xff, 0x80, 0x7f, 0x81, 0xff, 0x8f,
    0xff, 0xff, 0xff, 0xff, 0xff, 0xff, 0xff, 0xff, 0xff, 0xff, 0xff, 0xff, 0xff, 0xff, 0xff, 0xff,
    0xff, 0x80, 0x03, 0xe0, 0x01, 0xfe, 0x3d, 0xff, 0x1f, 0xff, 0x8f, 0xff, 0xe7, 0xff, 0xff, 0xff,
    0xfe, 0xff, 0xff, 0x7f, 0xff, 0x8f, 0xff, 0xc0, 0x00, 0xe0, 0x70, 0x0f, 0xbf, 0x8f, 0xdf, 0xcf,
    0xef, 0xff, 0xff, 0xff, 0xf7, 0xff, 0xf3, 0xff, 0xff, 0xff, 0xff, 0x0f, 0xff, 0x8f, 0xff, 0x87,
    0xff, 0xc7, 0xff, 0xc3, 0xf0, 0x01, 0xf0, 0x00, 0xf0, 0x00, 0x00, 0x3f, 0x00, 0xff, 0x3b, 0xff,
    0x3f, 0xff, 0xff, 0xff, 0xff, 0xff, 0xff, 0xfe, 0x7f, 0xc0, 0x00, 0x00, 0x07, 0x00, 0x3f, 0xf0,
    0x3f, 0xf0, 0x3f, 0xf0, 0x0f, 0xe0, 0x01, 0xc0, 0x70, 0x03, 0xff, 0x8f, 0xff, 0x3f, 0xfe, 0xff,
    0xff, 0xff, 0xff, 0xff, 0xcf, 0xbe, 0x00, 0x01, 0xff, 0x07, 0xff, 0x1f, 0xfc, 0x3f, 0xf0, 0x3f,
    0x00, 0xf9, 0xe0, 0xff, 0xf8, 0xff, 0xf8, 0xff, 0xf8, 0xff, 0xfe, 0x7f, 0xff, 0x3f, 0xff, 0x3f,
    0xff, 0x3f, 0xff, 0x07, 0xbf, 0x00, 0x07, 0x03, 0x80, 0x0f, 0x01, 0xff, 0xe3, 0xff, 0xc7, 0xff,
    0x8f, 0xff, 0x9f, 0xff, 0x7f, 0xfe, 0xff, 0xff, 0xff, 0xff, 0xff, 0xff, 0xff, 0xff, 0xff, 0xff,
    0xff, 0xff, 0xff, 0x80, 0x1f, 0x01, 0xfe, 0x03, 0xfc, 0x07, 0xe0, 0x03, 0xc0, 0x07, 0x80, 0x1f,
    0x00, 0x38, 0x00, 0x7c, 0x3c, 0xf8, 0xff, 0xff, 0xff, 0xff, 0xff, 0xff, 0xff, 0xff, 0xde, 0x0f,
    0x00, 0x03, 0x80, 0x0f, 0x80, 0x0f, 0xc0, 0x0f, 0xc0, 0x0f, 0xc0, 0x1f, 0xbe, 0x3f, 0xfe, 0x3f,
    0xff, 0x79, 0xff, 0x7f, 0xef, 0xff, 0xff, 0xff, 0xff, 0xff, 0xff, 0xff, 0xff, 0x78, 0x3e, 0x01,
    0xc0, 0x00, 0xf8, 0x00, 0x3e, 0x00, 0x0f, 0xc0, 0x79, 0xf3, 0xbf, 0xff, 0xff, 0xff, 0xff, 0xff,
    0xff, 0xff, 0xff, 0xff, 0xff, 0xf7, 0xff, 0xf8, 0x7f, 0xfe, 0x00, 0x1f, 0x80, 0x07, 0xc0, 0x00,
    0xe0, 0x00, 0x7c, 0x00, 0x3f, 0xe0, 0x3f, 0xf8, 0x1f, 0xff, 0x0f, 0xff, 0xc7, 0xff, 0xff, 0xff,
    0xfb, 0xff, 0xfc, 0xff, 0xfe, 0x1f, 0xff, 0x03, 0xff, 0x80, 0x0f, 0xc0, 0x01, 0xe0, 0x00, 0x03,
    0xe0, 0x0f, 0xe3, 0xff, 0xe7, 0xff, 0xcf, 0xff, 0x9f, 0xff, 0xbf, 0xff, 0xbf, 0xff, 0x3f, 0xfe,
    0x3f, 0xfc, 0x0f, 0xe0, 0x00, 0x0f, 0x80, 0x0f, 0xe0, 0x0f, 0xfc, 0x0f, 0xff, 0x0f, 0xf7, 0xcf,
    0xf7, 0xff, 0xf7, 0xfb, 0xf7, 0xfe, 0xff, 0xff, 0x9f, 0xf9, 0xc3, 0xfc, 0x00, 0x7f, 0x00, 0x07,
    0x80, 0x00, 0x3f, 0xfe, 0x1f, 0xff, 0x8f, 0xff, 0xc7, 0xff, 0xf3, 0xff, 0xf9, 0xff, 0xfc, 0xff,
    0xff, 0xff, 0xff, 0xff, 0xff, 0xff, 0xff, 0xff, 0xff, 0xff, 0xff, 0xff, 0xff, 0xff, 0xe1, 0xf9,
    0xe0, 0x78, 0x07, 0xf0, 0x01, 0xfc, 0x00, 0xff, 0x00, 0x3f, 0xc0, 0x7f, 0xff, 0xff, 0xff, 0xff,
    0xff, 0xff, 0xfd, 0xff, 0xff, 0xff, 0xff, 0xff, 0xff, 0xff, 0xfc, 0xfc, 0x7e, 0x1e, 0x0f, 0x00,
    0x3f, 0x00, 0xff, 0x80, 0xff, 0xe0, 0xff, 0xe0, 0xff, 0xe0, 0xff, 0xf0, 0xff, 0xfc, 0xff, 0xfe,
    0xff, 0xfe, 0xff, 0xfe, 0x7f, 0xff, 0x7f, 0xff, 0x7e, 0xff, 0x7e, 0xfe, 0x3c, 0xf0, 0x0f, 0xf0,
    0x3f, 0xfc, 0x3f, 0xfc, 0x7f, 0xfe, 0x7f, 0xfe, 0xff, 0xff, 0xff, 0xff, 0xff, 0xff, 0xff, 0xff,
    0xff, 0xff, 0x7f, 0xfe, 0x7f, 0xfe, 0x7f, 0xfc, 0x3f, 0xfc, 0x0f, 0xf0, 0x0f, 0xe0, 0x7f, 0xf1,
    0xff, 0xf7, 0xe3, 0xef, 0x03, 0xfe, 0x03, 0xf8, 0x03, 0xf0, 0x07, 0xe0, 0x0f, 0xe0, 0x3f, 0xc0,
    0xff, 0xe3, 0xe7, 0xff, 0xc7, 0xff, 0x03, 0xf8, 0x00, 0x0f, 0xf0, 0x1f, 0xf8, 0x3f, 0xfc, 0x7f,
    0xfe, 0x7f, 0xfe, 0xff, 0xff, 0xff, 0xff, 0xff, 0xff, 0xff, 0xff, 0xff, 0xff, 0x7f, 0xfe, 0x7f,
    0xfe, 0x3f, 0xfc, 0x1f, 0xf8, 0x0f, 0xf0, 0x0f, 0xf0, 0x1f, 0xf8, 0x3f, 0xfc, 0x7f, 0xfe, 0x7f,
    0xff, 0xff, 0xff, 0xff, 0xff, 0xff, 0xff, 0xff, 0xff, 0xff, 0xff, 0x7f, 0xfe, 0x7f, 0xfe, 0x3f,
    0xfc, 0x1f, 0xf8, 0x0f, 0xf0, 0x0f, 0xe0, 0x7f, 0xf1, 0xff, 0xf7, 0xff, 0xef, 0xff, 0xff, 0xff,
    0xff, 0xff, 0xff, 0xff, 0xff, 0xff, 0xff, 0xff, 0xff, 0xff, 0xff, 0xe7, 0xff, 0xc7, 0xff, 0x03,
    0xf8, 0x00, 0xff, 0xff, 0xff, 0xff, 0xff, 0xff, 0xff, 0xff, 0xff, 0xff, 0xff, 0xff, 0xff, 0xff,
    0xff, 0xff, 0xff, 0xff, 0xff, 0xff, 0xff, 0xff, 0xff, 0xff, 0xff, 0xff, 0xff, 0xff, 0xff, 0xff,
    0xff, 0xff, 0xff, 0xff, 0xff, 0xff, 0xff, 0xff, 0xff, 0xff, 0xff, 0xff, 0xff, 0xff, 0xff, 0xff,
    0xff, 0xff, 0xff, 0xff, 0xff, 0xff, 0xff, 0xff, 0xff, 0xff, 0xff, 0xff, 0x80, 0xff, 0xff, 0xff,
    0xff, 0xff, 0xff, 0xff, 0xff, 0xff, 0xff, 0xff, 0xff, 0xff, 0xff, 0xff, 0xff, 0xff, 0xff, 0xff,
    0xff, 0xff, 0xff, 0xff, 0xff, 0xff, 0xff, 0xff, 0xff, 0xff, 0xff, 0x7f, 0xff, 0xff, 0xff, 0xff,
    0xff, 0xf0, 0x07, 0xf0, 0x07, 0xf0, 0x07, 0xf0, 0x07, 0xf0, 0x07, 0xf0, 0x07, 0xf0, 0x07, 0xf0,
    0x07, 0xf0, 0x07, 0xff, 0xff, 0xff, 0xff, 0x7f, 0xff, 0xff, 0xff, 0xff, 0xff, 0xff, 0xff, 0xff,
    0xff, 0xff, 0xff, 0xff, 0xff, 0xff, 0xff, 0xff, 0xff, 0xff, 0xff, 0xff, 0xff, 0xff, 0xff, 0xff,
    0xff, 0xff, 0xff, 0xff, 0xff, 0xff, 0xff, 0xff, 0xff, 0xff, 0xff, 0xff, 0xff, 0xff, 0xff, 0xff,
    0xff, 0xff, 0xff, 0xff, 0xff, 0xff, 0xff, 0xff, 0xff, 0xff, 0xff, 0xff, 0xff, 0xff, 0xff, 0xff,
    0xff, 0xff, 0xff, 0xff, 0xff, 0xff, 0xff, 0xff, 0xff, 0xff, 0xff, 0xff, 0xff, 0xff, 0xff, 0xff,
    0xff, 0xff, 0xff, 0xff, 0xff, 0xff, 0xff, 0xff, 0xff, 0xff, 0xff, 0xff, 0xff, 0xff, 0xff, 0xff,
    0xff, 0x80, 0xff, 0xff, 0xff, 0xff, 0xff, 0xff, 0xff, 0xff, 0xff, 0xff, 0xff, 0xff, 0xff, 0xff,
    0xff, 0xff, 0xff, 0xff, 0xfc, 0x03, 0xe0, 0x3f, 0x83, 0xfe, 0x1f, 0xf1, 0xff, 0x9f, 0xfc, 0xff,
    0xef, 0xff, 0x7f, 0xff, 0xff, 0xff, 0x7d, 0xcf, 0xe0, 0xfc, 0x07, 0xc0, 0x38, 0x00, 0x3f, 0x7e,
    0x3f, 0xff, 0xbf, 0xff, 0xfe, 0x7c, 0xfe, 0x1c, 0x3f, 0x00, 0x1f, 0xc0, 0x1f, 0xe0, 0x0e, 0x78,
    0x0f, 0x3e, 0x0f, 0x0f, 0x8f, 0x83, 0xef, 0x80, 0xff, 0x80, 0x3f, 0x80, 0x0f, 0x00, 0x7f, 0x7e,
    0x3f, 0xff, 0xbf, 0xff, 0xdf, 0xff, 0xff, 0xff, 0xff, 0xff, 0xff, 0xff, 0xff, 0xff, 0xfe, 0x7f,
    0xff, 0x3f, 0xff, 0x0f, 0xff, 0x03, 0xff, 0x80, 0xff, 0x80, 0x3f, 0x00, 0x0f, 0x00, 0x01, 0xe0,
    0x0f, 0xf0, 0x3f, 0xfc, 0x7f, 0xfe, 0xff, 0xff, 0xff, 0xff, 0xff, 0xff, 0xff, 0xff, 0xff, 0xff,
    0x7e, 0xff, 0x3e, 0xf7, 0x0f, 0xff, 0x0f, 0xff, 0x07, 0xfe, 0x01, 0xf8, 0x0f, 0xf0, 0x1f, 0xf8,
    0x3f, 0xfc, 0x7c, 0x3e, 0x7e, 0xfe, 0xfe, 0xff, 0xee, 0xf7, 0xee, 0xf7, 0xff, 0xff, 0xff, 0xff,
    0x7f, 0xff, 0x7f, 0xff, 0x3f, 0xff, 0x1f, 0xf8, 0x0f, 0xf0, 0x0f, 0xf0, 0x1f, 0xf8, 0x3f, 0xfc,
    0x7e, 0x7e, 0x7e, 0xfe, 0xfe, 0xff, 0xfe, 0xf7, 0xee, 0x77, 0xff, 0xff, 0xff, 0xff, 0xff, 0xff,
    0x7f, 0xfe, 0x7f, 0xfe, 0x3f, 0xfc, 0x0f, 0xf0, 0x03, 0xc0, 0x0f, 0xf0, 0x1f, 0xf8, 0x3f, 0xfc,
    0x7e, 0x7e, 0x7e, 0x7f, 0xff, 0xff, 0xff, 0xff, 0xef, 0xff, 0xef, 0xff, 0xf7, 0xff, 0x7f, 0xff,
    0x7c, 0x7e, 0x3f, 0xfc, 0x1f, 0xf8, 0x0f, 0xf0, 0x07, 0xf0, 0x1f, 0xf8, 0x3f, 0xfe, 0xff, 0xff,
    0xff, 0xff, 0xff, 0xff, 0xff, 0xff, 0xff, 0xff, 0xff, 0xff, 0xff, 0xff, 0x7f, 0xfe, 0x7f, 0xfe,
    0x3f, 0xfc, 0x1f, 0xf8, 0x0f, 0xf0, 0x0f, 0xf0, 0x1f, 0xfc, 0x3f, 0xfe, 0x7f, 0x7e, 0x7f, 0x7f,
    0x7f, 0x7f, 0x77, 0xf7, 0xf7, 0xe7, 0xff, 0xe7, 0xff, 0xcf, 0xff, 0xcf, 0x0f, 0x1e, 0x77, 0xfe,
    0x7f, 0xfc, 0x7f, 0xf8, 0x3c, 0x00, 0x0f, 0xf0, 0x1f, 0xf8, 0x3f, 0xfc, 0x7f, 0xfe, 0x7f, 0xfe,
    0xff, 0xff, 0xff, 0xff, 0xff, 0xf7, 0xff, 0xf7, 0xff, 0xff, 0xfb, 0xfe, 0x7f, 0xfe, 0x3f, 0xfc,
    0x1f, 0xf8, 0x0f, 0xf0, 0x03, 0xc0, 0x03, 0xe0, 0x03, 0xe0, 0x3f, 0xfc, 0x3f, 0xfe, 0xff, 0xff,
    0xff, 0xff, 0xff, 0xff, 0xff, 0xff, 0xff, 0xff, 0xff, 0xff, 0xff, 0xff, 0xff, 0xff, 0x7f, 0xfe,
    0x3f, 0xfe, 0x03, 0xf8, 0x03, 0xff, 0x01, 0xff, 0xe0, 0xff, 0xfc, 0x3f, 0xff, 0x8f, 0xff, 0xe3,
    0xe3, 0xf9, 0xff, 0xfe, 0x7f, 0xff, 0xbf, 0xff, 0xff, 0xf3, 0xff, 0xde, 0xe7, 0xf7, 0xfb, 0xff,
    0xff, 0xf7, 0xff, 0xf8, 0x78, 0x78, 0x00, 0xf0, 0x1f, 0x79, 0xff, 0x9f, 0xff, 0xff, 0xff, 0x3f,
    0xf7, 0xff, 0x7f, 0xf7, 0xff, 0x7f, 0xf7, 0xff, 0x7f, 0xf3, 0xfe, 0x1f, 0xc0, 0x07, 0x80, 0x0f,
    0x00, 0x3e, 0x00, 0xfc, 0x03, 0xff, 0x1f, 0xff, 0x3e, 0x1e, 0x78, 0x3c, 0xe0, 0x79, 0xc0, 0xf3,
    0xe3, 0xe7, 0xff, 0xe7, 0xff, 0xe1, 0xff, 0xc0, 0x7f, 0x80, 0x07, 0x81, 0xfc, 0x1f, 0xe1, 0xff,
    0x0f, 0xff, 0xff, 0xff, 0xff, 0xff, 0xf8, 0x77, 0x07, 0x70, 0x77, 0x87, 0x7f, 0xf3, 0xff, 0x1f,
    0xe0, 0x03, 0xff, 0x3f, 0xff, 0x7f, 0xff, 0xff, 0x07, 0xf7, 0x87, 0xff, 0x87, 0xff, 0x9f, 0xff,
    0xbf, 0xef, 0xff, 0xff, 0xf8, 0xff, 0xf0, 0x7f, 0xe0, 0x0f, 0x80, 0x7f, 0xc0, 0xff, 0xfc, 0xff,
    0xff, 0xe0, 0x3f, 0xe0, 0xe7, 0xe1, 0xf8, 0xf9, 0xf8, 0xff, 0xff, 0xff, 0xf7, 0x0f, 0xff, 0x07,
    0xff, 0x03, 0xff, 0x01, 0xf8, 0xff, 0xff, 0x7f, 0xff, 0xff, 0xff, 0xfd, 0xfe, 0x7e, 0xff, 0xff,
    0xfb, 0xfb, 0xfc, 0xfc, 0xff, 0xfc, 0x3f, 0xfc, 0x0f, 0xfe, 0x03, 0xfc, 0x00, 0x38, 0x00, 0x0f,
    0xc1, 0xfc, 0x3f, 0x87, 0xf3, 0xfd, 0xff, 0xbf, 0xf7, 0xff, 0xff, 0xff, 0xff, 0xff, 0xff, 0xff,
    0xfe, 0xff, 0x8f, 0xe0, 0x01, 0xe0, 0x0f, 0x8f, 0x3e, 0x3e, 0xf8, 0xff, 0xe3, 0xff, 0x8f, 0xff,
    0xff, 0xff, 0xff, 0xff, 0xff, 0xff, 0xff, 0x9d, 0xfc, 0x7f, 0xe1, 0xff, 0x83, 0xf8, 0x00, 0x0f,
    0xe0, 0x3f, 0xe3, 0xff, 0xff, 0xff, 0xff, 0xff, 0xff, 0xff, 0xff, 0xff, 0xff, 0xfe, 0x7e, 0xfc,
    0xff, 0xf9, 0xff, 0xf3, 0xff, 0xe3, 0xff, 0x83, 0xfe, 0x03, 0xf8, 0x00, 0x3f, 0xfe, 0x3f, 0xff,
    0xbf, 0xff, 0xdf, 0xef, 0xff, 0xf7, 0xff, 0xff, 0xff, 0xff, 0xfe, 0xff, 0xee, 0x73, 0xe7, 0x3f,
    0xff, 0x9f, 0xff, 0xcf, 0xff, 0xc3, 0xff, 0xe0, 0xff, 0xe0, 0x1f, 0xc0, 0x0f, 0xf0, 0x1f, 0xf8,
    0x3f, 0xfc, 0x7c, 0x3e, 0x78, 0x3e, 0xfc, 0x3f, 0xff, 0xff, 0xff, 0xf7, 0xef, 0xf7, 0xff, 0xff,
    0x7f, 0xfe, 0x7f, 0xfe, 0x3f, 0xfc, 0x1f, 0xf8, 0x0f, 0xf0, 0x07, 0xf0, 0x1f, 0xf8, 0x3f, 0xfe,
    0x7d, 0xff, 0x7b, 0xff, 0xf3, 0xff, 0xef, 0xff, 0xee, 0x7f, 0xff, 0xff, 0xff, 0xff, 0xff, 0xff,
    0x7f, 0xfe, 0x7f, 0xfe, 0x3f, 0xfc, 0x1f, 0xf0, 0x0f, 0xf0, 0x1f, 0xf8, 0x3f, 0xfc, 0x7c, 0x7e,
    0x7c, 0x7e, 0xfe, 0x7f, 0xee, 0x7f, 0xee, 0x7f, 0xe0, 0x07, 0xf7, 0xff, 0xf7, 0xff, 0x7f, 0xfe,
    0x7f, 0xfe, 0x3f, 0xfc, 0x0f, 0xf0, 0x01, 0xe0, 0x0f, 0xf0, 0x1f, 0xf8, 0x3f, 0xfc, 0x7e, 0x3e,
    0xfe, 0x3e, 0xff, 0xff, 0xef, 0xff, 0xef, 0xff, 0xef, 0xff, 0xf1, 0xff, 0xfb, 0xde, 0x7f, 0xfe,
    0x3f, 0xfc, 0x1f, 0xf8, 0x0f, 0xf0, 0x0f, 0xe0, 0x1f, 0xf0, 0x3f, 0xf8, 0x3f, 0xfc, 0x7f, 0xfe,
    0x7f, 0xfe, 0xff, 0xff, 0xef, 0xff, 0xef, 0xff, 0xf3, 0xff, 0xfd, 0xff, 0x7d, 0xff, 0x3d, 0xfe,
    0x0f, 0xf0, 0x3f, 0xf8, 0x7f, 0xfc, 0x7c, 0x3e, 0xfc, 0x7e, 0xff, 0xff, 0xff, 0xf7, 0xff, 0xf7,
    0xff, 0xff, 0xff, 0xff, 0xff, 0xff, 0xff, 0xfe, 0xff, 0xfe, 0xff, 0xfc, 0x7f, 0xf0, 0x1e, 0x00,
    0x0f, 0xf0, 0x1f, 0xf8, 0x3f, 0xfc, 0x7c, 0x7e, 0x7f, 0x7e, 0xff, 0xff, 0xef, 0xf7, 0xef, 0xf7,
    0xef, 0xf7, 0xf3, 0xcf, 0x7b, 0xde, 0x7f, 0xfe, 0x3f, 0xfc, 0x1f, 0xf8, 0x0f, 0xf0, 0x0f, 0xf0,
    0x1f, 0xf8, 0x3f, 0xfc, 0x7f, 0xfe, 0x7f, 0xfe, 0xff, 0xff, 0xff, 0xff, 0xff, 0xff, 0xff, 0xc7,
    0xff, 0xff, 0x7f, 0xfe, 0x7f, 0xfe, 0x3f, 0xfc, 0x1f, 0xf8, 0x0f, 0xf0, 0x0f, 0xf0, 0x1f, 0xf8,
    0x3f, 0xfc, 0x7d, 0xfe, 0x7f, 0xfe, 0xff, 0xff, 0xff, 0xff, 0xfc, 0x7f, 0xfd, 0xff, 0xff, 0xff,
    0xff, 0xff, 0x7f, 0xfe, 0x7f, 0xfe, 0x3f, 0xfc, 0x0f, 0xf0, 0x03, 0xc0, 0x0f, 0xe0, 0x7f, 0xf1,
    0xff, 0xf3, 0xe3, 0xef, 0xef, 0xff, 0xff, 0xff, 0xfb, 0xff, 0xf7, 0xe7, 0xef, 0xef, 0xff, 0xff,
    0xfb, 0xff, 0xe7, 0xff, 0xc7, 0xff, 0x03, 0xf8, 0x01, 0xe0, 0x0f, 0xf0, 0x1f, 0xf8, 0x3f, 0xfc,
    0x7c, 0x3e, 0x7e, 0x1e, 0xff, 0x7f, 0xef, 0x77, 0xef, 0x77, 0xff, 0xff, 0xff, 0xff, 0x7f, 0xfe,
    0x7f, 0xfe, 0x3f, 0xfc, 0x3f, 0xfc, 0x0f, 0xf0, 0x0f, 0xf0, 0x1f, 0xf8, 0x3f, 0xfc, 0x7c, 0x3e,
    0x7f, 0xfe, 0xff, 0xff, 0xef, 0xff, 0xef, 0xff, 0xef, 0xff, 0xff, 0xff, 0x79, 0xfe, 0x7c, 0xfe,
    0x3f, 0xfc, 0x3f, 0xf8, 0x0f, 0xf0, 0x0f, 0xf0, 0x1f, 0xf8, 0x3f, 0xfc, 0x7e, 0x3e, 0x7e, 0x3e,
    0xfe, 0x7f, 0xef, 0x77, 0xef, 0xf7, 0xef, 0xf7, 0xff, 0xff, 0xff, 0xfe, 0x7f, 0xfe, 0x7e, 0xfc,
    0x3f, 0xfc, 0x3f, 0xfc, 0x1f, 0xfc, 0x0f, 0xfd, 0xff, 0xfb, 0xff, 0xf7, 0xc1, 0xf3, 0x9f, 0xff,
    0xff, 0xff, 0xff, 0xff, 0xff, 0xff, 0xff, 0xff, 0xff, 0xff, 0xff, 0xff, 0xe7, 0xff, 0xc7, 0xff,
    0x03, 0xf8, 0x00, 0x3f, 0x0f, 0xf1, 0xfe, 0x3f, 0xc7, 0xf8, 0xff, 0x0f, 0xe1, 0xfe, 0x7f, 0xff,
    0xff, 0xff, 0xff, 0xff, 0xfd, 0xff, 0x3f, 0xe0, 0x3e, 0x0f, 0xe3, 0xfc, 0x7f, 0x8f, 0xf1, 0xfe,
    0x1f, 0xc7, 0xfc, 0xff, 0xdf, 0xff, 0xff, 0xff, 0xff, 0xff, 0xff, 0xff, 0xf8, 0x1e, 0x7c, 0x3f,
    0xfe, 0x3f, 0xfe, 0x7f, 0xff, 0xff, 0xff, 0xff, 0xff, 0xff, 0xfe, 0xff, 0xfe, 0xfd, 0xff, 0xff,
    0xff, 0xff, 0xff, 0x7f, 0xff, 0x3f, 0xfe, 0x01, 0xf0, 0x07, 0xe0, 0x1f, 0x80, 0x7e, 0x01, 0xfc,
    0x07, 0xf0, 0x1f, 0xc0, 0x7c, 0x01, 0xfd, 0xff, 0xff, 0xff, 0xff, 0xfe, 0xff, 0xfb, 0xff, 0xc3,
    0xfc, 0x00, 0x07, 0x07, 0xff, 0xff, 0xff, 0xff, 0xff, 0xff, 0x7f, 0xfb, 0xff, 0xdf, 0xfe, 0x7c,
    0x73, 0xfb, 0x9f, 0xdc, 0xfe, 0xe7, 0xff, 0x3f, 0xf8, 0xff, 0x80, 0x3f, 0x0f, 0xf3, 0xff, 0x79,
    0xee, 0x1d, 0xfe, 0x0f, 0xc1, 0xf8, 0xff, 0xff, 0xff, 0xff, 0xff, 0xff, 0xff, 0xff, 0xdf, 0xf0,
    0x1f, 0x81, 0xff, 0x1f, 0xf9, 0xff, 0xef, 0xff, 0x7f, 0xfb, 0xff, 0xff, 0xff, 0xff, 0xff, 0xff,
    0xff, 0xfd, 0xe1, 0xcf, 0xfe, 0x3f, 0xf0, 0xff, 0x00, 0x03, 0xf8, 0x01, 0xff, 0x00, 0xff, 0xe3,
    0xfe, 0x7f, 0xff, 0x8f, 0xff, 0xfb, 0xf7, 0xef, 0xfd, 0xff, 0xfe, 0x7f, 0x1f, 0x9f, 0xc7, 0xe7,
    0xff, 0xf9, 0xff, 0xfe, 0x3f, 0xff, 0x80, 0x00, 0xe0, 0x03, 0xc0, 0x07, 0x80, 0x0e, 0x0f, 0xbc,
    0x1f, 0xf8, 0x3f, 0xfc, 0x1f, 0xfe, 0x0f, 0xfe, 0x0f, 0xfc, 0x0f, 0xf8, 0x1f, 0x80, 0x7e, 0x00,
    0xf0, 0x01, 0xe0, 0x00, 0x03, 0xc0, 0x1e, 0x01, 0xf0, 0x3f, 0x0f, 0xfc, 0x7f, 0xff, 0xff, 0xff,
    0xff, 0xff, 0xff, 0xff, 0xff, 0xff, 0xff, 0xff, 0xff, 0xbf, 0xf8, 0x7f, 0x80, 0x01, 0xe0, 0x0f,
    0xc0, 0x3f, 0xc0, 0xff, 0xff, 0xff, 0xff, 0xff, 0xff, 0xc7, 0xfc, 0x07, 0xf0, 0x1f, 0xc0, 0x7f,
    0x01, 0xfc, 0x0f, 0x78, 0x3d, 0xe0, 0xf7, 0x80, 0x1e, 0xf0, 0x1f, 0xf8, 0x1f, 0xf8, 0x1f, 0xf8,
    0x3f, 0xf8, 0x3f, 0xf8, 0x3f, 0xf8, 0x3f, 0xf8, 0x3f, 0xff, 0xff, 0xff, 0xff, 0xff, 0xff, 0xe7,
    0x77, 0xe0, 0x3e, 0x00, 0xfc, 0x01, 0xf8, 0x03, 0xff, 0x07, 0xfe, 0x07, 0xfc, 0x0f, 0xf8, 0x1f,
    0xf8, 0x3f, 0xf8, 0x3f, 0xf9, 0xff, 0xf3, 0xff, 0xef, 0xff, 0xff, 0xff, 0xff, 0xff, 0x80, 0x01,
    0xf1, 0xff, 0x3f, 0xf3, 0xff, 0x3f, 0xf3, 0xff, 0x7f, 0xcf, 0xf8, 0xff, 0xcf, 0xfc, 0x3f, 0xf3,
    0xff, 0x3f, 0xf3, 0xff, 0x3c, 0x00, 0x00, 0x1e, 0x00, 0x3c, 0x00, 0x79, 0xff, 0xf7, 0xff, 0xff,
    0xff, 0xff, 0xff, 0xff, 0xff, 0xff, 0xff, 0xff, 0xfd, 0xff, 0xf8, 0x7f, 0xf0, 0xff, 0xc0, 0xff,
    0x81, 0xfc, 0x00, 0x0f, 0x80, 0x3f, 0x81, 0xff, 0x07, 0xfe, 0x3f, 0xfd, 0xff, 0xf7, 0xff, 0xff,
    0xfe, 0xff, 0xfb, 0xfe, 0xe7, 0xff, 0x83, 0xfc, 0x0e, 0xf0, 0x39, 0xc0, 0xe0, 0x00, 0xe0, 0x1d,
    0xe0, 0x7b, 0xff, 0xf3, 0xff, 0xcf, 0xff, 0xdf, 0xff, 0xff, 0xff, 0xff, 0xff, 0xff, 0xfd, 0xff,
    0xfb, 0xff, 0xff, 0xf7, 0xff, 0xff, 0xef, 0xff, 0x87, 0xfc, 0x00, 0x01, 0xf0, 0x1f, 0xf8, 0x3f,
    0xf0, 0xff, 0xe1, 0xff, 0x87, 0xff, 0x0f, 0xfe, 0x1f, 0xfc, 0x3f, 0xf8, 0x7c, 0xf3, 0xf0, 0xff,
    0xc3, 0xff, 0x87, 0xff, 0x0f, 0x9e, 0x00, 0x00, 0x7f, 0xf7, 0xff, 0xff, 0xff, 0xff, 0xff, 0xff,
    0xf0, 0x1f, 0xff, 0xff, 0xff, 0x7f, 0xf3, 0xff, 0x9f, 0xfc, 0xff, 0xe7, 0xff, 0x3f, 0xf8, 0xff,
    0x80, 0xfc, 0x01, 0xfc, 0x03, 0xfc, 0x07, 0xf8, 0x0f, 0xf0, 0x1f, 0xe0, 0x1f, 0xe0, 0x1f, 0xe0,
    0x07, 0xf0, 0x07, 0xf0, 0x07, 0xf0, 0x07, 0xf0, 0x07, 0xe0, 0x07, 0xc0, 0x07, 0x80, 0x7f, 0xff,
    0xff, 0xff, 0xff, 0xff, 0xff, 0xff, 0xff, 0xff, 0xff, 0xff, 0xff, 0xff, 0xff, 0xff, 0xff, 0xff,
    0xff, 0xff, 0xff, 0xff, 0xff, 0xff, 0xff, 0xff, 0xff, 0xf8, 0x07, 0xc0, 0xff, 0xff, 0xff, 0xff,
    0xbf, 0xe7, 0xfc, 0x7f, 0x8f, 0xf1, 0xfe, 0x7f, 0xef, 0xfd, 0xfb, 0xbf, 0xf7, 0xfe, 0x7f, 0x87,
    0xe0, 0xff, 0xff, 0xff, 0xff, 0xbf, 0xe3, 0xfc, 0x7f, 0x8f, 0xf1, 0xfe, 0x7f, 0xef, 0xfd, 0xff,
    0xbf, 0xf7, 0xfe, 0x7f, 0x87, 0xe0, 0xff, 0xff, 0xff, 0xff, 0xbf, 0xe7, 0xfc, 0x7f, 0x8f, 0xf1,
    0xfe, 0x7f, 0xef, 0xfd, 0xff, 0xbf, 0xf7, 0xfe, 0x7f, 0x87, 0xe0, 0x3f, 0x87, 0xfc, 0xff, 0xef,
    0x3f, 0xe3, 0xfe, 0x3f, 0xe3, 0xff, 0x0f, 0xf9, 0xe7, 0xfe, 0x7f, 0xc3, 0xf8, 0x3f, 0x83, 0xf8,
    0x1f, 0x80, 0x07, 0xf0, 0x1f, 0xf8, 0x3f, 0xfc, 0x7f, 0xfe, 0x7f, 0xfe, 0xff, 0xff, 0xff, 0xff,
    0xff, 0xff, 0xff, 0xff, 0xff, 0xff, 0x7f, 0xff, 0x7f, 0xfe, 0x1f, 0xf8, 0x1f, 0xf8, 0x0f, 0xf0,
    0x00, 0xff, 0x00, 0xff, 0xc1, 0xff, 0xf0, 0xff, 0xfc, 0x7f, 0xff, 0x9f, 0xf3, 0xef, 0xe1, 0xff,
    0xff, 0xff, 0xff, 0xff, 0xff, 0xff, 0xff, 0xff, 0xfd, 0xff, 0xfe, 0x7f, 0xff, 0x8f, 0xff, 0xc0,
    0x7f, 0xc0, 0x7c, 0xfc, 0xfe, 0xfe, 0xff, 0xff, 0xff, 0xff, 0xff, 0xff, 0x7f, 0xff, 0x3f, 0xff,
    0x0f, 0xfe, 0x0f, 0xf8, 0x0f, 0xe0, 0x1f, 0xc0, 0x7f, 0x00, 0x7c, 0x00, 0x78, 0x00, 0x70, 0x00,
    0x07, 0xf0, 0x1f, 0xf8, 0x3f, 0xfc, 0x7f, 0xfe, 0x7f, 0xfe, 0x7f, 0xff, 0xff, 0xff, 0xff, 0xff,
    0xff, 0xff, 0x7f, 0xff, 0x7f, 0xfe, 0x7f, 0xfe, 0x3f, 0xfc, 0x1f, 0xf8, 0x07, 0xf0, 0x07, 0xe0,
    0x1f, 0xc1, 0xff, 0x0f, 0xff, 0x7f, 0xff, 0xff, 0xff, 0xff, 0xff, 0xff, 0xff, 0xfb, 0xff, 0xc7,
    0xfc, 0x07, 0xc0, 0x1f, 0x00, 0x1f, 0xf0, 0x3f, 0xfc, 0x3f, 0xfe, 0x3f, 0xfe, 0x7f, 0xff, 0xff,
    0xff, 0xff, 0xff, 0xff, 0xff, 0xff, 0xff, 0xff, 0xff, 0x7f, 0xee, 0x7f, 0xe0, 0x7f, 0xe0, 0x1f,
    0xe0, 0x0f, 0xc0, 0x00, 0xfc, 0x07, 0xfc, 0x3f, 0xf9, 0xfe, 0x77, 0xf9, 0xef, 0xfb, 0xff, 0xff,
    0xff, 0xfe, 0xff, 0xfd, 0xff, 0xfb, 0xff, 0xe7, 0xff, 0xc7, 0xff, 0x0f, 0xfe, 0x07, 0xf0, 0x00,
    0x00, 0x7c, 0x01, 0xfc, 0x07, 0xf8, 0x1f, 0xf0, 0x7f, 0xe1, 0xff, 0xc7, 0xff, 0x9f, 0xfe, 0x7f,
    0xfd, 0xff, 0xe3, 0xff, 0x87, 0xfe, 0x0f, 0xf8, 0x1f, 0xe0, 0x1f, 0x00, 0x00, 0x00, 0x1f, 0x00,
    0x7f, 0xc0, 0x7f, 0xe0, 0x3f, 0xf0, 0xff, 0xf0, 0xff, 0xf8, 0x7f, 0xf0, 0x7f, 0xf0, 0xff, 0xf0,
    0x7f, 0xc0, 0x3f, 0xc0, 0x0f, 0xe0, 0x03, 0xe0, 0x00, 0x01, 0xfc, 0x03, 0xfe, 0x07, 0xff, 0x1f,
    0xff, 0x3f, 0xff, 0x7f, 0x7e, 0xff, 0x0f, 0xfc, 0x07, 0xfc, 0x0f, 0xfd, 0xff, 0xf9, 0xfe, 0xf9,
    0xfe, 0x7f, 0xfc, 0x7f, 0xf0, 0x1f, 0xc0, 0x00, 0x7e, 0x00, 0xfe, 0x00, 0xff, 0x00, 0xff, 0x03,
    0xff, 0x07, 0xff, 0x0f, 0xfe, 0x1f, 0xfc, 0x3f, 0xf0, 0x7f, 0xe0, 0x7f, 0xc0, 0xff, 0x00, 0xfc,
    0x00, 0xf0, 0x00, 0x00, 0x1e, 0x00, 0xfc, 0x03, 0xf8, 0x1f, 0xf0, 0x7f, 0xc1, 0xff, 0x87, 0xfe,
    0x0f, 0xf8, 0x3f, 0xe0, 0xff, 0xc1, 0xff, 0x07, 0xfc, 0x0f, 0xf0, 0x1f, 0x80, 0x3e, 0x00, 0x00,
    0x1f, 0xe0, 0x1f, 0xff, 0x0f, 0xff, 0xff, 0xff, 0xff, 0xff, 0xff, 0xff, 0xff, 0xff, 0xff, 0xff,
    0xff, 0x7f, 0xff, 0xbf, 0xff, 0xdf, 0xff, 0xcf, 0x83, 0xe3, 0xff, 0xe0, 0xff, 0xe0, 0x1f, 0xc0,
    0x7f, 0xc1, 0xff, 0xe3, 0xff, 0xe7, 0xff, 0xef, 0xff, 0xff, 0xff, 0xfe, 0xff, 0xfe, 0x3f, 0xfe,
    0xff, 0xff, 0xff, 0xff, 0xfb, 0xff, 0xf7, 0xff, 0xe7, 0xff, 0xc3, 0xff, 0x00, 0x3f, 0xc0, 0xff,
    0xf1, 0xff, 0xf3, 0xff, 0xef, 0xff, 0xff, 0xff, 0xff, 0xff, 0xff, 0xf7, 0xff, 0xcf, 0xff, 0xbf,
    0xff, 0xff, 0xfb, 0xe7, 0xff, 0xc7, 0xff, 0x03, 0xf8, 0x00, 0x1f, 0x83, 0xfc, 0x3f, 0xe7, 0xde,
    0x7c, 0xef, 0xcf, 0xf8, 0x7f, 0x87, 0xe0, 0x7e, 0x07, 0xf0, 0xff, 0x9f, 0x7f, 0xe3, 0xfe, 0x1f,
    0x80, 0x7f, 0xbf, 0xff, 0xff, 0xcf, 0xff, 0xff, 0xff, 0xff, 0xff, 0xff, 0xde, 0x77, 0x9d, 0xe7,
    0x7f, 0xdf, 0xf3, 0xf8, 0x00, 0x7e, 0x01, 0xff, 0x03, 0xff, 0x03, 0xc7, 0x07, 0x87, 0x1f, 0xe7,
    0x3f, 0xff, 0x7e, 0xff, 0xf8, 0xfe, 0xf0, 0xf8, 0xe1, 0xe0, 0xf3, 0xe0, 0xff, 0xc0, 0x7f, 0x80,
    0x3f, 0x00, 0x07, 0xf0, 0x3f, 0xf0, 0xff, 0xf3, 0xf1, 0xef, 0xef, 0xff, 0xdd, 0xff, 0x3b, 0xff,
    0xcf, 0xff, 0xbf, 0xe7, 0xff, 0xf7, 0xfb, 0xff, 0xf7, 0xff, 0xc3, 0xff, 0x83, 0xfc, 0x00, 0x1f,
    0xf8, 0xff, 0xfb, 0xff, 0xff, 0xff, 0xff, 0xff, 0xff, 0xff, 0xff, 0xff, 0xff, 0xff, 0xff, 0xff,
    0xff, 0xff, 0xff, 0xff, 0xff, 0xf7, 0xff, 0xc3, 0xff, 0x80, 0xfe, 0x00, 0x0f, 0xf0, 0x3f, 0xf8,
    0xff, 0xfb, 0xff, 0xf7, 0xfd, 0xff, 0xff, 0xff, 0xdf, 0x7f, 0x7e, 0xff, 0xf1, 0xff, 0xc3, 0xff,
    0x07, 0xf8, 0x07, 0xc0, 0x00, 0x01, 0xe0, 0x0f, 0xe0, 0x7f, 0xe3, 0xff, 0xe7, 0xff, 0xdf, 0x7b,
    0xf8, 0xf3, 0xf3, 0xc7, 0xff, 0xff, 0xff, 0xff, 0xff, 0xfb, 0xff, 0xf0, 0x7f, 0xe0, 0x7f, 0x80,
    0x0f, 0xe0, 0xff, 0xf3, 0xff, 0xff, 0xff, 0xff, 0xff, 0xff, 0xff, 0xff, 0xff, 0xbf, 0xfe, 0x7f,
    0xfc, 0xff, 0xf9, 0xff, 0xf3, 0xff, 0xc7, 0xff, 0x87, 0xfe, 0x03, 0xf0, 0x00, 0x00, 0x70, 0x01,
    0xe0, 0x03, 0xc0, 0x0f, 0xf0, 0x3f, 0xe0, 0xff, 0xc3, 0xff, 0x0f, 0xf8, 0x3f, 0xe0, 0xff, 0x83,
    0xfe, 0x07, 0xf8, 0x0f, 0xe0, 0x0f, 0x00, 0x1c, 0x00, 0x00, 0x00, 0x07, 0x80, 0x07, 0xc0, 0x07,
    0xe0, 0x07, 0xf7, 0xff, 0xf7, 0xff, 0xff, 0xff, 0xff, 0xff, 0xff, 0xff, 0xff, 0xfe, 0x03, 0xff,
    0x03, 0xcf, 0x83, 0xe7, 0xff, 0xe0, 0xff, 0xe0, 0x1f, 0xc0, 0x01, 0xe7, 0xff, 0xff, 0xff, 0xcf,
    0xf9, 0xff, 0x3f, 0xe7, 0x1c, 0xe3, 0x9c, 0x73, 0x8e, 0x7b, 0x87, 0xf0, 0xfe, 0x1f, 0xc0, 0x03,
    0xf0, 0x1f, 0xf8, 0xff, 0xf1, 0xff, 0xf7, 0xff, 0xef, 0xcf, 0xdf, 0x3f, 0xff, 0xff, 0xff, 0xff,
    0xff, 0xfd, 0xff, 0xf1, 0xff, 0xe1, 0xff, 0x80, 0xfe, 0x00, 0x7f, 0xf1, 0xff, 0xf3, 0xff, 0xf7,
    0x0f, 0xee, 0x7f, 0xdf, 0xff, 0xbf, 0xff, 0xff, 0xff, 0x7f, 0xfe, 0xff, 0xdd, 0xff, 0xfb, 0xff,
    0xf7, 0xff, 0xcf, 0xde, 0x0f, 0x00, 0x00, 0x00, 0xf0, 0x01, 0xf8, 0x01, 0xfc, 0x00, 0xfe, 0x00,
    0x7e, 0x00, 0x7f, 0xc0, 0xff, 0xf9, 0xff, 0xfe, 0xff, 0xff, 0xff, 0xff, 0xff, 0xff, 0xef, 0xff,
    0xe7, 0xff, 0xf1, 0xff, 0xf0, 0x7f, 0xe0, 0x1f, 0xff, 0x0f, 0xff, 0xe7, 0xff, 0xfb, 0xff, 0xff,
    0xff, 0xff, 0xff, 0xff, 0xff, 0xff, 0xff, 0xff, 0xff, 0xff, 0xff, 0xdf, 0xff, 0xe7, 0xff, 0xf8,
    0xff, 0xfc, 0x1f, 0xff, 0x07, 0xff, 0xc1, 0xff, 0x00, 0x00, 0x3e, 0x00, 0xfe, 0x01, 0xff, 0x3f,
    0xff, 0x7f, 0xff, 0xff, 0xff, 0xff, 0xff, 0xff, 0xff, 0xff, 0xff, 0xff, 0xfe, 0xff, 0xfe, 0xff,
    0xfc, 0x7f, 0xf8, 0x3f, 0xf0, 0x1f, 0xc0, 0x03, 0x80, 0x07, 0xfc, 0x07, 0xff, 0xc7, 0xdf, 0xe7,
    0xc0, 0xf3, 0xc1, 0xfd, 0xfd, 0xff, 0xff, 0xff, 0xff, 0xff, 0xff, 0xff, 0xff, 0xff, 0xef, 0xff,
    0xe7, 0xff, 0xe1, 0xff, 0xc0, 0x1f, 0xc0, 0x7f, 0xbf, 0xff, 0xff, 0xff, 0xff, 0xff, 0xef, 0xfb,
    0xfe, 0xff, 0xbf, 0xef, 0xfb, 0xff, 0xff, 0xff, 0xf7, 0xf8, 0x0f, 0xf0, 0xff, 0xe3, 0xff, 0x9f,
    0xfe, 0x7f, 0xfd, 0xff, 0xf7, 0xff, 0xdf, 0xff, 0xff, 0xff, 0xff, 0xef, 0xff, 0x3f, 0xf8, 0xff,
    0x83, 0xf8, 0x07, 0x80, 0x00, 0x07, 0xf8, 0x1f, 0xfe, 0x3f, 0xfe, 0x3f, 0xfe, 0x3f, 0xff, 0x1f,
    0x0f, 0x3f, 0x07, 0x7f, 0x07, 0xfe, 0x0f, 0xfe, 0x1e, 0xf0, 0x3e, 0xf8, 0x7c, 0x7f, 0xf8, 0x7f,
    0xf0, 0x1f, 0xc0, 0x0f, 0xe0, 0x7f, 0xf1, 0xff, 0xf3, 0xff, 0xef, 0xff, 0xff, 0xff, 0xff, 0xff,
    0xff, 0xff, 0xff, 0xff, 0xff, 0xff, 0xff, 0xff, 0xff, 0xf7, 0xff, 0xc7, 0xff, 0x03, 0xf8, 0x00,
    0x07, 0xf8, 0x0f, 0xff, 0x1f, 0xff, 0xcf, 0xff, 0xff, 0xff, 0xff, 0xff, 0xff, 0xff, 0xcf, 0xf3,
    0xff, 0xf8, 0x7f, 0xbf, 0x9f, 0xdf, 0xff, 0xef, 0xff, 0xf3, 0xff, 0xf0, 0xff, 0xf0, 0x1f, 0xe0,
    0x00, 0x3f, 0x00, 0x1f, 0xc0, 0x0f, 0xee, 0x07, 0xf7, 0xff, 0xff, 0xff, 0xfb, 0xff, 0xfd, 0xff,
    0xfe, 0xff, 0xff, 0x7f, 0xff, 0xbf, 0x9f, 0xdf, 0xcf, 0xe3, 0xff, 0xf0, 0x3f, 0xf8, 0x1f, 0xf8,
    0x0f, 0xf0, 0x1f, 0xf8, 0x3f, 0xfc, 0x7f, 0xfe, 0x7f, 0xfe, 0xff, 0xff, 0xff, 0xff, 0xff, 0xf7,
    0xff, 0xf7, 0xff, 0xff, 0xf9, 0xff, 0x78, 0xfe, 0x7b, 0xfe, 0x7f, 0xfc, 0x3f, 0xf0, 0x1f, 0x00,
    0x0f, 0xf0, 0x1f, 0xf8, 0x3f, 0xfc, 0x7c, 0x3e, 0x7f, 0xfe, 0xff, 0xff, 0xef, 0xf7, 0xef, 0xf7,
    0xfe, 0x07, 0xff, 0xef, 0x7f, 0xfe, 0x7f, 0xfe, 0x3f, 0xfc, 0x3f, 0xf8, 0x0f, 0xf0, 0x00, 0x1f,
    0xc1, 0xff, 0xff, 0xff, 0xff, 0x7f, 0xfb, 0xff, 0xef, 0xff, 0xbf, 0xff, 0xff, 0xff, 0x9f, 0xff,
    0x7f, 0xff, 0xfe, 0x7f, 0xf0, 0xff, 0x81, 0xfc, 0x00, 0x0f, 0xf0, 0x1f, 0xf8, 0x3f, 0xfc, 0x7c,
    0x3e, 0x7e, 0x3e, 0xff, 0xff, 0xef, 0xff, 0xef, 0xf7, 0xfe, 0xff, 0xff, 0xbf, 0x7f, 0xfe, 0x7f,
    0xfe, 0x3f, 0xfc, 0x1f, 0xf8, 0x0f, 0xf0, 0x07, 0xf0, 0x0f, 0xff, 0x0f, 0xff, 0xc7, 0xc7, 0xf7,
    0xe3, 0xfb, 0xfb, 0xfd, 0xfd, 0xfe, 0xfe, 0xff, 0xff, 0x77, 0x7f, 0xfb, 0xbf, 0xff, 0xdf, 0xff,
    0xcf, 0xff, 0xe3, 0xff, 0xe0, 0x3f, 0xe0, 0x07, 0xc0, 0x1f, 0xf8, 0x1f, 0xfc, 0x0f, 0xff, 0xc7,
    0xff, 0xf7, 0xfd, 0xff, 0xfb, 0xff, 0xfd, 0xff, 0xff, 0xfe, 0xff, 0xff, 0x7f, 0xff, 0x9f, 0xff,
    0xcf, 0xff, 0xc7, 0xff, 0xe3, 0xff, 0xe0, 0xff, 0xc0, 0x07, 0xfc, 0x3f, 0xf1, 0xff, 0xc7, 0xff,
    0x1f, 0xfc, 0x7f, 0xff, 0xff, 0xff, 0xff, 0xff, 0xfb, 0xff, 0xef, 0xff, 0xc7, 0xff, 0x1f, 0xfc,
    0x7f, 0xf0, 0xff, 0x80, 0x0f, 0xf0, 0x3f, 0xfc, 0x7f, 0xfe, 0x7f, 0xfe, 0xff, 0xff, 0xfb, 0xff,
    0xff, 0xff, 0xff, 0xff, 0xff, 0xff, 0xff, 0xff, 0x7f, 0xfe, 0x7f, 0xfe, 0x3f, 0xfc, 0x1f, 0xf8,
    0x0f, 0xf0, 0x0f, 0xf0, 0x1f, 0xf8, 0x3f, 0xfc, 0x7c, 0x7e, 0x7e, 0x7e, 0xff, 0x7f, 0xff, 0xff,
    0xff, 0xff, 0xff, 0xff, 0xff, 0xff, 0x7f, 0xfe, 0x7f, 0xfe, 0x3f, 0xfc, 0x1f, 0xf8, 0x0f, 0xf0,
    0x0f, 0xf0, 0x1f, 0xf8, 0x3f, 0xfc, 0x7c, 0x7e, 0x7e, 0x7e, 0xff, 0x7f, 0xff, 0xff, 0xff, 0xff,
    0xff, 0xff, 0xff, 0xff, 0x7f, 0xfe, 0x7f, 0xfe, 0x3f, 0xfc, 0x1f, 0xf8, 0x0f, 0xf0, 0x3f, 0xc3,
    0xfe, 0xff, 0xef, 0xfe, 0xff, 0xe7, 0xfe, 0x3f, 0xf3, 0xff, 0x7f, 0xf7, 0xff, 0x7f, 0xf7, 0xce,
    0x7f, 0xe7, 0xfe, 0x1f, 0x80, 0x07, 0xc0, 0x1f, 0xc0, 0x7f, 0xe1, 0xff, 0xc3, 0xff, 0x8f, 0xff,
    0x9f, 0xff, 0x3f, 0xfe, 0x7f, 0xfd, 0xff, 0xff, 0xff, 0xff, 0xff, 0xff, 0xff, 0xe3, 0xfe, 0x07,
    0xfc, 0x00, 0x1f, 0x7c, 0x7f, 0x7f, 0x7f, 0xff, 0x7f, 0xff, 0xff, 0xff, 0xff, 0xff, 0xff, 0xff,
    0xff, 0xff, 0x7f, 0xff, 0x7f, 0xfe, 0x7f, 0xfe, 0x3f, 0xfe, 0x1f, 0x7c, 0x3e, 0x00, 0xff, 0xc0,
    0xff, 0xc0, 0xff, 0xc0, 0xff, 0xe0, 0xff, 0xe0, 0x7f, 0xf0, 0xe7, 0xf8, 0xe3, 0xfe, 0xff, 0xff,
    0xff, 0xff, 0xff, 0xff, 0x3f, 0xff, 0x07, 0xff, 0x01, 0xfc, 0x7c, 0x00, 0xff, 0x00, 0xff, 0xf8,
    0xff, 0xfe, 0xff, 0xff, 0xff, 0xff, 0x7f, 0xff, 0x3f, 0xff, 0x00, 0xfe, 0x0f, 0xf0, 0x1f, 0xf8,
    0x3f, 0xfc, 0x3f, 0xfc, 0x3f, 0xfc, 0x3f, 0xfc, 0x3f, 0xfe, 0xff, 0xff, 0xff, 0xff, 0xfe, 0x3f,
    0xfc, 0x3f, 0xfe, 0x7f, 0xff, 0xff, 0x7f, 0xfe, 0x77, 0xee, 0x3f, 0xe1, 0xff, 0xe7, 0xff, 0xbf,
    0xff, 0xff, 0xff, 0xff, 0xff, 0xff, 0xff, 0xff, 0xff, 0xfd, 0xff, 0xe7, 0xff, 0x9f, 0xfe, 0x3f,
    0xf0, 0x7f, 0x80, 0xf8, 0x00, 0x07, 0xe0, 0x1f, 0xe0, 0x3f, 0xc0, 0x7f, 0x80, 0xff, 0x81, 0xff,
    0x03, 0xfe, 0x3f, 0xfe, 0xff, 0xfd, 0xff, 0xff, 0xff, 0xff, 0xff, 0xff, 0xff, 0xff, 0x9f, 0x9e,
    0x3e, 0x00, 0x7f, 0xf8, 0x7f, 0xfe, 0x7f, 0xfe, 0x7f, 0xff, 0xff, 0xff, 0xff, 0xff, 0xff, 0xff,
    0xff, 0xff, 0xff, 0xff, 0x7f, 0xff, 0x7f, 0xfe, 0x3f, 0xfc, 0x0f, 0xf0, 0x0f, 0xc0, 0x03, 0xc0,
    0x3f, 0x80, 0x7f, 0xe1, 0xff, 0xc3, 0xff, 0xc7, 0xff, 0x8f, 0xff, 0xdf, 0xff, 0xff, 0xff, 0xff,
    0xff, 0xff, 0xff, 0xff, 0xfb, 0xfb, 0xf0, 0x7f, 0xc0, 0xff, 0x81, 0xff, 0x00, 0x38, 0x00, 0xf8,
    0x03, 0xff, 0xff, 0xff, 0xff, 0xff, 0xff, 0xf7, 0xbf, 0xdf, 0x3f, 0xbc, 0x7f, 0xf0, 0x3f, 0xe0,
    0x7f, 0xc1, 0xff, 0x83, 0xff, 0x07, 0xfc, 0x00, 0xe0, 0x00, 0x1f, 0x00, 0xfe, 0x0f, 0xf8, 0x3f,
    0xe0, 0xff, 0xbc, 0x7f, 0xf3, 0xff, 0xcf, 0xff, 0x3f, 0xfc, 0xff, 0xf3, 0xff, 0xc7, 0xfe, 0x0f,
    0xe0, 0x3e, 0x00, 0x38, 0x00, 0x0f, 0xbc, 0x0f, 0xff, 0x87, 0xff, 0xf1, 0xff, 0xfe, 0x7f, 0xff,
    0xbd, 0xfc, 0xff, 0xff, 0xff, 0xff, 0xff, 0xff, 0xff, 0xc3, 0xfe, 0x00, 0x3e, 0x00, 0x07, 0x00,
    0x00, 0x78, 0x0f, 0xf8, 0x3f, 0xfc, 0x7f, 0xfe, 0xff, 0xff, 0xff, 0xff, 0xff, 0xff, 0x7f, 0xff,
    0x1f, 0xff, 0x3f, 0xff, 0x3f, 0xfe, 0x3f, 0xf8, 0x03, 0xc0, 0x03, 0x80, 0x03, 0x80, 0x38, 0xe3,
    0xff, 0x9f, 0xfc, 0xff, 0xe7, 0xff, 0x3f, 0xf9, 0xff, 0xdf, 0xff, 0xff, 0xff, 0xff, 0xdf, 0xfc,
    0xff, 0xe3, 0xfe, 0x1f, 0xf0, 0xff, 0x80, 0x1c, 0x38, 0x3e, 0x7c, 0x3f, 0xfc, 0x3f, 0xfc, 0x3f,
    0xfc, 0x3f, 0xfc, 0x38, 0x1c, 0x7f, 0x7e, 0x7f, 0x7f, 0xff, 0xff, 0xff, 0xff, 0xff, 0xff, 0x7f,
    0xfe, 0x1f, 0xf8, 0x07, 0xe0, 0x00, 0x70, 0x07, 0xfb, 0xc3, 0xff, 0xff, 0xff, 0xff, 0xff, 0xff,
    0xff, 0xff, 0xff, 0xfe, 0xff, 0xfe, 0x7f, 0xff, 0x1f, 0xff, 0x8f, 0xff, 0xc1, 0xff, 0xe0, 0xff,
    0xf0, 0x7f, 0xf0, 0x1f, 0x00, 0xee, 0x1f, 0xe3, 0xfc, 0x7f, 0x8f, 0xf1, 0xff, 0xff, 0xff, 0xff,
    0x77, 0xef, 0xf9, 0xff, 0x3f, 0xc7, 0xfc, 0xff, 0x9f, 0xf0, 0x3e, 0x03, 0xf8, 0x1f, 0xe0, 0xff,
    0x8f, 0xfc, 0x7f, 0xfb, 0xff, 0xff, 0xff, 0xff, 0xff, 0xff, 0xff, 0xff, 0xff, 0xf7, 0xff, 0xbf,
    0xfd, 0xff, 0xe0, 0x78, 0x07, 0xc0, 0x3f, 0xc1, 0xfe, 0x0f, 0xf0, 0x7f, 0xfb, 0xff, 0xdf, 0xfe,
    0xff, 0xe7, 0xfe, 0x07, 0xfe, 0x3f, 0xf1, 0xff, 0x80, 0xfc, 0x03, 0xc0, 0x1f, 0x9c, 0x0f, 0xff,
    0x87, 0xff, 0xc7, 0xff, 0xff, 0xc0, 0x3f, 0xfe, 0x1f, 0xff, 0x0f, 0xff, 0x9f, 0xff, 0xff, 0xff,
    0xff, 0xff, 0xff, 0xef, 0xff, 0xf0, 0xff, 0xf8, 0x7f, 0xfc, 0x0f, 0xc0, 0x03, 0xfc, 0x0f, 0xfe,
    0x3f, 0xff, 0x9f, 0xff, 0xcf, 0xff, 0xe7, 0xff, 0xfb, 0xf7, 0xfe, 0xff, 0xff, 0x7f, 0xff, 0xbf,
    0xff, 0xcf, 0xff, 0xe7, 0xe7, 0xf1, 0xf3, 0xf8, 0xf9, 0xfc, 0x00, 0x7c, 0x07, 0x00, 0x0f, 0xfe,
    0x0f, 0xfe, 0x0f, 0xfe, 0x1f, 0xde, 0x7f, 0x9e, 0xff, 0x3e, 0xff, 0xff, 0xff, 0xff, 0x7f, 0xff,
    0x7f, 0xff, 0x1f, 0xf8, 0x1f, 0xf0, 0x0f, 0xe0, 0x07, 0xc0, 0x3e, 0x01, 0xfc, 0x0f, 0xf0, 0x3f,
    0xc0, 0xff, 0x01, 0xff, 0x01, 0xff, 0x07, 0xfe, 0x1f, 0xf8, 0x7f, 0xf1, 0xff, 0xc7, 0xff, 0x1f,
    0xf8, 0x7f, 0xe1, 0xfe, 0x00, 0x3f, 0xc0, 0x7f, 0xe0, 0xff, 0xe1, 0xff, 0xc3, 0xff, 0xc7, 0xff,
    0x9f, 0xff, 0xff, 0xff, 0xff, 0xff, 0xff, 0xff, 0xff, 0xff, 0xff, 0xff, 0xff, 0xe0, 0xff, 0x81,
    0xff, 0x00, 0x07, 0xfe, 0x07, 0xff, 0xc7, 0xff, 0xf9, 0xff, 0xff, 0x7f, 0xff, 0xff, 0xff, 0xff,
    0xff, 0xff, 0xff, 0xff, 0xff, 0xff, 0x9f, 0xff, 0xe1, 0xff, 0xf0, 0x7f, 0xfc, 0x1f, 0xfe, 0x07,
    0xff, 0x00, 0x3c, 0x00, 0x7e, 0x00, 0xfe, 0x00, 0xfe, 0x00, 0xfe, 0x00, 0xfc, 0x00, 0xff, 0x00,
    0x7f, 0xfe, 0x7f, 0xff, 0x3c, 0xff, 0x3d, 0xff, 0x3f, 0xff, 0x3f, 0xfc, 0x3f, 0xf0, 0x1f, 0xf0,
    0xee, 0x00, 0x3f, 0x83, 0xcf, 0xff, 0xff, 0xff, 0xff, 0x7f, 0xff, 0xdf, 0xff, 0xf7, 0xff, 0xe0,
    0xff, 0x80, 0x1f, 0xf8, 0x07, 0xfe, 0x00, 0x3f, 0x80, 0x0f, 0xe0, 0x03, 0xf8, 0x00, 0xfc, 0x00,
    0x07, 0x00, 0xe0, 0x00, 0x78, 0x00, 0x3c, 0x00, 0x0f, 0x1f, 0x83, 0xdf, 0xc7, 0xff, 0xe3, 0xff,
    0xf9, 0xff, 0xfe, 0xff, 0xff, 0x7f, 0xff, 0x9f, 0xff, 0xff, 0xff, 0xff, 0xff, 0xff, 0xe7, 0xf8,
    0x01, 0xe0, 0x0e, 0x00, 0x3f, 0xe0, 0x7f, 0xf8, 0xff, 0xfc, 0xff, 0xfc, 0xff, 0xfe, 0x7f, 0xfe,
    0x0f, 0xfe, 0x0f, 0xff, 0x07, 0xff, 0x01, 0xff, 0x01, 0xf0, 0x01, 0xf0, 0x78, 0x00, 0xf8, 0x01,
    0xf8, 0x07, 0xf0, 0x0f, 0xff, 0xdf, 0xff, 0xdf, 0xff, 0xbe, 0x1f, 0x3f, 0xfc, 0x7f, 0xf8, 0x7f,
    0xf0, 0x7f, 0xc0, 0x7f, 0x80, 0xee, 0x01, 0xdc, 0x00, 0x07, 0xc0, 0x7f, 0xf1, 0xff, 0xe3, 0xff,
    0xc7, 0xff, 0xdf, 0xff, 0xff, 0xff, 0xff, 0xff, 0xff, 0xfe, 0xff, 0xf9, 0xff, 0xe3, 0xff, 0xc3,
    0xff, 0x80, 0xf8, 0x00, 0x0f, 0xfe, 0x07, 0xff, 0xc3, 0xff, 0xf8, 0xff, 0x9f, 0x7f, 0xe3, 0xff,
    0xf8, 0xff, 0xfe, 0x3b, 0xff, 0x7e, 0xff, 0xff, 0x9f, 0xff, 0xe3, 0xff, 0xf8, 0x1f, 0xde, 0x01,
    0xf0, 0x00, 0x78, 0x00, 0x3e, 0x01, 0xfc, 0x0f, 0xf8, 0x3f, 0xe0, 0xff, 0x83, 0xff, 0x07, 0xfc,
    0x1f, 0xf8, 0x7f, 0xe1, 0xff, 0xc3, 0xff, 0xcf, 0xff, 0x1f, 0xfc, 0x7f, 0xf1, 0xf8, 0x00, 0x38,
    0x0e, 0x3f, 0xff, 0x9f, 0xff, 0xcf, 0xff, 0xe7, 0xff, 0xf7, 0xff, 0xfb, 0xff, 0xff, 0xff, 0xff,
    0xff, 0xff, 0xff, 0xff, 0xff, 0xff, 0xff, 0xff, 0xf7, 0xff, 0xf1, 0xff, 0xf0, 0x3f, 0xc0, 0x7f,
    0xf9, 0xff, 0xff, 0xff, 0xff, 0xff, 0xff, 0xff, 0xff, 0xf7, 0xff, 0xdf, 0xfe, 0x1f, 0xf0, 0xff,
    0xc3, 0xff, 0x0f, 0xfc, 0x1f, 0xf0, 0x7f, 0x80, 0xfe, 0x00, 0x00, 0x38, 0x00, 0x7c, 0x00, 0x7c,
    0x00, 0xff, 0x07, 0xff, 0xef, 0xff, 0xff, 0xff, 0xff, 0xfe, 0x3f, 0xf8, 0x7f, 0xfc, 0x7f, 0xff,
    0x7f, 0xff, 0x3e, 0xf7, 0x3e, 0xf0, 0x1c, 0x70, 0x0e, 0x00, 0xfc, 0x07, 0xf8, 0x1f, 0xf0, 0xff,
    0xe3, 0xff, 0xcf, 0xff, 0x1f, 0xff, 0x3f, 0xfc, 0x3f, 0xf0, 0x7f, 0xc0, 0xff, 0x03, 0xfc, 0x07,
    0xe0, 0x0f, 0x00, 0x3f, 0xfc, 0x1f, 0xff, 0xc7, 0xff, 0xf3, 0xff, 0x3e, 0xff, 0xff, 0xff, 0xff,
    0xff, 0xff, 0xfc, 0x3f, 0xff, 0x0f, 0xff, 0x03, 0xff, 0xc0, 0x7b, 0xe0, 0x3e, 0x00, 0x3f, 0x80,
    0x1f, 0xc0, 0x1f, 0xe0, 0x0f, 0xf0, 0x07, 0xff, 0xe1, 0xff, 0xfd, 0xff, 0xff, 0xff, 0xe7, 0xff,
    0xff, 0xfb, 0xff, 0xff, 0xff, 0xff, 0xff, 0xf3, 0xff, 0xf0, 0x7f, 0xe0, 0x1f, 0x80, 0x3f, 0xe0,
    0x3f, 0xf0, 0x3f, 0xfc, 0x3f, 0xfe, 0x79, 0xff, 0xff, 0xef, 0xff, 0xff, 0xff, 0xff, 0xff, 0xff,
    0x7f, 0xff, 0x7f, 0xff, 0x7f, 0xff, 0x0f, 0xfe, 0x0f, 0xe0, 0xfe, 0x01, 0xfe, 0x03, 0xfc, 0x07,
    0xff, 0xe3, 0xff, 0xff, 0xff, 0xf8, 0x7f, 0xfb, 0xff, 0x7f, 0xfe, 0xff, 0xfc, 0xff, 0xf0, 0xff,
    0xc0, 0x7e, 0x00, 0xf8, 0x01, 0xe0, 0x00, 0xff, 0xc1, 0xff, 0xf3, 0xff, 0xfb, 0xff, 0xff, 0xff,
    0xff, 0xff, 0xbf, 0xff, 0xff, 0xff, 0xff, 0xff, 0xfb, 0xbf, 0xfe, 0x7b, 0xfd, 0xe7, 0xff, 0xc7,
    0xff, 0x03, 0xfc, 0x00, 0x1f, 0x00, 0x1f, 0xe3, 0xc7, 0xfc, 0xfb, 0xff, 0x7f, 0xff, 0xff, 0xff,
    0xff, 0xf7, 0xff, 0xfd, 0xff, 0xff, 0x3f, 0xff, 0xcf, 0xc7, 0xf1, 0xf1, 0xfc, 0x7e, 0x7f, 0x0f,
    0xff, 0xc1, 0xff, 0xc0, 0x1f, 0xc0, 0x00, 0xfc, 0x01, 0xff, 0x03, 0xff, 0x03, 0xff, 0x07, 0xff,
    0x0f, 0xff, 0x1f, 0xfe, 0x3f, 0xfe, 0x7f, 0xfe, 0x7f, 0xfe, 0x7f, 0xfe, 0xff, 0xfe, 0xff, 0xfe,
    0xff, 0xfe, 0x00, 0xf8, 0x03, 0xf8, 0x1f, 0xf0, 0x7f, 0xc3, 0xff, 0x0f, 0xfc, 0x3f, 0xf1, 0xfd,
    0xdf, 0xf0, 0x7f, 0xc3, 0xff, 0x0f, 0xfc, 0x3f, 0xf0, 0xff, 0xc0, 0xf8, 0x03, 0xe0, 0x00, 0x1c,
    0x07, 0xf0, 0x3f, 0x81, 0xfc, 0x0f, 0xfe, 0x3f, 0xf9, 0xff, 0xcf, 0x9f, 0x7f, 0xfb, 0xff, 0xcf,
    0xfe, 0x1f, 0x80, 0xfc, 0x07, 0x80, 0x3c, 0x01, 0xe0, 0x00, 0x7e, 0x01, 0xff, 0x07, 0xff, 0x1f,
    0xff, 0x3f, 0xff, 0x7f, 0xff, 0x7f, 0xfe, 0xff, 0xfe, 0xfd, 0xfe, 0xff, 0xfe, 0xff, 0xfe, 0x7f,
    0xfc, 0x3f, 0xf8, 0x3f, 0xf8, 0x07, 0xc0, 0x7f, 0x00, 0x7f, 0x80, 0x7f, 0x80, 0x7f, 0xc0, 0xff,
    0xe0, 0xff, 0xff, 0xfe, 0xff, 0xfe, 0x7f, 0x7f, 0xff, 0x73, 0xff, 0x7b, 0xfc, 0x7f, 0xf0, 0x7f,
    0xf0, 0x7f, 0xc0, 0x0f, 0x00, 0x1f, 0xc0, 0xff, 0xe0, 0xff, 0xf8, 0xff, 0xfe, 0xff, 0xff, 0xff,
    0xff, 0x7f, 0xe7, 0x3f, 0xe7, 0x3f, 0xff, 0x3f, 0xff, 0x3f, 0xfe, 0x1f, 0xfe, 0x1f, 0xfe, 0x0f,
    0xfe, 0x0f, 0xc0, 0x3f, 0x00, 0x3f, 0xc0, 0x1f, 0xef, 0xdf, 0xff, 0xff, 0xff, 0xff, 0xff, 0xff,
    0x8f, 0xfd, 0xf7, 0xfe, 0xff, 0xff, 0x7f, 0xff, 0x3f, 0xff, 0x8f, 0xff, 0xc3, 0xff, 0xc1, 0xff,
    0xc0, 0x3f, 0x80, 0x3c, 0x38, 0x7e, 0x38, 0xff, 0xff, 0xff, 0xff, 0xff, 0xff, 0xff, 0xff, 0x3f,
    0xff, 0x3f, 0xfe, 0x1f, 0xfe, 0x1f, 0xfe, 0x0f, 0xfe, 0x0f, 0xfc, 0x0f, 0xfe, 0x0f, 0xfe, 0x03,
    0x8e, 0x00, 0x0f, 0x00, 0x0f, 0x00, 0x7f, 0x00, 0x7e, 0x00, 0x7e, 0x00, 0x7e, 0x00, 0x1e, 0x07,
    0x1e, 0x0f, 0x80, 0x0f, 0x80, 0x7f, 0x80, 0xff, 0x00, 0xfe, 0x00, 0xfc, 0x00, 0x78, 0x00, 0xff,
    0xff, 0xff, 0xff, 0xff, 0xff, 0xff, 0xff, 0xff, 0xff, 0xff, 0xff, 0xff, 0xff, 0xff, 0xff, 0xfe,
    0x3f, 0xfc, 0x1f, 0xfc, 0x1f, 0xfc, 0x1f, 0xff, 0xff, 0xff, 0xff, 0xff, 0xff, 0xff, 0xff, 0xff,
    0xff, 0xff, 0xff, 0xff, 0xff, 0xff, 0xff, 0xff, 0xff, 0x3f, 0xfe, 0xff, 0xff, 0xff, 0xff, 0xfc,
    0x3f, 0xfc, 0x3f, 0xf8, 0x1f, 0xff, 0xff, 0xff, 0xff, 0xff, 0xff, 0xff, 0xbf, 0xff, 0xbf, 0xff,
    0xbf, 0xe3, 0xc7, 0xef, 0xf7, 0xff, 0xff, 0xff, 0xff, 0xff, 0x3f, 0xfc, 0x3f, 0xf8, 0x07, 0xf8,
    0x07, 0xf8, 0x07, 0xff, 0xbf, 0xff, 0xbf, 0xff, 0xbf, 0xff, 0xff, 0xff, 0xff, 0xff, 0xff, 0xff,
    0xff, 0xff, 0xff, 0xfc, 0xff, 0xfe, 0xff, 0xfe, 0x7f, 0xfe, 0x3f, 0xfc, 0x3f, 0xfc, 0x1f, 0xfc,
    0x1f, 0xff, 0xfe, 0xff, 0xfe, 0xff, 0xfe, 0x1e, 0x00, 0x3f, 0x00, 0x7f, 0x00, 0xff, 0x80, 0xff,
    0xc0, 0xff, 0xe0, 0xff, 0xf0, 0x7f, 0xfe, 0x0f, 0xff, 0x07, 0xff, 0x03, 0xff, 0x01, 0xff, 0x00,
    0xfe, 0x00, 0xf8, 0x00, 0xf8, 0x03, 0xfc, 0x7f, 0xf3, 0xff, 0xcf, 0x87, 0x3f, 0xfc, 0xff, 0xf3,
    0xff, 0x01, 0xc0, 0x1f, 0x00, 0x7c, 0x01, 0xf0, 0x0f, 0xc0, 0xff, 0x03, 0xfc, 0x0f, 0xf0, 0x00,
    0xfe, 0x01, 0xfc, 0x03, 0xf8, 0x07, 0x00, 0x0e, 0x00, 0x1c, 0xe0, 0x39, 0xc0, 0x73, 0xc0, 0xe7,
    0xc1, 0xc7, 0xf3, 0x87, 0xff, 0x7f, 0xfe, 0xff, 0xe1, 0xff, 0xc0, 0xff, 0x00, 0x7f, 0xf7, 0xff,
    0xbf, 0xff, 0xdf, 0xfe, 0xfb, 0xf0, 0x1f, 0xc1, 0xee, 0xee, 0x7f, 0xf3, 0xff, 0x9f, 0xfc, 0xff,
    0xe7, 0xff, 0x1f, 0xf8, 0x7f, 0x80, 0x00, 0xf8, 0x00, 0xfe, 0x00, 0xff, 0xe3, 0xfb, 0xf7, 0xfd,
    0xff, 0xff, 0xff, 0xff, 0xfd, 0xff, 0xfc, 0xff, 0xfc, 0x3f, 0xfe, 0x0f, 0xff, 0x07, 0xff, 0x03,
    0xff, 0x80, 0x3f, 0x80, 0x07, 0x80, 0x3f, 0xfe, 0x1f, 0xff, 0x1f, 0xff, 0xdf, 0xff, 0xef, 0xff,
    0xff, 0xff, 0xff, 0xff, 0x7f, 0xff, 0x9f, 0x7b, 0x9f, 0x1e, 0x0f, 0x0f, 0x07, 0x03, 0xff, 0x81,
    0xff, 0xc0, 0xff, 0xe0, 0x7d, 0xf0, 0x0f, 0xc0, 0x7f, 0xc3, 0xff, 0x0f, 0xfc, 0x3f, 0xf1, 0xff,
    0xe7, 0xff, 0xbf, 0xff, 0xff, 0xff, 0xff, 0xff, 0xff, 0xff, 0xff, 0xff, 0xff, 0xff, 0xf7, 0xff,
    0x80, 0x3f, 0xc3, 0xff, 0x3f, 0xfd, 0xff, 0xef, 0xff, 0xff, 0xff, 0xff, 0xef, 0xff, 0x7f, 0xf1,
    0xff, 0x0f, 0xf0, 0x7f, 0x83, 0xf8, 0x1f, 0x80, 0xf8, 0x00, 0x00, 0x70, 0x03, 0x80, 0x1c, 0x01,
    0xe0, 0x0f, 0x07, 0xf0, 0x7f, 0x83, 0xfc, 0x1f, 0xe0, 0xff, 0x3f, 0xfd, 0xff, 0xef, 0xff, 0x9f,
    0xfc, 0x7f, 0xe0, 0x00, 0x1f, 0x00, 0x1f, 0x00, 0x1f, 0x00, 0xfe, 0x01, 0xfe, 0x07, 0xfe, 0x0f,
    0xff, 0x1f, 0xff, 0x1f, 0xff, 0x3f, 0xfe, 0xff, 0xff, 0xff, 0xff, 0xff, 0xff, 0x7f, 0xfe, 0x0f,
    0x7c, 0x07, 0xc0, 0x07, 0xc0, 0x0f, 0xe0, 0x3f, 0xe0, 0x3f, 0xe0, 0x3f, 0xc0, 0x7e, 0xfc, 0x7f,
    0xfe, 0x7f, 0xff, 0xff, 0xcf, 0xff, 0xff, 0xf9, 0xff, 0xff, 0xff, 0xff, 0xfe, 0x7f, 0xfc, 0x07,
    0xc1, 0xfc, 0xff, 0xbf, 0xff, 0xff, 0xff, 0xff, 0xf7, 0xf8, 0xfc, 0x0f, 0x81, 0xf8, 0x1f, 0x87,
    0xf0, 0xfe, 0x1f, 0xc0, 0x00, 0xf8, 0x03, 0xfe, 0x07, 0xff, 0x1f, 0xff, 0x7f, 0xff, 0xff, 0xff,
    0xff, 0xff, 0xff, 0xff, 0xff, 0xff, 0xff, 0xff, 0xff, 0xff, 0xff, 0xfc, 0xff, 0x80, 0xf0, 0x00,
    0x07, 0x01, 0xfc, 0x3f, 0xc3, 0xfe, 0x78, 0xff, 0x0f, 0xf9, 0xff, 0x9f, 0xff, 0xff, 0xff, 0xff,
    0xf7, 0xff, 0x7f, 0xf7, 0xfe, 0x1f, 0xc0, 0x3f, 0x1f, 0xe7, 0xf9, 0xfe, 0x7f, 0x9f, 0xe7, 0xf9,
    0xff, 0x7f, 0xff, 0xff, 0xff, 0xff, 0xff, 0xff, 0xf3, 0xf8, 0x01, 0xe0, 0xfd, 0xff, 0xff, 0xef,
    0xfd, 0xff, 0xbf, 0xf7, 0xfe, 0xff, 0xdf, 0xfb, 0xff, 0x7f, 0xef, 0xfc, 0xff, 0x87, 0xe0, 0x07,
    0x00, 0x78, 0x03, 0xc0, 0x1f, 0x03, 0xfc, 0x3f, 0xf3, 0xff, 0xdf, 0xff, 0xff, 0xff, 0xff, 0xff,
    0x7e, 0xff, 0xe3, 0xfe, 0x0f, 0xc0, 0x3e, 0x00, 0x07, 0x80, 0x1f, 0x01, 0xff, 0x1f, 0xfe, 0x7f,
    0xfb, 0xff, 0xff, 0xff, 0xff, 0xff, 0xff, 0xff, 0xff, 0xff, 0xff, 0xdf, 0xfe, 0x3f, 0xf0, 0x3f,
    0x80, 0xfc, 0x00, 0x03, 0xf0, 0x01, 0xfe, 0x00, 0xff, 0x80, 0xfc, 0xf8, 0x7f, 0xff, 0x9f, 0xff,
    0xef, 0xfe, 0x7f, 0xff, 0x9f, 0xff, 0xf7, 0xff, 0xff, 0xff, 0xff, 0xfd, 0xfe, 0xfe, 0x7f, 0xff,
    0x87, 0xff, 0xc0, 0xff, 0xc0, 0x01, 0xe0, 0x01, 0xfc, 0x00, 0xff, 0xc0, 0x7f, 0xfc, 0x7f, 0xff,
    0xff, 0xff, 0xff, 0xff, 0xff, 0xff, 0xff, 0xff, 0xff, 0xff, 0xff, 0xf7, 0xff, 0xf8, 0x7f, 0xf8,
    0x0f, 0xfc, 0x00, 0xfe, 0x00, 0x1e, 0x00, 0x00, 0x3e, 0x00, 0x7f, 0xc0, 0x1f, 0xf8, 0x07, 0xfe,
    0x03, 0xff, 0x87, 0xff, 0xf7, 0xff, 0xff, 0xff, 0xff, 0xff, 0xff, 0xff, 0xff, 0xc7, 0xff, 0xc0,
    0xff, 0xc0, 0x0f, 0x80, 0x00, 0x00, 0x70, 0x0f, 0x00, 0xf1, 0xff, 0x3f, 0xe7, 0xfe, 0x7f, 0xef,
    0xff, 0xff, 0xfe, 0x07, 0xf8, 0x7f, 0x8f, 0x7f, 0xe7, 0xfe, 0x3f, 0x80, 0x03, 0xe0, 0x1f, 0xfc,
    0x7f, 0xff, 0x7e, 0x3f, 0x7f, 0xff, 0x7f, 0xff, 0x77, 0xff, 0x77, 0xff, 0x77, 0xff, 0x77, 0xff,
    0xff, 0xff, 0xff, 0xff, 0xff, 0xfe, 0x7f, 0xf0, 0x1e, 0x00, 0x03, 0x80, 0xf1, 0xff, 0x7f, 0xef,
    0xff, 0xff, 0xff, 0xff, 0xfe, 0x7f, 0xcf, 0xf9, 0xff, 0x3f, 0xe7, 0xf8, 0xff, 0x0f, 0xc0, 0x1c,
    0x00, 0x3d, 0xf0, 0x3f, 0xf8, 0x3f, 0xfc, 0x1f, 0x7c, 0x1e, 0x7c, 0xfe, 0xfe, 0xff, 0xee, 0xff,
    0xff, 0xff, 0xff, 0x7f, 0xff, 0x3e, 0xff, 0x1f, 0xfe, 0x1f, 0xfe, 0x1f, 0xfe, 0x0f, 0xbe, 0x3e,
    0x3f, 0x1f, 0x8f, 0xc7, 0xe7, 0xfb, 0xff, 0xff, 0xff, 0xff, 0xff, 0xe7, 0xc7, 0xe3, 0xf1, 0xf8,
    0x1e, 0x0f, 0xc3, 0xf0, 0xfc, 0x3f, 0x0f, 0xc3, 0xf3, 0xfc, 0xff, 0x3f, 0xc7, 0xf1, 0xff, 0xff,
    0xff, 0xff, 0xfc, 0x01, 0xf8, 0x03, 0xfe, 0x03, 0xff, 0x03, 0xe3, 0xe1, 0xf9, 0xff, 0xfc, 0xff,
    0xfe, 0x7f, 0xff, 0x7f, 0xff, 0xfb, 0xff, 0xff, 0xff, 0xff, 0xff, 0xff, 0xef, 0xff, 0xe7, 0xe0,
    0x03, 0xe0, 0x00, 0x0f, 0xf0, 0x1f, 0xf8, 0x3f, 0xfc, 0x7f, 0xfe, 0x7f, 0xfe, 0xff, 0xff, 0xff,
    0xff, 0xff, 0xff, 0xe1, 0xff, 0xf0, 0xff, 0x78, 0x1f, 0x7c, 0x3e, 0x3f, 0xfe, 0x1f, 0xfe, 0x0f,
    0xfe, 0x0f, 0xc3, 0xff, 0x3f, 0xfd, 0xff, 0xff, 0xff, 0xff, 0xff, 0xff, 0xff, 0xff, 0xff, 0xff,
    0xff, 0xbf, 0xfc, 0xe0, 0xe7, 0xff, 0x3f, 0xf8, 0xff, 0x80, 0x1f, 0xc7, 0xfe, 0xff, 0xff, 0xff,
    0xff, 0xf7, 0xff, 0x7f, 0xf7, 0xdf, 0x7f, 0xf7, 0xff, 0x7f, 0xf7, 0x07, 0x7f, 0xf7, 0xff, 0x3f,
    0xe0, 0x0f, 0xc3, 0xff, 0x3f, 0xf9, 0xff, 0xff, 0xff, 0xff, 0xff, 0xff, 0xff, 0xff, 0xff, 0xff,
    0xff, 0xbf, 0xfc, 0xe0, 0xe7, 0xff, 0x3f, 0xf8, 0xff, 0x80, 0x0f, 0xc3, 0xff, 0x3f, 0xfd, 0xff,
    0xff, 0xff, 0xff, 0xff, 0xf3, 0xff, 0xff, 0xff, 0xff, 0xff, 0xbf, 0xfc, 0xff, 0xe7, 0xff, 0x3f,
    0xf8, 0xff, 0x80, 0x1f, 0x83, 0xfc, 0x7f, 0xe7, 0xfe, 0xff, 0xff, 0xff, 0xff, 0xff, 0xff, 0xff,
    0xff, 0xff, 0xff, 0xff, 0xff, 0xff, 0xf7, 0xff, 0x7f, 0xe0, 0x1f, 0x81, 0xfc, 0x1f, 0xf8, 0xf9,
    0xc7, 0xcf, 0x3f, 0xf9, 0xff, 0xdf, 0xff, 0xff, 0xff, 0xff, 0xff, 0xfe, 0xff, 0xe7, 0xff, 0x1f,
    0xf0, 0xff, 0x80, 0xff, 0x1f, 0xfb, 0xff, 0x77, 0xfe, 0xff, 0xdf, 0xff, 0xff, 0xff, 0xff, 0xff,
    0xff, 0xff, 0x77, 0xee, 0xfd, 0xdf, 0xbb, 0x80, 0x0f, 0x00, 0xfc, 0x07, 0xe0, 0x3f, 0x01, 0xf8,
    0x0f, 0xc0, 0x7f, 0x07, 0xf8, 0x3f, 0xe3, 0xff, 0x3f, 0xff, 0xff, 0xff, 0xff, 0xff, 0xff, 0xff,
    0xc0, 0x0f, 0xc0, 0x1f, 0xf0, 0x1f, 0xf8, 0x3f, 0xfc, 0x3f, 0xfc, 0x7f, 0xfe, 0xff, 0xff, 0xff,
    0xff, 0xf9, 0xff, 0xf7, 0xff, 0x77, 0xff, 0x3f, 0xfe, 0x3f, 0xfc, 0x3f, 0xfc, 0x1f, 0xf8, 0xff,
    0xff, 0x7f, 0xff, 0xbf, 0xff, 0xdf, 0xcf, 0xef, 0xe3, 0xfb, 0xe1, 0xfd, 0xf0, 0xff, 0xf8, 0x7e,
    0xfc, 0x7c, 0x7f, 0xfe, 0x3f, 0xff, 0x1f, 0xff, 0x80, 0x3f, 0xc0, 0x1c, 0x00, 0x07, 0xf0, 0x07,
    0xfc, 0x07, 0xfe, 0x03, 0xc7, 0x81, 0xc3, 0xc0, 0xfb, 0xe1, 0xfd, 0xfd, 0xff, 0xff, 0xff, 0xff,
    0xfb, 0xff, 0xdf, 0xff, 0xcf, 0xff, 0xc3, 0xff, 0xe0, 0xff, 0xe0, 0x3f, 0xe0, 0x03, 0xf8, 0x07,
    0xfc, 0x0f, 0xfc, 0x0f, 0xdc, 0x0f, 0xfe, 0x0f, 0xfe, 0x1f, 0xfe, 0x1f, 0xfe, 0x1f, 0xfe, 0x7f,
    0xff, 0xff, 0xff, 0xff, 0xff, 0xff, 0xff, 0xff, 0x00, 0x0f, 0x00, 0x0f, 0xe0, 0x7f, 0xc3, 0xff,
    0x8f, 0xfe, 0xff, 0xff, 0xff, 0xff, 0xff, 0xff, 0x9f, 0x7f, 0xfd, 0xff, 0xf7, 0xff, 0xdf, 0xff,
    0x7f, 0xfd, 0xff, 0xe1, 0xff, 0x00, 0x3f, 0x00, 0x7f, 0x00, 0x7f, 0xc0, 0xf1, 0xc0, 0xff, 0xc0,
    0xff, 0xde, 0xff, 0xff, 0xff, 0xff, 0xff, 0xff, 0xff, 0xff, 0x7f, 0xff, 0x7f, 0xfe, 0x3f, 0xff,
    0x1f, 0xdf, 0x00, 0x1f, 0x1f, 0xc1, 0xff, 0x1f, 0xfc, 0xff, 0xef, 0xff, 0x7f, 0x7f, 0xff, 0xff,
    0xff, 0xff, 0xf7, 0xff, 0xbf, 0xfc, 0xe0, 0xe7, 0xff, 0x3f, 0xf8, 0xff, 0x80, 0x0f, 0xf8, 0x1f,
    0xfe, 0x1f, 0xff, 0x9f, 0xff, 0xef, 0xff, 0xf7, 0xff, 0xff, 0xff, 0xff, 0xff, 0xff, 0xff, 0xff,
    0xbf, 0xff, 0xc7, 0xff, 0xc1, 0xff, 0xc0, 0x0f, 0xc0, 0x3f, 0x7e, 0x3f, 0xff, 0xbf, 0xff, 0xdf,
    0xff, 0xff, 0xff, 0xff, 0xff, 0xff, 0xff, 0xfd, 0xff, 0xfe, 0x7f, 0xff, 0x3f, 0xff, 0x0f, 0xff,
    0x03, 0xff, 0x80, 0xff, 0x80, 0x3f, 0x80, 0x07, 0x00, 0x01, 0xf8, 0x03, 0xff, 0x01, 0xff, 0xc1,
    0xff, 0xe0, 0xff, 0xf8, 0x7d, 0xfc, 0x7e, 0xee, 0xff, 0xf7, 0xff, 0xff, 0xff, 0xff, 0xff, 0xff,
    0xc1, 0xfe, 0x00, 0x3e, 0x00, 0x3f, 0xcf, 0xfb, 0xff, 0xff, 0xff, 0xff, 0xff, 0xff, 0xfb, 0xfe,
    0x7f, 0xdf, 0xfb, 0xff, 0x7f, 0xe7, 0xfc, 0x3f, 0x83, 0xf0, 0x1f, 0x00, 0x0f, 0xe0, 0x07, 0xf8,
    0x03, 0xff, 0xfc, 0xff, 0xff, 0xbe, 0xff, 0xf7, 0x1f, 0xfd, 0xcf, 0xff, 0x7f, 0xf9, 0xcf, 0xfe,
    0xe3, 0xff, 0xb8, 0xff, 0xfe, 0x00, 0x7f, 0x00, 0x1f, 0xc0, 0x03, 0xf0, 0x03, 0xe0, 0x03, 0xf8,
    0x07, 0xff, 0x03, 0xff, 0x83, 0xff, 0xe1, 0xff, 0xf1, 0xff, 0xfc, 0xf7, 0x1e, 0x73, 0x87, 0x7f,
    0xcf, 0xff, 0xe7, 0xff, 0xf3, 0xff, 0xff, 0xff, 0xff, 0xfc, 0x7f, 0xf0, 0x1f, 0x80, 0x3f, 0x00,
    0x7f, 0xf0, 0xff, 0xe1, 0xff, 0xc7, 0xff, 0x9f, 0xff, 0x3f, 0xff, 0xff, 0xff, 0xff, 0xff, 0xff,
    0xff, 0xff, 0xef, 0xff, 0x80, 0xfe, 0x01, 0xf8, 0x00, 0xff, 0xff, 0xff, 0xff, 0xff, 0xff, 0xff,
    0xff, 0xff, 0xff, 0xff, 0xfc, 0xff, 0xcf, 0xfc, 0xff, 0x8f, 0xf0, 0xff, 0xef, 0xfe, 0xff, 0xe0,
    0x00, 0x7f, 0x83, 0xff, 0xc1, 0xff, 0xe1, 0xff, 0xe1, 0xff, 0xf0, 0xff, 0xf8, 0xff, 0xf0, 0xff,
    0x80, 0xff, 0x80, 0x7f, 0xc0, 0x3f, 0xc0, 0x1f, 0xc0, 0x0f, 0xc0, 0x03, 0xe0, 0x00, 0x07, 0x78,
    0x7f, 0xf1, 0xff, 0xc7, 0xff, 0x7f, 0xff, 0xfd, 0xef, 0xf7, 0xff, 0xbf, 0xf9, 0xfd, 0xe7, 0xff,
    0xff, 0xbf, 0xf8, 0xff, 0xe3, 0xff, 0x87, 0xbc, 0x00, 0x00, 0xff, 0x00, 0x3f, 0xf0, 0x1f, 0xfc,
    0x0f, 0xff, 0x07, 0xff, 0x03, 0xff, 0xc1, 0xff, 0xf0, 0xff, 0xf0, 0x7f, 0xf8, 0x3f, 0xfc, 0x0f,
    0xfe, 0x03, 0xff, 0x00, 0xff, 0x80, 0x1f, 0xc0, 0x07, 0xc0, 0x00, 0x1f, 0xfe, 0x1f, 0xff, 0xef,
    0xff, 0xff, 0xff, 0xff, 0xff, 0xff, 0xff, 0xff, 0xff, 0xff, 0xff, 0xff, 0xff, 0xff, 0xff, 0xdf,
    0xff, 0xe1, 0xff, 0xe0, 0x73, 0xff, 0xff, 0xff, 0xff, 0x7f, 0xdf, 0xef, 0xff, 0xff, 0xff, 0xff,
    0xf7, 0xfd, 0xfe, 0xff, 0xff, 0xff, 0xff, 0xef, 0x07, 0xff, 0x1f, 0xff, 0x3f, 0xff, 0x7f, 0xff,
    0x7f, 0xff, 0xff, 0xfe, 0xff, 0xfe, 0xff, 0xfe, 0xff, 0xfe, 0xf7, 0xfe, 0x7f, 0xfe, 0x7f, 0xfe,
    0x3f, 0xfc, 0x1f, 0xf8, 0x0f, 0xf0, 0x70, 0x07, 0x3f, 0xff, 0x9f, 0xff, 0xcf, 0xff, 0xe7, 0xff,
    0xf3, 0xff, 0xf9, 0xff, 0xfc, 0xff, 0xfe, 0x7f, 0xff, 0x3f, 0xff, 0x9f, 0xff, 0xdf, 0xff, 0xef,
    0xff, 0xff, 0xff, 0xff, 0xff, 0xfe, 0x0f, 0x0f, 0x9f, 0xdf, 0xef, 0xf7, 0xfb, 0xff, 0xff, 0xff,
    0xff, 0xff, 0xff, 0xff, 0xfb, 0xfc, 0xfc, 0x07, 0xe0, 0x0f, 0xf0, 0x3f, 0xfe, 0x7f, 0xfe, 0x7f,
    0xff, 0xff, 0xff, 0xff, 0xff, 0xff, 0xff, 0xff, 0xff, 0xff, 0xff, 0xfe, 0x3f, 0xfc, 0x3f, 0xff,
    0xff, 0xff, 0xff, 0xff, 0xff, 0xff, 0xff, 0xff, 0xff, 0xff, 0xff, 0xff, 0xff, 0xff, 0xff, 0xff,
    0xff, 0xff, 0xff, 0xff, 0xff, 0xff, 0xff, 0xff, 0xff, 0xff, 0xff, 0xff, 0xff, 0xff, 0xff, 0xff,
    0xff, 0xff, 0xff, 0x1f, 0xfe, 0x7f, 0xfd, 0xff, 0xff, 0xff, 0xff, 0xff, 0xff, 0xe0, 0x3f, 0x00,
    0x7f, 0x80, 0xff, 0xff, 0xff, 0xfd, 0xff, 0xfb, 0xff, 0xf3, 0xff, 0xe1, 0xff, 0xc0, 0x00, 0xe0,
    0x1e, 0x0f, 0xf1, 0xff, 0x3f, 0xf3, 0xff, 0x7f, 0xf7, 0xff, 0xff, 0xff, 0x3f, 0xff, 0xef, 0xfc,
    0x7f, 0xc1, 0xf0, 0x07, 0x00, 0x1f, 0x87, 0xe1, 0xf8, 0xfe, 0x7f, 0x9f, 0xe7, 0xf9, 0xff, 0xff,
    0xff, 0xff, 0xff, 0xff, 0xff, 0xff, 0xf7, 0xf8, 0x1f, 0xe3, 0xff, 0x3f, 0xf3, 0xff, 0x3f, 0xf3,
    0xfe, 0x7f, 0xe7, 0xfe, 0xff, 0xef, 0xff, 0xff, 0xff, 0xff, 0x7f, 0xf7, 0xfe, 0x1f, 0xe0, 0x1f,
    0xc0, 0xff, 0xc7, 0xff, 0x9f, 0xfe, 0xff, 0xff, 0xff, 0xff, 0xff, 0xff, 0xff, 0xff, 0xff, 0xff,
    0xef, 0xff, 0xff, 0xff, 0x7f, 0xfd, 0xff, 0xf1, 0xff, 0x80, 0x00, 0x3e, 0x00, 0xff, 0x01, 0xff,
    0x03, 0xff, 0x07, 0xff, 0x0f, 0xfe, 0x1f, 0xfc, 0x3f, 0xf8, 0x7f, 0xf0, 0x7f, 0xe0, 0xff, 0xc0,
    0xff, 0x80, 0xff, 0x00, 0xfe, 0x00, 0x7c, 0x00, 0x1f, 0xf0, 0x7f, 0xc1, 0xff, 0x07, 0x7c, 0x1f,
    0xf0, 0x7f, 0xc3, 0xff, 0x0f, 0xfe, 0x3f, 0xf9, 0xff, 0xef, 0xff, 0xff, 0xff, 0xff, 0xff, 0xff,
    0xf7, 0xcf, 0x80, 0x00, 0x0f, 0x00, 0x1f, 0x00, 0x3f, 0x00, 0x7f, 0x00, 0xfe, 0x01, 0xfc, 0x07,
    0xf8, 0x0f, 0xf8, 0x1f, 0xf0, 0x7f, 0xf0, 0xff, 0xf0, 0xff, 0xe0, 0xff, 0xe0, 0x7f, 0xc0, 0x1f,
    0xc0, 0x7c, 0x3e, 0x7e, 0x7f, 0x7e, 0xff, 0x7f, 0xff, 0xff, 0xff, 0xff, 0xff, 0xff, 0xff, 0xff,
    0xff, 0x7f, 0xfe, 0x7f, 0xfe, 0x7f, 0xfe, 0x7f, 0xfe, 0x3f, 0xfe, 0x3f, 0xfc, 0x1f, 0xf8, 0x7f,
    0xe7, 0xff, 0xff, 0xff, 0xff, 0xff, 0xff, 0xff, 0xdf, 0x8e, 0xfc, 0x77, 0xe3, 0xbf, 0x1d, 0xf8,
    0xef, 0xff, 0xff, 0xff, 0x9f, 0xf0, 0x0f, 0x00, 0x1f, 0x80, 0x1f, 0xf8, 0x0f, 0xff, 0x07, 0xff,
    0xc7, 0xfd, 0xf3, 0xfc, 0x7b, 0xfe, 0x7f, 0xff, 0xff, 0xfe, 0xff, 0xff, 0xff, 0xbf, 0xff, 0xdf,
    0xff, 0xe7, 0xff, 0xf0, 0xff, 0xf0, 0x1e, 0x00, 0x1e, 0x00, 0x0f, 0x00, 0x1f, 0xf7, 0x1f, 0xff,
    0xef, 0xff, 0xff, 0xff, 0xff, 0xff, 0x3f, 0xff, 0xff, 0xff, 0xff, 0xff, 0xff, 0xff, 0xff, 0xe7,
    0xff, 0xc0, 0x7f, 0xc0, 0x3f, 0xe0, 0x1f, 0xf0, 0x3f, 0xfe, 0x7f, 0xfc, 0xff, 0xf8, 0x0e, 0xf1,
    0xff, 0xe3, 0xff, 0xc7, 0xef, 0x80, 0x07, 0x00, 0x0e, 0x00, 0xff, 0xff, 0xff, 0xff, 0xff, 0xff,
    0xff, 0xff, 0xdf, 0xff, 0x00, 0x0f, 0xe0, 0x3f, 0xf0, 0xff, 0xf3, 0xff, 0xef, 0xff, 0xff, 0xff,
    0xff, 0xff, 0xff, 0xff, 0xff, 0xff, 0xff, 0xff, 0xff, 0xfb, 0xff, 0xe7, 0xff, 0xc7, 0xff, 0x03,
    0xf8, 0x00, 0x3f, 0xf8, 0xff, 0xf1, 0xff, 0xf3, 0xff, 0xf7, 0xff, 0xef, 0xff, 0xdf, 0xff, 0xbf,
    0xfe, 0xff, 0xfd, 0xff, 0xf3, 0xff, 0xe7, 0xff, 0xef, 0xff, 0xdf, 0xdf, 0x9f, 0x1e, 0x00, 0x7f,
    0x9f, 0xef, 0xff, 0xff, 0xff, 0xff, 0xff, 0xff, 0xff, 0xff, 0xff, 0xff, 0xff, 0xff, 0x7f, 0x8f,
    0xc1, 0xe0, 0x3f, 0xfe, 0x7f, 0xff, 0x7f, 0xff, 0xff, 0xff, 0xff, 0xff, 0xfc, 0x3f, 0xfc, 0x3f,
    0x7e, 0x7f, 0x3f, 0xfe, 0x1f, 0xfc, 0x0f, 0xf0, 0x7f, 0xfe, 0x7f, 0xfe, 0x7f, 0xfe, 0x77, 0xee,
    0x77, 0xee, 0x77, 0xee, 0x7f, 0xef, 0x7f, 0xff, 0xff, 0xff, 0xff, 0xff, 0xff, 0xff, 0xff, 0xff,
    0xff, 0xff, 0xff, 0xff, 0x3f, 0xfc, 0x7e, 0x1f, 0xef, 0xfb, 0xff, 0xff, 0xff, 0xff, 0xfd, 0xef,
    0x7b, 0xde, 0xf7, 0x3d, 0xce, 0x7f, 0x8f, 0xe3, 0xf0, 0x3e, 0xfe, 0x7f, 0xff, 0xff, 0xff, 0xff,
    0xff, 0xff, 0xfc, 0xff, 0xff, 0xff, 0xff, 0xff, 0xff, 0x7f, 0xff, 0x7f, 0xfe, 0x3f, 0xfe, 0x1f,
    0xf8, 0x0f, 0xf8, 0x07, 0xe0, 0x03, 0xc0, 0x3f, 0x7e, 0x3f, 0xff, 0xbf, 0xff, 0xff, 0xff, 0xff,
    0xff, 0xff, 0xff, 0xff, 0xff, 0xff, 0xff, 0xff, 0x7f, 0xff, 0x3f, 0xff, 0x8f, 0xff, 0x83, 0xff,
    0x80, 0xff, 0x80, 0x3f, 0x80, 0x0f, 0x00, 0x3f, 0x7e, 0x3f, 0xff, 0xbf, 0xff, 0xff, 0xff, 0xff,
    0xff, 0xff, 0xff, 0xbf, 0xff, 0xff, 0xff, 0xfe, 0x7f, 0xff, 0x3f, 0xff, 0x0f, 0xff, 0x83, 0xff,
    0x80, 0xff, 0x80, 0x3f, 0x80, 0x0f, 0x00, 0x0e, 0x03, 0xc0, 0xfc, 0x1f, 0xc7, 0xf8, 0xff, 0xbf,
    0xf7, 0xfe, 0xff, 0xff, 0xff, 0xff, 0xff, 0xff, 0xfc, 0xff, 0x8f, 0xc0, 0x00, 0x7c, 0x00, 0xfe,
    0x01, 0xff, 0x03, 0xef, 0x07, 0xcf, 0x0f, 0xff, 0x1f, 0xfe, 0x3f, 0xfc, 0x7f, 0xf8, 0xff, 0xf0,
    0xf3, 0xe0, 0xf7, 0xc0, 0xff, 0x80, 0x7f, 0x00, 0x3e, 0x00, 0x0f, 0x80, 0x7f, 0xc0, 0xff, 0xc0,
    0xf9, 0xfc, 0xf1, 0xfc, 0xf9, 0xfc, 0x79, 0xfc, 0x3f, 0xfe, 0x3f, 0xff, 0x1f, 0xdf, 0x0f, 0xcf,
    0x0f, 0xff, 0x07, 0xff, 0x01, 0xfe, 0x00, 0xfc, 0xff, 0xff, 0xff, 0xff, 0xff, 0xff, 0xff, 0xff,
    0xff, 0xff, 0xff, 0xff, 0xff, 0xff, 0xff, 0xff, 0xff, 0xff, 0xff, 0xff, 0xff, 0xff, 0xff, 0xff,
    0xff, 0xff, 0xff, 0xff, 0xff, 0xff, 0x00, 0x70, 0x00, 0xf0, 0x01, 0xf0, 0x03, 0xf0, 0x73, 0xe0,
    0xff, 0xc3, 0xfe, 0x07, 0xf8, 0x0f, 0xe0, 0x1f, 0x81, 0xfe, 0x07, 0xf0, 0x0f, 0xc0, 0x1e, 0x00,
    0x38, 0x00, 0x00, 0x1f, 0xe0, 0x7f, 0xf1, 0xff, 0xf7, 0xff, 0xef, 0xff, 0xdf, 0x7f, 0xbc, 0x7f,
    0x7c, 0xfe, 0xff, 0xff, 0xff, 0xfd, 0xff, 0xf9, 0xff, 0xf0, 0xff, 0xe1, 0xff, 0x83, 0xf0, 0x00,
    0x0f, 0x80, 0x1f, 0xf0, 0x3f, 0xf0, 0xff, 0xf0, 0xff, 0xff, 0xff, 0xff, 0x7f, 0xff, 0x3f, 0xfc,
    0x7f, 0xfc, 0x7f, 0xfc, 0x77, 0xfc, 0x07, 0xfc, 0x03, 0xf8, 0x01, 0xf0, 0x0f, 0xe0, 0x7f, 0xf1,
    0xff, 0xf3, 0xff, 0xef, 0xff, 0xff, 0xff, 0xff, 0xff, 0xff, 0xff, 0x1f, 0xf0, 0x1f, 0xc0, 0x3f,
    0x80, 0x3e, 0x00, 0x7c, 0x00, 0x70, 0x00, 0x00, 0xf8, 0x03, 0xfc, 0x3f, 0xfc, 0x7f, 0xfc, 0x7f,
    0xfc, 0x7f, 0xfe, 0x7f, 0xfe, 0x79, 0xfe, 0xf3, 0xfe, 0xff, 0xff, 0xff, 0xff, 0xff, 0xff, 0xff,
    0xdf, 0x77, 0x1f, 0x00, 0x0f, 0x03, 0xdc, 0x07, 0xfc, 0x0f, 0xf8, 0x1f, 0xf0, 0x1f, 0x00, 0x7e,
    0x01, 0xfe, 0x07, 0xfc, 0x1f, 0xf8, 0x7f, 0xf1, 0xfc, 0x07, 0xf0, 0x0f, 0xc0, 0x1f, 0x00, 0x3c,
    0x00, 0x00, 0x07, 0xf0, 0x07, 0xf0, 0x3f, 0xfe, 0x3f, 0xfe, 0x3f, 0xff, 0x3f, 0xff, 0x1f, 0xff,
    0xff, 0xfe, 0xff, 0xff, 0xff, 0xff, 0xff, 0xff, 0x7f, 0xff, 0x0f, 0xf8, 0x0f, 0xf8, 0x0f, 0xf0,
    0x07, 0xc0, 0x3f, 0x00, 0xfc, 0x03, 0xf0, 0x1f, 0xf1, 0xff, 0xef, 0xff, 0xff, 0xff, 0xff, 0xff,
    0xff, 0xf7, 0xff, 0xdf, 0xfe, 0x3f, 0xf8, 0x7f, 0xc0, 0xfc, 0x00, 0x7c, 0x00, 0x7f, 0xcf, 0x3f,
    0xff, 0xdf, 0xff, 0xff, 0xff, 0xff, 0xff, 0xff, 0xff, 0xff, 0xff, 0xff, 0x7f, 0xff, 0x07, 0xff,
    0x03, 0xff, 0x00, 0xff, 0x00, 0x7f, 0x80, 0x07, 0xc0, 0x03, 0xc0, 0x00, 0x3e, 0x00, 0xfc, 0x03,
    0xf8, 0x0f, 0xf0, 0x3f, 0xe0, 0xff, 0x83, 0xfe, 0x0f, 0xf8, 0x3f, 0xe0, 0xff, 0x83, 0xfe, 0x07,
    0xf8, 0x0f, 0xe0, 0x1f, 0x80, 0x1e, 0x00, 0x00, 0x03, 0xef, 0x87, 0xff, 0xc3, 0xff, 0xe3, 0xef,
    0xf1, 0xe3, 0xf0, 0xe3, 0xf0, 0xf7, 0xf0, 0xff, 0xf8, 0xff, 0xf8, 0x7f, 0xfc, 0x3f, 0xf8, 0x1e,
    0x00, 0x00, 0x7f, 0x1f, 0xe3, 0xfc, 0x7f, 0x8f, 0xf1, 0xff, 0x3f, 0xf7, 0xff, 0xff, 0xef, 0xfd,
    0xff, 0x3f, 0xe7, 0xfc, 0xfb, 0x87, 0x00, 0x03, 0x80, 0x1f, 0x80, 0xff, 0x03, 0xfe, 0x0f, 0xfc,
    0x1f, 0xf0, 0xff, 0xc7, 0xff, 0x3f, 0xf9, 0xfd, 0xc7, 0xf0, 0x3f, 0x80, 0xfc, 0x03, 0xe0, 0x07,
    0x80, 0x00, 0x07, 0x80, 0x1f, 0xc0, 0xff, 0xc0, 0xff, 0xc0, 0xff, 0xe0, 0xff, 0xf0, 0x7f, 0xf8,
    0x7f, 0xfc, 0x39, 0xfc, 0x01, 0xfe, 0x00, 0xfe, 0x00, 0x7f, 0x00, 0x3f, 0x00, 0x3f, 0x00, 0x1e,
    0x00, 0x3c, 0x00, 0x78, 0x01, 0xf0, 0x03, 0xf3, 0xff, 0xef, 0xff, 0xff, 0xff, 0xff, 0xff, 0xff,
    0xfd, 0xff, 0xfb, 0xff, 0xe3, 0xff, 0x87, 0xfe, 0x03, 0xf8, 0x00, 0x00, 0x1e, 0x00, 0x3f, 0x00,
    0x3f, 0x00, 0x7f, 0x00, 0x7f, 0x00, 0x7e, 0x3f, 0xf8, 0x7f, 0xf0, 0xff, 0xe0, 0xff, 0xc0, 0xff,
    0xc0, 0xff, 0xc0, 0xff, 0xc0, 0x7f, 0x80, 0x3f, 0x00, 0x0f, 0xc0, 0x1f, 0xf8, 0x1f, 0xfe, 0x0f,
    0x8f, 0x8f, 0xc3, 0xc7, 0xc0, 0xfb, 0xe0, 0x7f, 0xc0, 0xff, 0xe1, 0xff, 0xf3, 0xfe, 0x3f, 0xff,
    0x1f, 0xff, 0x8f, 0xff, 0xc0, 0x3f, 0xc0, 0x1f, 0xc0, 0x01, 0xfc, 0x1f, 0xfc, 0x7f, 0xfb, 0xff,
    0xff, 0xff, 0xff, 0xff, 0xff, 0xff, 0xff, 0xff, 0xff, 0xfe, 0xff, 0xf8, 0xff, 0x00, 0xfc, 0x00,
    0xf0, 0x00, 0x07, 0xc0, 0x3f, 0xc0, 0xff, 0x83, 0xff, 0x1f, 0xfc, 0x7f, 0xf1, 0xff, 0xc7, 0xff,
    0x7f, 0xff, 0xff, 0xcf, 0xfe, 0x3f, 0xe0, 0xff, 0x01, 0xf8, 0x03, 0xe0, 0x00, 0x0f, 0xe0, 0xff,
    0xc7, 0xff, 0x9f, 0xff, 0xf7, 0xff, 0xff, 0xff, 0xff, 0xff, 0xff, 0xff, 0xff, 0xff, 0xff, 0xff,
    0xdf, 0xff, 0x7f, 0xfc, 0xff, 0xe1, 0xfe, 0x00, 0x38, 0x01, 0xf8, 0x03, 0xf8, 0x07, 0xf8, 0x0f,
    0xf8, 0x1f, 0xf8, 0x1e, 0xfc, 0x3e, 0xfe, 0x3f, 0xfe, 0x3f, 0xfc, 0x3f, 0xf8, 0x3f, 0xf0, 0x3f,
    0xc0, 0x1f, 0x00, 0x1e, 0x00, 0x70, 0x00, 0xf8, 0x00, 0xfc, 0x00, 0xfe, 0x00, 0x7f, 0x00, 0x3f,
    0xe0, 0x1f, 0xf0, 0x0f, 0xf8, 0x07, 0xfc, 0x07, 0xfe, 0x03, 0xff, 0x01, 0xff, 0x00, 0xff, 0x00,
    0x7f, 0x00, 0x3e, 0xf3, 0xff, 0xff, 0xff, 0xfe, 0xff, 0xbf, 0xef, 0xfb, 0xfe, 0xff, 0xbf, 0xef,
    0xfb, 0xfe, 0xff, 0xfe, 0xff, 0x3c, 0x1f, 0x87, 0xf8, 0xff, 0x1f, 0xe3, 0xfc, 0x7f, 0xdf, 0xff,
    0xf7, 0xfe, 0xff, 0xff, 0xff, 0xff, 0xf7, 0xfe, 0xff, 0x87, 0xe0, 0x07, 0xc0, 0x7f, 0x83, 0xff,
    0x0f, 0xfe, 0x7f, 0xf9, 0xef, 0xff, 0xbf, 0xfe, 0xef, 0xf8, 0x7d, 0xf1, 0xf7, 0xff, 0x8f, 0xfe,
    0x1f, 0xf0, 0x3f, 0x80, 0x78, 0x00, 0xe0, 0x1f, 0xff, 0xff, 0xff, 0xff, 0xff, 0xfe, 0x73, 0xff,
    0xff, 0xff, 0xff, 0xff, 0xff, 0xff, 0xff, 0xff, 0xff, 0x9f, 0xff, 0xff, 0xff, 0xff, 0xff, 0xff,
    0xff, 0xff, 0x80, 0x00, 0x0f, 0x00, 0x1f, 0x00, 0x3f, 0x00, 0xff, 0x01, 0xfe, 0x03, 0xfc, 0x7f,
    0xf8, 0xff, 0xf0, 0xff, 0xe0, 0xff, 0xc0, 0x7f, 0xc0, 0x3f, 0xc0, 0x1f, 0x80, 0x0f, 0x80, 0x07,
    0x80, 0x7e, 0x1f, 0xfc, 0x7f, 0xfb, 0xff, 0x1f, 0xff, 0xff, 0xff, 0xff, 0xdf, 0xff, 0x8f, 0xff,
    0x1f, 0xfc, 0x3f, 0xf0, 0xff, 0xc3, 0xf0, 0x07, 0xc0, 0x0e, 0x00, 0x00, 0xff, 0xff, 0xff, 0xfd,
    0xfe, 0x7f, 0x9f, 0xef, 0xff, 0xff, 0xff, 0xff, 0xff, 0xfd, 0xfe, 0x7f, 0x9f, 0xe0, 0x78, 0x7f,
    0xfd, 0xff, 0xff, 0xff, 0xff, 0xff, 0xff, 0xff, 0xef, 0xff, 0xbf, 0xff, 0x7f, 0xfe, 0xff, 0xfd,
    0xff, 0xfb, 0xfe, 0x73, 0xf1, 0xe3, 0xff, 0xc3, 0xff, 0x03, 0xfc, 0x00, 0x3f, 0xf0, 0x7f, 0xe1,
    0xff, 0xe7, 0xcf, 0xef, 0xff, 0xdf, 0xfb, 0xff, 0xfb, 0xff, 0xff, 0x7f, 0xfe, 0x7f, 0xfc, 0xff,
    0xf3, 0xff, 0xef, 0xff, 0x9f, 0xfe, 0x3f, 0xf0, 0x00, 0x00, 0x3e, 0x00, 0x7e, 0x00, 0xff, 0x00,
    0xff, 0x00, 0xff, 0x03, 0xfe, 0x07, 0xfc, 0x0f, 0xf8, 0x1f, 0xe0, 0x3f, 0xc0, 0x7f, 0x80, 0xff,
    0x00, 0xfe, 0x00, 0xfc, 0x00, 0x78, 0x00, 0x1f, 0xc0, 0x7f, 0x87, 0xff, 0x9f, 0xbe, 0x7e, 0x79,
    0xcf, 0xe7, 0x3f, 0x9c, 0xfe, 0x70, 0x39, 0xc0, 0xe7, 0xc3, 0xbf, 0x0f, 0xff, 0xff, 0xff, 0xff,
    0xff, 0xc0, 0x0f, 0x87, 0xff, 0xff, 0xff, 0xff, 0xff, 0xff, 0xff, 0xff, 0xff, 0xff, 0xff, 0xff,
    0xff, 0xff, 0xff, 0xff, 0xff, 0xf0, 0xf8, 0x07, 0xc0, 0x3e, 0x00, 0x01, 0xf0, 0x07, 0xf0, 0x07,
    0xf8, 0x1f, 0xfc, 0x3f, 0x3c, 0x7d, 0xde, 0x79, 0xdf, 0xff, 0xcf, 0xff, 0xef, 0xff, 0xff, 0xf7,
    0xff, 0x7f, 0xff, 0x7f, 0xff, 0x3f, 0xfe, 0x07, 0xf0, 0x07, 0xe1, 0xff, 0xff, 0xff, 0xff, 0xff,
    0xf7, 0xff, 0xff, 0xff, 0xff, 0xff, 0xff, 0xff, 0xff, 0xff, 0xff, 0xff, 0xff, 0xff, 0xff, 0xff,
    0xff, 0xef, 0xff, 0xdf, 0xf8, 0x00, 0x7f, 0xff, 0x7f, 0xff, 0xff, 0xff, 0xff, 0xff, 0xff, 0xff,
    0xbf, 0xff, 0xdf, 0xff, 0xef, 0xff, 0x87, 0xff, 0xc3, 0xff, 0xff, 0xff, 0xff, 0xef, 0xff, 0xe0,
    0x7f, 0x7f, 0xff, 0xff, 0xff, 0xff, 0xff, 0xff, 0xff, 0xff, 0xff, 0xff, 0xff, 0xff, 0xff, 0xfd,
    0xfc, 0x07, 0x80, 0x7f, 0x83, 0xff, 0x0f, 0xfc, 0x3f, 0xf0, 0xff, 0xcf, 0xff, 0xff, 0xff, 0xff,
    0xfd, 0xff, 0xe7, 0xff, 0x8f, 0xfc, 0x3f, 0xf0, 0x7f, 0x80, 0xfc, 0x00, 0x0f, 0xf0, 0x1f, 0xfe,
    0x1f, 0xff, 0x9f, 0xff, 0xef, 0xff, 0xff, 0xff, 0xff, 0xff, 0xfe, 0xff, 0xfe, 0x1f, 0xfc, 0x07,
    0xf8, 0x00, 0xf0, 0x00, 0x78, 0x00, 0x07, 0xc0, 0x3f, 0xe1, 0xff, 0x87, 0xff, 0x3f, 0xfc, 0xff,
    0xf3, 0xff, 0x8f, 0xfc, 0xff, 0xe3, 0xff, 0x0f, 0xc0, 0x3e, 0x00, 0xf8, 0x00, 0xff, 0xff, 0xff,
    0xff, 0xff, 0xff, 0xff, 0xff, 0xff, 0xff, 0xff, 0xff, 0xff, 0xff, 0xff, 0xff, 0xff, 0xfd, 0xff,
    0xff, 0xff, 0xff, 0xff, 0xff, 0xff, 0xff, 0xff, 0xff, 0x80, 0x3c, 0x01, 0xff, 0x07, 0xff, 0xdf,
    0xff, 0x7f, 0xfd, 0xff, 0xff, 0xff, 0x3f, 0xfc, 0xff, 0xf3, 0xff, 0x87, 0xfe, 0x1f, 0xf8, 0x7f,
    0xe1, 0xe7, 0x03, 0x80, 0x00, 0x00, 0x7c, 0x00, 0x3f, 0xf0, 0x1f, 0xfc, 0x07, 0xff, 0x7d, 0xff,
    0xbf, 0xff, 0xef, 0xff, 0xfb, 0xff, 0xfe, 0xff, 0xff, 0x9f, 0xff, 0xe0, 0x7f, 0xf8, 0x0f, 0xfc,
    0x00, 0x7c, 0x00, 0x03, 0x80, 0x3f, 0x00, 0xff, 0x01, 0xff, 0xcf, 0xff, 0xdf, 0xff, 0xbf, 0xff,
    0x3f, 0xfe, 0x3f, 0xfe, 0x3f, 0xfc, 0x7f, 0xf8, 0x3f, 0xc0, 0x3f, 0x00, 0x70, 0x00, 0xe0, 0x00,
    0x01, 0xf8, 0x0f, 0xf8, 0x0f, 0xf8, 0x0f, 0xc0, 0x7f, 0xf0, 0xff, 0xf0, 0xff, 0xf8, 0xff, 0xfc,
    0xff, 0xff, 0x0f, 0xff, 0x0f, 0xff, 0x07, 0xfe, 0x07, 0xfe, 0x07, 0xfe, 0x00, 0xfc, 0x01, 0xc0,
    0x01, 0xc0, 0x03, 0xc0, 0x7b, 0xfc, 0xff, 0xff, 0xff, 0xff, 0xff, 0xff, 0x7f, 0xfe, 0x3f, 0xfe,
    0xff, 0xfe, 0xff, 0xfe, 0xff, 0xfe, 0x7f, 0xfe, 0x07, 0xf0, 0x07, 0xe0, 0x7f, 0xcf, 0xfe, 0xff,
    0xef, 0xfe, 0xff, 0xff, 0xff, 0xe0, 0xfe, 0x0f, 0xe1, 0xfe, 0x1e, 0xef, 0xef, 0xfe, 0xff, 0xef,
    0xfe, 0x3f, 0xc0, 0xfc, 0x03, 0xfc, 0x0f, 0xfc, 0x3f, 0xf8, 0xff, 0xf1, 0xff, 0xe7, 0xff, 0xcf,
    0xff, 0x0f, 0xfc, 0x1f, 0xf0, 0x7f, 0xc0, 0x7f, 0x00, 0x7c, 0x00, 0x70, 0x3b, 0xb8, 0x7f, 0xf0,
    0xff, 0xe7, 0xff, 0xff, 0xff, 0xff, 0xff, 0xdf, 0xff, 0x7f, 0xff, 0xff, 0xff, 0xff, 0xff, 0xff,
    0xf9, 0xff, 0xc0, 0x7c, 0x00, 0x70, 0x00, 0x0f, 0xe0, 0x0f, 0xe0, 0x0f, 0xe0, 0xff, 0xef, 0xff,
    0xff, 0xff, 0xff, 0xff, 0xff, 0xff, 0xff, 0x7f, 0xff, 0x7f, 0xfe, 0x1f, 0xf8, 0x1f, 0xf8, 0x1f,
    0xf8, 0x0f, 0xf8, 0x0f, 0xf0, 0x3f, 0xfc, 0x3f, 0xfe, 0x7f, 0xff, 0xff, 0xff, 0xff, 0xff, 0xff,
    0xff, 0x7f, 0xff, 0x7c, 0x7e, 0x7f, 0xfe, 0x7f, 0xfe, 0x3f, 0xf8, 0x3b, 0xe0, 0x3f, 0xfc, 0x3f,
    0xfe, 0x7f, 0xff, 0xff, 0xff, 0xff, 0xff, 0xff, 0xff, 0x7e, 0x7f, 0x7c, 0x7e, 0x7f, 0xfe, 0x7f,
    0xfe, 0x3f, 0xf8, 0x3b, 0xe0, 0x0e, 0x07, 0xc1, 0xf8, 0xfe, 0x3f, 0xdf, 0xf7, 0xfd, 0xfe, 0x7f,
    0xbf, 0xff, 0xff, 0xff, 0x7f, 0xcf, 0xe1, 0xf0, 0x1f, 0x87, 0xfe, 0x7f, 0xef, 0x8f, 0xf8, 0x7f,
    0xff, 0xff, 0xf7, 0xfe, 0x3f, 0xc3, 0xfc, 0x3f, 0xc3, 0xfc, 0x3f, 0xc3, 0xfc, 0x0f, 0xc0, 0x00,
    0x07, 0x80, 0x1f, 0xc1, 0xff, 0xe7, 0xff, 0xf7, 0xff, 0xff, 0xff, 0xff, 0xcf, 0xff, 0xc7, 0xfe,
    0xf7, 0xfe, 0x7b, 0xdf, 0x1f, 0xff, 0x07, 0xff, 0x83, 0xff, 0x80, 0xff, 0xc0, 0x1f, 0xc0, 0x78,
    0x0f, 0xc0, 0xfc, 0x0f, 0xc0, 0x78, 0x03, 0xf8, 0x7f, 0xf7, 0xff, 0x7f, 0xf7, 0xff, 0x3f, 0xf3,
    0xfe, 0x1f, 0xc1, 0xfc, 0x1f, 0xc0, 0x07, 0xc1, 0xff, 0x8f, 0xfd, 0xff, 0xef, 0xff, 0x7f, 0xfb,
    0xff, 0xcf, 0xff, 0x7f, 0xfb, 0xff, 0xcf, 0xfc, 0x7f, 0xe1, 0xff, 0x07, 0xf0, 0x0f, 0x80, 0x00,
    0xe0, 0x00, 0x78, 0x01, 0xfe, 0xe0, 0xff, 0xfc, 0x3f, 0xff, 0x9f, 0xff, 0xe7, 0xff, 0xfb, 0xff,
    0xff, 0xff, 0xff, 0xff, 0xff, 0xff, 0xff, 0xff, 0xff, 0xff, 0xff, 0xff, 0xdf, 0xef, 0xe3, 0xf3,
    0xf0, 0x1f, 0xf0, 0x7f, 0xf0, 0xff, 0xe1, 0xdf, 0xc3, 0x9f, 0x8f, 0xff, 0x1f, 0xfe, 0x3f, 0xfe,
    0xff, 0xff, 0xff, 0xff, 0xbf, 0xbf, 0x3f, 0x7f, 0xff, 0xff, 0xff, 0xff, 0xff, 0x80, 0x3f, 0x0f,
    0xf1, 0xfe, 0x3f, 0xc7, 0xf8, 0xff, 0x0f, 0xe1, 0xfe, 0x7f, 0xff, 0xff, 0xff, 0xff, 0xff, 0xfd,
    0xff, 0x3f, 0xe0, 0x3f, 0x0f, 0xf1, 0xfe, 0x3f, 0xc7, 0xf8, 0xff, 0x0f, 0xe1, 0xfe, 0x7f, 0xff,
    0xff, 0xff, 0xff, 0xff, 0xfd, 0xff, 0x3f, 0xe0, 0x07, 0x07, 0xff, 0xff, 0xff, 0xff, 0xff, 0xff,
    0x7f, 0xfb, 0xff, 0xdf, 0xfe, 0x7c, 0x73, 0xfb, 0x9f, 0xdc, 0xfe, 0xe7, 0xff, 0x3f, 0xf8, 0xff,
    0x80, 0x0f, 0xfc, 0x7f, 0xff, 0x7f, 0xff, 0x7f, 0xff, 0x7f, 0xfe, 0x3f, 0xfc, 0x3f, 0xf0, 0xff,
    0xf8, 0xfc, 0x7c, 0xff, 0xbe, 0xff, 0x9f, 0xff, 0x8f, 0x7f, 0xff, 0x0f, 0xff, 0x01, 0xff, 0x00,
    0xf0, 0x00, 0xf8, 0x00, 0x7f, 0xe0, 0x3f, 0xf0, 0x3f, 0xf8, 0x3f, 0xf8, 0xff, 0xfc, 0xff, 0xfe,
    0xff, 0xff, 0x7f, 0xff, 0xbf, 0xf0, 0x1f, 0xf8, 0x01, 0xfc, 0x00, 0xfc, 0x00, 0x7e, 0x00, 0x3f,
    0x80, 0x3f, 0xc0, 0x3f, 0xfc, 0x7d, 0xfe, 0x73, 0xff, 0x7f, 0xff, 0x7f, 0xff, 0x7f, 0xdf, 0xff,
    0xef, 0xfe, 0xff, 0xfe, 0xfe, 0xf1, 0xfc, 0x7f, 0xc0, 0x7f, 0xc0, 0x1f, 0x00, 0x3e, 0x03, 0xf0,
    0x3f, 0x03, 0xfe, 0x3f, 0xff, 0xff, 0xff, 0xff, 0xff, 0xfe, 0x77, 0xef, 0x7e, 0xe7, 0xfe, 0x3f,
    0xe3, 0xfe, 0x1f, 0xc0, 0x38, 0x00, 0x1e, 0x0f, 0x8f, 0x9f, 0xc7, 0xff, 0xe3, 0xff, 0xe3, 0xff,
    0xf3, 0xff, 0xf9, 0xff, 0xfe, 0xe7, 0xff, 0x77, 0xff, 0xff, 0xdf, 0xff, 0xff, 0xf7, 0xff, 0xf0,
    0x1f, 0x80, 0x07, 0x80, 0x07, 0xc0, 0x3f, 0xe0, 0xff, 0xe3, 0xff, 0xef, 0xfb, 0xff, 0xe3, 0xff,
    0x9f, 0xfe, 0x7f, 0xe1, 0xff, 0xe7, 0xff, 0xcf, 0xf3, 0xff, 0xe7, 0xff, 0x87, 0xfe, 0x03, 0xf8,
    0x00, 0x00, 0xf0, 0x03, 0xfc, 0x03, 0xfe, 0x0f, 0xff, 0x0f, 0xff, 0x1f, 0xff, 0x3f, 0xff, 0x7c,
    0xff, 0x7f, 0x7e, 0xff, 0xfc, 0xff, 0xf0, 0xff, 0xf0, 0x7f, 0xe0, 0x7f, 0xc0, 0x1f, 0x80, 0x38,
    0x38, 0x3c, 0x3f, 0x3f, 0xff, 0xff, 0xff, 0xff, 0xfe, 0xff, 0xfe, 0xff, 0xfe, 0x7f, 0xfe, 0x0f,
    0xfc, 0x07, 0xf8, 0x0f, 0xfc, 0x0f, 0xfc, 0x0f, 0xfc, 0x0f, 0xfc, 0x0f, 0x3c, 0x01, 0xe0, 0x00,
    0xfc, 0x07, 0xff, 0xfd, 0xff, 0xff, 0xff, 0xff, 0xff, 0xff, 0xef, 0xf0, 0xfb, 0xfc, 0x1e, 0x7e,
    0x0f, 0x0f, 0xc7, 0xc1, 0xff, 0xe0, 0x1f, 0xf0, 0x03, 0xf8, 0x00, 0x3e, 0x01, 0xff, 0x07, 0xff,
    0xbc, 0xff, 0xe0, 0x7f, 0xf3, 0xff, 0xff, 0xdf, 0xff, 0x1f, 0xf8, 0x1f, 0xe0, 0x0f, 0x00, 0x1c,
    0x00, 0x70, 0x01, 0xc0, 0x07, 0x00, 0x07, 0x80, 0x0f, 0xe0, 0x1f, 0xfe, 0x1f, 0xff, 0x8f, 0xff,
    0xe7, 0x3f, 0xf3, 0xff, 0xfd, 0xff, 0xff, 0x7e, 0xf7, 0xbf, 0xff, 0xdf, 0xff, 0xef, 0xff, 0xe7,
    0xff, 0xe1, 0xff, 0x00, 0x7f, 0x00, 0x7f, 0xe7, 0xfe, 0x7f, 0xe7, 0xfe, 0xff, 0xff, 0xff, 0xf8,
    0x7f, 0x87, 0xf8, 0x7f, 0x87, 0xff, 0xff, 0xff, 0xff, 0xff, 0xff, 0x3f, 0xe0, 0x03, 0xf8, 0xff,
    0xfb, 0xff, 0xf7, 0xff, 0xef, 0xff, 0xff, 0xff, 0xff, 0xff, 0xbf, 0xff, 0x7f, 0xfe, 0xff, 0xfd,
    0xff, 0xfb, 0xff, 0xf7, 0xff, 0xef, 0xff, 0x0f, 0x80, 0x00, 0x00, 0x0e, 0x01, 0xfe, 0x01, 0xfe,
    0x01, 0xfe, 0x03, 0xff, 0x0f, 0xff, 0x1f, 0xff, 0x3f, 0xfe, 0x3f, 0xfc, 0x7f, 0xfc, 0xff, 0xf8,
    0xff, 0xf8, 0xff, 0xf0, 0xff, 0xe0, 0x7f, 0x80, 0x0f, 0xc1, 0xff, 0x9f, 0xfc, 0xf3, 0xff, 0x1f,
    0xf8, 0xff, 0xbf, 0xfd, 0xff, 0xef, 0xff, 0x3f, 0xfe, 0xff, 0xff, 0xff, 0xff, 0x87, 0xf0, 0x3e,
    0x00, 0x0f, 0xe0, 0x3f, 0xe0, 0x7f, 0xfc, 0xff, 0xfe, 0xff, 0xde, 0xff, 0xff, 0xff, 0xf7, 0x7f,
    0x77, 0x7f, 0x77, 0x77, 0xff, 0x7f, 0xff, 0x7f, 0xfe, 0x3f, 0xfe, 0x1f, 0xfc, 0x07, 0xf0, 0x0f,
    0xf0, 0x1f, 0xf8, 0x3f, 0xfc, 0x7c, 0x3e, 0x7e, 0xfe, 0xfe, 0xff, 0xef, 0xf7, 0xef, 0xff, 0xef,
    0xff, 0xff, 0xff, 0xfd, 0xff, 0x7c, 0xfe, 0x3e, 0xfe, 0x1f, 0xfc, 0x1f, 0xf0, 0x07, 0xc0, 0x07,
    0xf0, 0x0f, 0xfe, 0x0f, 0xff, 0x8f, 0xff, 0xe7, 0xff, 0xf7, 0xff, 0xff, 0xff, 0xff, 0xff, 0xff,
    0xe3, 0xff, 0xf1, 0xf1, 0xfd, 0xf9, 0xef, 0xff, 0xf7, 0xff, 0xf1, 0xff, 0xf0, 0x1f, 0xc0, 0x0f,
    0xf0, 0x1f, 0xf8, 0x3f, 0xfc, 0x7c, 0x3e, 0x78, 0x1e, 0xff, 0xff, 0xef, 0xf7, 0xef, 0xf7, 0xef,
    0xf7, 0xff, 0xff, 0x7f, 0xfe, 0x7f, 0xbe, 0x3f, 0xfc, 0x1f, 0xf8, 0x0f, 0xf0, 0x0f, 0xc0, 0x1f,
    0x81, 0xff, 0xe3, 0x81, 0xcf, 0x03, 0x9f, 0xfd, 0xff, 0xfb, 0x8f, 0xf7, 0x1f, 0xee, 0x1f, 0x9d,
    0xff, 0x03, 0x81, 0xc7, 0xff, 0x81, 0xff, 0x03, 0xf8, 0x00, 0x07, 0xf8, 0x07, 0xff, 0x83, 0xff,
    0xf1, 0xff, 0xfe, 0x7f, 0xff, 0xbf, 0xff, 0xff, 0xff, 0xff, 0xff, 0xff, 0x3f, 0xff, 0x81, 0xff,
    0xc0, 0x0f, 0xc0, 0x1f, 0x80, 0x7f, 0xc0, 0x7f, 0xc0, 0xfd, 0xe0, 0xfc, 0xfe, 0xf9, 0xff, 0xf3,
    0xff, 0xfb, 0xff, 0x7f, 0xff, 0x3f, 0xfe, 0x1f, 0xfc, 0x01, 0xfc, 0x01, 0xfc, 0x01, 0xfc, 0x00,
    0xf8, 0x07, 0xf8, 0x07, 0xff, 0x83, 0xff, 0xc7, 0xff, 0xe7, 0x9f, 0xff, 0xff, 0xff, 0xff, 0xdf,
    0xff, 0xcf, 0xff, 0xf7, 0x7f, 0xff, 0xbe, 0x7f, 0xdf, 0xdf, 0xcf, 0xff, 0xc1, 0xff, 0xe0, 0xff,
    0xc0, 0x0e, 0x00, 0x7f, 0x87, 0xf8, 0x7f, 0x87, 0xf8, 0x7f, 0x87, 0xfc, 0x7f, 0xef, 0xff, 0xff,
    0xff, 0xff, 0xf0, 0xff, 0xc7, 0x7f, 0xf3, 0xff, 0x0f, 0xe0, 0x01, 0xc0, 0x03, 0xc0, 0x0f, 0xc0,
    0x3f, 0xc0, 0x7f, 0xce, 0x7b, 0xff, 0xf0, 0xff, 0xe0, 0xff, 0xe0, 0xff, 0xf0, 0xfe, 0x7f, 0xfe,
    0x7f, 0xfc, 0x3f, 0xf8, 0x03, 0xc0, 0x03, 0xe0, 0x03, 0xf8, 0x03, 0xfe, 0x3b, 0xfe, 0x7f, 0xff,
    0xff, 0x7f, 0xff, 0x3f, 0xff, 0x07, 0x7f, 0x0f, 0x3f, 0xff, 0x1f, 0xfe, 0x1f, 0xfc, 0xff, 0xf9,
    0xff, 0xfb, 0xff, 0xf0, 0x3f, 0xe0, 0x3f, 0xfd, 0xff, 0xff, 0xc3, 0xff, 0x80, 0x7e, 0x00, 0x7c,
    0x00, 0x78, 0x00, 0x70, 0x00, 0x07, 0x80, 0x1f, 0x80, 0x3f, 0xf8, 0xff, 0xfe, 0xff, 0xff, 0xe7,
    0xff, 0xe1, 0xff, 0xff, 0xff, 0xff, 0xff, 0x7f, 0x00, 0x03, 0xe0, 0x07, 0xf0, 0x0f, 0xf0, 0x1f,
    0xf8, 0x1f, 0xfc, 0x3f, 0xfe, 0x79, 0xfe, 0x7b, 0xff, 0xf3, 0xff, 0xff, 0xff, 0xff, 0xff, 0x7f,
    0xff, 0x7f, 0xfc, 0x3f, 0xf8, 0x0f, 0x80, 0x0f, 0x78, 0x1f, 0xff, 0x1f, 0xff, 0xdf, 0xff, 0xff,
    0xff, 0xff, 0xff, 0xfc, 0x7f, 0xfe, 0x3c, 0xff, 0x7f, 0xfb, 0xff, 0xff, 0xff, 0xff, 0xff, 0xff,
    0xfe, 0x3e, 0x38, 0x3c, 0x01, 0xf0, 0x07, 0xc0, 0x1f, 0x00, 0x7c, 0x01, 0xf8, 0x07, 0xe0, 0x3f,
    0x80, 0xff, 0x3f, 0xfc, 0xf3, 0xf3, 0xdc, 0x00, 0x7f, 0xfd, 0xff, 0xf3, 0xff, 0xc0, 0x00, 0xf0,
    0x0f, 0x80, 0x7e, 0x03, 0xf0, 0x1f, 0x80, 0xfc, 0x0f, 0xe0, 0x7f, 0xf7, 0xff, 0xbf, 0xfd, 0xfe,
    0x00, 0x7f, 0xff, 0xff, 0xfb, 0xff, 0xc0,
};

/*---------------------
 *  GLYPH DESCRIPTION
 *--------------------*/

static const lv_font_fmt_txt_glyph_dsc_t glyph_dsc[] = {
    {.bitmap_index = 0, .adv_w = 0, .box_w = 0, .box_h = 0, .ofs_x = 0, .ofs_y = 0},
    {.bitmap_index = 0, .adv_w = 272, .box_w = 15, .box_h = 15, .ofs_x = 1, .ofs_y = -3},
    {.bitmap_index = 29, .adv_w = 272, .box_w = 15, .box_h = 15, .ofs_x = 1, .ofs_y = -3},
    {.bitmap_index = 58, .adv_w = 0, .box_w = 0, .box_h = 0, .ofs_x = 0, .ofs_y = 0},
    {.bitmap_index = 58, .adv_w = 264, .box_w = 10, .box_h = 15, .ofs_x = 3, .ofs_y = -3},
    {.bitmap_index = 77, .adv_w = 264, .box_w = 14, .box_h = 15, .ofs_x = 1, .ofs_y = -3},
    {.bitmap_index = 104, .adv_w = 272, .box_w = 16, .box_h = 9, .ofs_x = 0, .ofs_y = 0},
    {.bitmap_index = 122, .adv_w = 272, .box_w = 16, .box_h = 15, .ofs_x = 0, .ofs_y = -3},
    {.bitmap_index = 152, .adv_w = 272, .box_w = 15, .box_h = 15, .ofs_x = 1, .ofs_y = -3},
    {.bitmap_index = 181, .adv_w = 272, .box_w = 16, .box_h = 15, .ofs_x = 0, .ofs_y = -3},
    {.bitmap_index = 211, .adv_w = 272, .box_w = 15, .box_h = 15, .ofs_x = 1, .ofs_y = -3},
    {.bitmap_index = 240, .adv_w = 272, .box_w = 15, .box_h = 15, .ofs_x = 1, .ofs_y = -3},
    {.bitmap_index = 269, .adv_w = 272, .box_w = 15, .box_h = 15, .ofs_x = 1, .ofs_y = -3},
    {.bitmap_index = 298, .adv_w = 272, .box_w = 15, .box_h = 15, .ofs_x = 1, .ofs_y = -3},
    {.bitmap_index = 327, .adv_w = 272, .box_w = 15, .box_h = 15, .ofs_x = 1, .ofs_y = -3},
    {.bitmap_index = 356, .adv_w = 272, .box_w = 16, .box_h = 15, .ofs_x = 0, .ofs_y = -3},
    {.bitmap_index = 386, .adv_w = 264, .box_w = 13, .box_h = 15, .ofs_x = 2, .ofs_y = -3},
    {.bitmap_index = 411, .adv_w = 264, .box_w = 10, .box_h = 15, .ofs_x = 3, .ofs_y = -3},
    {.bitmap_index = 430, .adv_w = 288, .box_w = 17, .box_h = 11, .ofs_x = 0, .ofs_y = -1},
    {.bitmap_index = 454, .adv_w = 272, .box_w = 15, .box_h = 15, .ofs_x = 1, .ofs_y = -3},
    {.bitmap_index = 483, .adv_w = 272, .box_w = 15, .box_h = 15, .ofs_x = 1, .ofs_y = -3},
    {.bitmap_index = 512, .adv_w = 272, .box_w = 15, .box_h = 15, .ofs_x = 1, .ofs_y = -3},
    {.bitmap_index = 541, .adv_w = 272, .box_w = 15, .box_h = 15, .ofs_x = 1, .ofs_y = -3},
    {.bitmap_index = 570, .adv_w = 272, .box_w = 15, .box_h = 15, .ofs_x = 1, .ofs_y = -3},
    {.bitmap_index = 599, .adv_w = 272, .box_w = 15, .box_h = 15, .ofs_x = 1, .ofs_y = -3},
    {.bitmap_index = 628, .adv_w = 272, .box_w = 15, .box_h = 15, .ofs_x = 1, .ofs_y = -3},
    {.bitmap_index = 657, .adv_w = 272, .box_w = 15, .box_h = 15, .ofs_x = 1, .ofs_y = -3},
    {.bitmap_index = 686, .adv_w = 264, .box_w = 14, .box_h = 15, .ofs_x = 1, .ofs_y = -3},
    {.bitmap_index = 713, .adv_w = 264, .box_w = 14, .box_h = 15, .ofs_x = 1, .ofs_y = -3},
    {.bitmap_index = 740, .adv_w = 272, .box_w = 15, .box_h = 15, .ofs_x = 1, .ofs_y = -3},
    {.bitmap_index = 769, .adv_w = 264, .box_w = 10, .box_h = 15, .ofs_x = 3, .ofs_y = -3},
    {.bitmap_index = 788, .adv_w = 288, .box_w = 16, .box_h = 15, .ofs_x = 1, .ofs_y = -3},
    {.bitmap_index = 818, .adv_w = 272, .box_w = 16, .box_h = 15, .ofs_x = 0, .ofs_y = -3},
    {.bitmap_index = 848, .adv_w = 272, .box_w = 15, .box_h = 15, .ofs_x = 1, .ofs_y = -3},
    {.bitmap_index = 877, .adv_w = 272, .box_w = 15, .box_h = 15, .ofs_x = 1, .ofs_y = -3},
    {.bitmap_index = 906, .adv_w = 264, .box_w = 6, .box_h = 7, .ofs_x = 5, .ofs_y = 1},
    {.bitmap_index = 912, .adv_w = 264, .box_w = 6, .box_h = 7, .ofs_x = 5, .ofs_y = 1},
    {.bitmap_index = 918, .adv_w = 272, .box_w = 16, .box_h = 15, .ofs_x = 0, .ofs_y = -3},
    {.bitmap_index = 948, .adv_w = 272, .box_w = 15, .box_h = 15, .ofs_x = 1, .ofs_y = -3},
    {.bitmap_index = 977, .adv_w = 264, .box_w = 13, .box_h = 13, .ofs_x = 2, .ofs_y = -2},
    {.bitmap_index = 999, .adv_w = 264, .box_w = 13, .box_h = 13, .ofs_x = 2, .ofs_y = -2},
    {.bitmap_index = 1021, .adv_w = 264, .box_w = 9, .box_h = 9, .ofs_x = 4, .ofs_y = 0},
    {.bitmap_index = 1032, .adv_w = 264, .box_w = 9, .box_h = 9, .ofs_x = 4, .ofs_y = 0},
    {.bitmap_index = 1043, .adv_w = 272, .box_w = 15, .box_h = 15, .ofs_x = 1, .ofs_y = -3},
    {.bitmap_index = 1072, .adv_w = 288, .box_w = 17, .box_h = 13, .ofs_x = 0, .ofs_y = -2},
    {.bitmap_index = 1100, .adv_w = 272, .box_w = 15, .box_h = 15, .ofs_x = 1, .ofs_y = -3},
    {.bitmap_index = 1129, .adv_w = 264, .box_w = 11, .box_h = 15, .ofs_x = 3, .ofs_y = -3},
    {.bitmap_index = 1150, .adv_w = 264, .box_w = 13, .box_h = 13, .ofs_x = 1, .ofs_y = -3},
    {.bitmap_index = 1172, .adv_w = 304, .box_w = 18, .box_h = 15, .ofs_x = -1, .ofs_y = -3},
    {.bitmap_index = 1206, .adv_w = 272, .box_w = 16, .box_h = 15, .ofs_x = 0, .ofs_y = -3},
    {.bitmap_index = 1236, .adv_w = 272, .box_w = 15, .box_h = 15, .ofs_x = 1, .ofs_y = -3},
    {.bitmap_index = 1265, .adv_w = 272, .box_w = 15, .box_h = 15, .ofs_x = 1, .ofs_y = -3},
    {.bitmap_index = 1294, .adv_w = 272, .box_w = 15, .box_h = 15, .ofs_x = 1, .ofs_y = -3},
    {.bitmap_index = 1323, .adv_w = 264, .box_w = 11, .box_h = 15, .ofs_x = 3, .ofs_y = -3},
    {.bitmap_index = 1344, .adv_w = 272, .box_w = 16, .box_h = 15, .ofs_x = 0, .ofs_y = -3},
    {.bitmap_index = 1374, .adv_w = 272, .box_w = 16, .box_h = 15, .ofs_x = 0, .ofs_y = -3},
    {.bitmap_index = 1404, .adv_w = 272, .box_w = 16, .box_h = 15, .ofs_x = 0, .ofs_y = -3},
    {.bitmap_index = 1434, .adv_w = 272, .box_w = 16, .box_h = 15, .ofs_x = 0, .ofs_y = -3},
    {.bitmap_index = 1464, .adv_w = 272, .box_w = 16, .box_h = 15, .ofs_x = 0, .ofs_y = -3},
    {.bitmap_index = 1494, .adv_w = 272, .box_w = 16, .box_h = 15, .ofs_x = 0, .ofs_y = -3},
    {.bitmap_index = 1524, .adv_w = 272, .box_w = 15, .box_h = 15, .ofs_x = 1, .ofs_y = -3},
    {.bitmap_index = 1553, .adv_w = 272, .box_w = 15, .box_h = 15, .ofs_x = 1, .ofs_y = -3},
    {.bitmap_index = 1582, .adv_w = 272, .box_w = 16, .box_h = 15, .ofs_x = 0, .ofs_y = -3},
    {.bitmap_index = 1612, .adv_w = 272, .box_w = 16, .box_h = 15, .ofs_x = 0, .ofs_y = -3},
    {.bitmap_index = 1642, .adv_w = 264, .box_w = 11, .box_h = 15, .ofs_x = 3, .ofs_y = -3},
    {.bitmap_index = 1663, .adv_w = 272, .box_w = 15, .box_h = 15, .ofs_x = 1, .ofs_y = -3},
    {.bitmap_index = 1692, .adv_w = 272, .box_w = 15, .box_h = 15, .ofs_x = 1, .ofs_y = -3},
    {.bitmap_index = 1721, .adv_w = 272, .box_w = 15, .box_h = 15, .ofs_x = 1, .ofs_y = -3},
    {.bitmap_index = 1750, .adv_w = 272, .box_w = 15, .box_h = 15, .ofs_x = 1, .ofs_y = -3},
    {.bitmap_index = 1779, .adv_w = 272, .box_w = 16, .box_h = 15, .ofs_x = 0, .ofs_y = -3},
    {.bitmap_index = 1809, .adv_w = 272, .box_w = 15, .box_h = 15, .ofs_x = 1, .ofs_y = -3},
    {.bitmap_index = 1838, .adv_w = 272, .box_w = 16, .box_h = 15, .ofs_x = 0, .ofs_y = -3},
    {.bitmap_index = 1868, .adv_w = 272, .box_w = 16, .box_h = 15, .ofs_x = 0, .ofs_y = -3},
    {.bitmap_index = 1898, .adv_w = 264, .box_w = 15, .box_h = 15, .ofs_x = 0, .ofs_y = -3},
    {.bitmap_index = 1927, .adv_w = 272, .box_w = 15, .box_h = 15, .ofs_x = 1, .ofs_y = -3},
    {.bitmap_index = 1956, .adv_w = 272, .box_w = 15, .box_h = 15, .ofs_x = 1, .ofs_y = -3},
    {.bitmap_index = 1985, .adv_w = 272, .box_w = 15, .box_h = 15, .ofs_x = 1, .ofs_y = -3},
    {.bitmap_index = 2014, .adv_w = 272, .box_w = 16, .box_h = 15, .ofs_x = 0, .ofs_y = -3},
    {.bitmap_index = 2044, .adv_w = 264, .box_w = 10, .box_h = 15, .ofs_x = 3, .ofs_y = -3},
    {.bitmap_index = 2063, .adv_w = 264, .box_w = 14, .box_h = 15, .ofs_x = 1, .ofs_y = -3},
    {.bitmap_index = 2090, .adv_w = 272, .box_w = 15, .box_h = 16, .ofs_x = 1, .ofs_y = -4},
    {.bitmap_index = 2120, .adv_w = 272, .box_w = 16, .box_h = 15, .ofs_x = 0, .ofs_y = -3},
    {.bitmap_index = 2150, .adv_w = 264, .box_w = 12, .box_h = 15, .ofs_x = 2, .ofs_y = -3},
    {.bitmap_index = 2173, .adv_w = 272, .box_w = 16, .box_h = 15, .ofs_x = 0, .ofs_y = -3},
    {.bitmap_index = 2203, .adv_w = 288, .box_w = 17, .box_h = 15, .ofs_x = 0, .ofs_y = -3},
    {.bitmap_index = 2235, .adv_w = 272, .box_w = 15, .box_h = 15, .ofs_x = 1, .ofs_y = -3},
    {.bitmap_index = 2264, .adv_w = 272, .box_w = 15, .box_h = 15, .ofs_x = 1, .ofs_y = -3},
    {.bitmap_index = 2293, .adv_w = 288, .box_w = 17, .box_h = 15, .ofs_x = 0, .ofs_y = -3},
    {.bitmap_index = 2325, .adv_w = 272, .box_w = 15, .box_h = 15, .ofs_x = 1, .ofs_y = -3},
    {.bitmap_index = 2354, .adv_w = 272, .box_w = 16, .box_h = 15, .ofs_x = 0, .ofs_y = -3},
    {.bitmap_index = 2384, .adv_w = 264, .box_w = 11, .box_h = 15, .ofs_x = 2, .ofs_y = -3},
    {.bitmap_index = 2405, .adv_w = 272, .box_w = 16, .box_h = 15, .ofs_x = 0, .ofs_y = -3},
    {.bitmap_index = 2435, .adv_w = 272, .box_w = 16, .box_h = 15, .ofs_x = 0, .ofs_y = -3},
    {.bitmap_index = 2465, .adv_w = 272, .box_w = 16, .box_h = 15, .ofs_x = 0, .ofs_y = -3},
    {.bitmap_index = 2495, .adv_w = 272, .box_w = 15, .box_h = 15, .ofs_x = 1, .ofs_y = -3},
    {.bitmap_index = 2524, .adv_w = 272, .box_w = 15, .box_h = 15, .ofs_x = 1, .ofs_y = -3},
    {.bitmap_index = 2553, .adv_w = 272, .box_w = 16, .box_h = 15, .ofs_x = 0, .ofs_y = -3},
    {.bitmap_index = 2583, .adv_w = 264, .box_w = 12, .box_h = 15, .ofs_x = 2, .ofs_y = -3},
    {.bitmap_index = 2606, .adv_w = 272, .box_w = 15, .box_h = 15, .ofs_x = 1, .ofs_y = -3},
    {.bitmap_index = 2635, .adv_w = 272, .box_w = 16, .box_h = 15, .ofs_x = 0, .ofs_y = -3},
    {.bitmap_index = 2665, .adv_w = 272, .box_w = 15, .box_h = 15, .ofs_x = 1, .ofs_y = -3},
    {.bitmap_index = 2694, .adv_w = 272, .box_w = 15, .box_h = 15, .ofs_x = 1, .ofs_y = -3},
    {.bitmap_index = 2723, .adv_w = 264, .box_w = 10, .box_h = 15, .ofs_x = 3, .ofs_y = -3},
    {.bitmap_index = 2742, .adv_w = 272, .box_w = 16, .box_h = 15, .ofs_x = 0, .ofs_y = -3},
    {.bitmap_index = 2772, .adv_w = 272, .box_w = 16, .box_h = 15, .ofs_x = 0, .ofs_y = -3},
    {.bitmap_index = 2802, .adv_w = 264, .box_w = 12, .box_h = 15, .ofs_x = 2, .ofs_y = -3},
    {.bitmap_index = 2825, .adv_w = 288, .box_w = 17, .box_h = 14, .ofs_x = 0, .ofs_y = -3},
    {.bitmap_index = 2855, .adv_w = 272, .box_w = 16, .box_h = 15, .ofs_x = 0, .ofs_y = -3},
    {.bitmap_index = 2885, .adv_w = 272, .box_w = 16, .box_h = 15, .ofs_x = 0, .ofs_y = -3},
    {.bitmap_index = 2915, .adv_w = 272, .box_w = 15, .box_h = 15, .ofs_x = 1, .ofs_y = -3},
    {.bitmap_index = 2944, .adv_w = 272, .box_w = 16, .box_h = 15, .ofs_x = 0, .ofs_y = -3},
    {.bitmap_index = 2974, .adv_w = 264, .box_w = 13, .box_h = 15, .ofs_x = 2, .ofs_y = -3},
    {.bitmap_index = 2999, .adv_w = 272, .box_w = 15, .box_h = 15, .ofs_x = 1, .ofs_y = -3},
    {.bitmap_index = 3028, .adv_w = 288, .box_w = 17, .box_h = 15, .ofs_x = 0, .ofs_y = -3},
    {.bitmap_index = 3060, .adv_w = 264, .box_w = 12, .box_h = 15, .ofs_x = 2, .ofs_y = -3},
    {.bitmap_index = 3083, .adv_w = 288, .box_w = 17, .box_h = 15, .ofs_x = 0, .ofs_y = -3},
    {.bitmap_index = 3115, .adv_w = 288, .box_w = 17, .box_h = 15, .ofs_x = 0, .ofs_y = -3},
    {.bitmap_index = 3147, .adv_w = 264, .box_w = 14, .box_h = 15, .ofs_x = 1, .ofs_y = -3},
    {.bitmap_index = 3174, .adv_w = 272, .box_w = 15, .box_h = 15, .ofs_x = 1, .ofs_y = -3},
    {.bitmap_index = 3203, .adv_w = 288, .box_w = 17, .box_h = 15, .ofs_x = 0, .ofs_y = -3},
    {.bitmap_index = 3235, .adv_w = 264, .box_w = 13, .box_h = 15, .ofs_x = 1, .ofs_y = -3},
    {.bitmap_index = 3260, .adv_w = 264, .box_w = 15, .box_h = 16, .ofs_x = 0, .ofs_y = -4},
    {.bitmap_index = 3290, .adv_w = 272, .box_w = 15, .box_h = 15, .ofs_x = 1, .ofs_y = -3},
    {.bitmap_index = 3319, .adv_w = 272, .box_w = 15, .box_h = 15, .ofs_x = 1, .ofs_y = -3},
    {.bitmap_index = 3348, .adv_w = 288, .box_w = 17, .box_h = 12, .ofs_x = 0, .ofs_y = -2},
    {.bitmap_index = 3374, .adv_w = 272, .box_w = 15, .box_h = 15, .ofs_x = 1, .ofs_y = -3},
    {.bitmap_index = 3403, .adv_w = 272, .box_w = 15, .box_h = 15, .ofs_x = 1, .ofs_y = -3},
    {.bitmap_index = 3432, .adv_w = 272, .box_w = 15, .box_h = 15, .ofs_x = 1, .ofs_y = -3},
    {.bitmap_index = 3461, .adv_w = 272, .box_w = 15, .box_h = 15, .ofs_x = 1, .ofs_y = -3},
    {.bitmap_index = 3490, .adv_w = 288, .box_w = 17, .box_h = 13, .ofs_x = 0, .ofs_y = -2},
    {.bitmap_index = 3518, .adv_w = 272, .box_w = 15, .box_h = 15, .ofs_x = 1, .ofs_y = -3},
    {.bitmap_index = 3547, .adv_w = 264, .box_w = 13, .box_h = 15, .ofs_x = 2, .ofs_y = -3},
    {.bitmap_index = 3572, .adv_w = 264, .box_w = 11, .box_h = 15, .ofs_x = 3, .ofs_y = -3},
    {.bitmap_index = 3593, .adv_w = 272, .box_w = 15, .box_h = 15, .ofs_x = 1, .ofs_y = -3},
    {.bitmap_index = 3622, .adv_w = 272, .box_w = 16, .box_h = 15, .ofs_x = 0, .ofs_y = -3},
    {.bitmap_index = 3652, .adv_w = 272, .box_w = 16, .box_h = 15, .ofs_x = 0, .ofs_y = -3},
    {.bitmap_index = 3682, .adv_w = 272, .box_w = 15, .box_h = 15, .ofs_x = 1, .ofs_y = -3},
    {.bitmap_index = 3711, .adv_w = 264, .box_w = 14, .box_h = 14, .ofs_x = 1, .ofs_y = -3},
    {.bitmap_index = 3736, .adv_w = 272, .box_w = 16, .box_h = 15, .ofs_x = 0, .ofs_y = -3},
    {.bitmap_index = 3766, .adv_w = 272, .box_w = 15, .box_h = 15, .ofs_x = 1, .ofs_y = -3},
    {.bitmap_index = 3795, .adv_w = 288, .box_w = 17, .box_h = 15, .ofs_x = 0, .ofs_y = -3},
    {.bitmap_index = 3827, .adv_w = 272, .box_w = 16, .box_h = 15, .ofs_x = 0, .ofs_y = -3},
    {.bitmap_index = 3857, .adv_w = 264, .box_w = 14, .box_h = 13, .ofs_x = 1, .ofs_y = -2},
    {.bitmap_index = 3880, .adv_w = 264, .box_w = 14, .box_h = 15, .ofs_x = 1, .ofs_y = -3},
    {.bitmap_index = 3907, .adv_w = 272, .box_w = 16, .box_h = 15, .ofs_x = 0, .ofs_y = -3},
    {.bitmap_index = 3937, .adv_w = 272, .box_w = 15, .box_h = 15, .ofs_x = 1, .ofs_y = -3},
    {.bitmap_index = 3966, .adv_w = 272, .box_w = 15, .box_h = 15, .ofs_x = 1, .ofs_y = -3},
    {.bitmap_index = 3995, .adv_w = 264, .box_w = 10, .box_h = 15, .ofs_x = 3, .ofs_y = -3},
    {.bitmap_index = 4014, .adv_w = 264, .box_w = 10, .box_h = 15, .ofs_x = 3, .ofs_y = -3},
    {.bitmap_index = 4033, .adv_w = 264, .box_w = 5, .box_h = 15, .ofs_x = 5, .ofs_y = -3},
    {.bitmap_index = 4043, .adv_w = 264, .box_w = 5, .box_h = 15, .ofs_x = 6, .ofs_y = -3},
    {.bitmap_index = 4053, .adv_w = 264, .box_w = 13, .box_h = 15, .ofs_x = 2, .ofs_y = -3},
    {.bitmap_index = 4078, .adv_w = 272, .box_w = 16, .box_h = 15, .ofs_x = 0, .ofs_y = -3},
    {.bitmap_index = 4108, .adv_w = 264, .box_w = 14, .box_h = 15, .ofs_x = 1, .ofs_y = -3},
    {.bitmap_index = 4135, .adv_w = 264, .box_w = 14, .box_h = 5, .ofs_x = 1, .ofs_y = 2},
    {.bitmap_index = 4144, .adv_w = 264, .box_w = 14, .box_h = 15, .ofs_x = 1, .ofs_y = -3},
    {.bitmap_index = 4171, .adv_w = 272, .box_w = 15, .box_h = 15, .ofs_x = 1, .ofs_y = -3},
    {.bitmap_index = 4200, .adv_w = 264, .box_w = 14, .box_h = 11, .ofs_x = 1, .ofs_y = -1},
    {.bitmap_index = 4220, .adv_w = 288, .box_w = 17, .box_h = 11, .ofs_x = 0, .ofs_y = -1},
    {.bitmap_index = 4244, .adv_w = 272, .box_w = 15, .box_h = 15, .ofs_x = 1, .ofs_y = -3},
    {.bitmap_index = 4273, .adv_w = 272, .box_w = 15, .box_h = 15, .ofs_x = 1, .ofs_y = -3},
    {.bitmap_index = 4302, .adv_w = 272, .box_w = 15, .box_h = 15, .ofs_x = 1, .ofs_y = -3},
    {.bitmap_index = 4331, .adv_w = 272, .box_w = 16, .box_h = 15, .ofs_x = 0, .ofs_y = -3},
    {.bitmap_index = 4361, .adv_w = 272, .box_w = 16, .box_h = 15, .ofs_x = 0, .ofs_y = -3},
    {.bitmap_index = 4391, .adv_w = 272, .box_w = 15, .box_h = 15, .ofs_x = 1, .ofs_y = -3},
    {.bitmap_index = 4420, .adv_w = 272, .box_w = 16, .box_h = 15, .ofs_x = 0, .ofs_y = -3},
    {.bitmap_index = 4450, .adv_w = 272, .box_w = 16, .box_h = 15, .ofs_x = 0, .ofs_y = -3},
    {.bitmap_index = 4480, .adv_w = 272, .box_w = 16, .box_h = 15, .ofs_x = 0, .ofs_y = -3},
    {.bitmap_index = 4510, .adv_w = 272, .box_w = 15, .box_h = 6, .ofs_x = 1, .ofs_y = 1},
    {.bitmap_index = 4522, .adv_w = 272, .box_w = 16, .box_h = 15, .ofs_x = 0, .ofs_y = -3},
    {.bitmap_index = 4552, .adv_w = 272, .box_w = 15, .box_h = 15, .ofs_x = 1, .ofs_y = -3},
    {.bitmap_index = 4581, .adv_w = 272, .box_w = 15, .box_h = 15, .ofs_x = 1, .ofs_y = -3},
    {.bitmap_index = 4610, .adv_w = 0, .box_w = 0, .box_h = 0, .ofs_x = 0, .ofs_y = 0},
    {.bitmap_index = 4610, .adv_w = 0, .box_w = 0, .box_h = 0, .ofs_x = 0, .ofs_y = 0},
    {.bitmap_index = 4610, .adv_w = 264, .box_w = 11, .box_h = 15, .ofs_x = 3, .ofs_y = -3},
    {.bitmap_index = 4631, .adv_w = 264, .box_w = 12, .box_h = 15, .ofs_x = 2, .ofs_y = -3},
    {.bitmap_index = 4654, .adv_w = 272, .box_w = 15, .box_h = 15, .ofs_x = 1, .ofs_y = -3},
    {.bitmap_index = 4683, .adv_w = 272, .box_w = 15, .box_h = 15, .ofs_x = 1, .ofs_y = -3},
    {.bitmap_index = 4712, .adv_w = 272, .box_w = 15, .box_h = 15, .ofs_x = 1, .ofs_y = -3},
    {.bitmap_index = 4741, .adv_w = 272, .box_w = 15, .box_h = 15, .ofs_x = 1, .ofs_y = -3},
    {.bitmap_index = 4770, .adv_w = 272, .box_w = 15, .box_h = 15, .ofs_x = 1, .ofs_y = -3},
    {.bitmap_index = 4799, .adv_w = 272, .box_w = 15, .box_h = 15, .ofs_x = 1, .ofs_y = -3},
    {.bitmap_index = 4828, .adv_w = 272, .box_w = 16, .box_h = 15, .ofs_x = 0, .ofs_y = -3},
    {.bitmap_index = 4858, .adv_w = 272, .box_w = 16, .box_h = 15, .ofs_x = 0, .ofs_y = -3},
    {.bitmap_index = 4888, .adv_w = 272, .box_w = 15, .box_h = 15, .ofs_x = 1, .ofs_y = -3},
    {.bitmap_index = 4917, .adv_w = 272, .box_w = 15, .box_h = 15, .ofs_x = 1, .ofs_y = -3},
    {.bitmap_index = 4946, .adv_w = 272, .box_w = 16, .box_h = 15, .ofs_x = 0, .ofs_y = -3},
    {.bitmap_index = 4976, .adv_w = 288, .box_w = 16, .box_h = 15, .ofs_x = 1, .ofs_y = -3},
    {.bitmap_index = 5006, .adv_w = 272, .box_w = 16, .box_h = 15, .ofs_x = 0, .ofs_y = -3},
    {.bitmap_index = 5036, .adv_w = 272, .box_w = 15, .box_h = 15, .ofs_x = 1, .ofs_y = -3},
    {.bitmap_index = 5065, .adv_w = 272, .box_w = 15, .box_h = 15, .ofs_x = 1, .ofs_y = -3},
    {.bitmap_index = 5094, .adv_w = 272, .box_w = 15, .box_h = 15, .ofs_x = 1, .ofs_y = -3},
    {.bitmap_index = 5123, .adv_w = 272, .box_w = 16, .box_h = 15, .ofs_x = 0, .ofs_y = -3},
    {.bitmap_index = 5153, .adv_w = 272, .box_w = 16, .box_h = 15, .ofs_x = 0, .ofs_y = -3},
    {.bitmap_index = 5183, .adv_w = 288, .box_w = 17, .box_h = 15, .ofs_x = 0, .ofs_y = -3},
    {.bitmap_index = 5215, .adv_w = 272, .box_w = 15, .box_h = 15, .ofs_x = 1, .ofs_y = -3},
    {.bitmap_index = 5244, .adv_w = 272, .box_w = 15, .box_h = 15, .ofs_x = 1, .ofs_y = -3},
    {.bitmap_index = 5273, .adv_w = 272, .box_w = 16, .box_h = 13, .ofs_x = 0, .ofs_y = -3},
    {.bitmap_index = 5299, .adv_w = 272, .box_w = 16, .box_h = 13, .ofs_x = 0, .ofs_y = -3},
    {.bitmap_index = 5325, .adv_w = 272, .box_w = 16, .box_h = 15, .ofs_x = 0, .ofs_y = -3},
    {.bitmap_index = 5355, .adv_w = 272, .box_w = 15, .box_h = 15, .ofs_x = 1, .ofs_y = -3},
    {.bitmap_index = 5384, .adv_w = 264, .box_w = 15, .box_h = 15, .ofs_x = 0, .ofs_y = -3},
    {.bitmap_index = 5413, .adv_w = 264, .box_w = 13, .box_h = 15, .ofs_x = 2, .ofs_y = -3},
    {.bitmap_index = 5438, .adv_w = 272, .box_w = 16, .box_h = 15, .ofs_x = 0, .ofs_y = -3},
    {.bitmap_index = 5468, .adv_w = 264, .box_w = 15, .box_h = 15, .ofs_x = 0, .ofs_y = -3},
    {.bitmap_index = 5497, .adv_w = 272, .box_w = 16, .box_h = 15, .ofs_x = 0, .ofs_y = -3},
    {.bitmap_index = 5527, .adv_w = 272, .box_w = 15, .box_h = 15, .ofs_x = 1, .ofs_y = -3},
    {.bitmap_index = 5556, .adv_w = 272, .box_w = 16, .box_h = 15, .ofs_x = 0, .ofs_y = -3},
    {.bitmap_index = 5586, .adv_w = 272, .box_w = 15, .box_h = 15, .ofs_x = 1, .ofs_y = -3},
    {.bitmap_index = 5615, .adv_w = 272, .box_w = 15, .box_h = 15, .ofs_x = 1, .ofs_y = -3},
    {.bitmap_index = 5644, .adv_w = 272, .box_w = 15, .box_h = 15, .ofs_x = 1, .ofs_y = -3},
    {.bitmap_index = 5673, .adv_w = 272, .box_w = 15, .box_h = 15, .ofs_x = 1, .ofs_y = -3},
    {.bitmap_index = 5702, .adv_w = 272, .box_w = 15, .box_h = 15, .ofs_x = 1, .ofs_y = -3},
    {.bitmap_index = 5731, .adv_w = 272, .box_w = 15, .box_h = 15, .ofs_x = 1, .ofs_y = -3},
    {.bitmap_index = 5760, .adv_w = 272, .box_w = 15, .box_h = 15, .ofs_x = 1, .ofs_y = -3},
    {.bitmap_index = 5789, .adv_w = 272, .box_w = 15, .box_h = 15, .ofs_x = 1, .ofs_y = -3},
    {.bitmap_index = 5818, .adv_w = 288, .box_w = 16, .box_h = 14, .ofs_x = 1, .ofs_y = -3},
    {.bitmap_index = 5846, .adv_w = 272, .box_w = 15, .box_h = 15, .ofs_x = 1, .ofs_y = -3},
    {.bitmap_index = 5875, .adv_w = 272, .box_w = 15, .box_h = 15, .ofs_x = 1, .ofs_y = -3},
    {.bitmap_index = 5904, .adv_w = 272, .box_w = 15, .box_h = 15, .ofs_x = 1, .ofs_y = -3},
    {.bitmap_index = 5933, .adv_w = 272, .box_w = 15, .box_h = 15, .ofs_x = 1, .ofs_y = -3},
    {.bitmap_index = 5962, .adv_w = 264, .box_w = 14, .box_h = 14, .ofs_x = 1, .ofs_y = -3},
    {.bitmap_index = 5987, .adv_w = 272, .box_w = 15, .box_h = 15, .ofs_x = 1, .ofs_y = -3},
    {.bitmap_index = 6016, .adv_w = 272, .box_w = 16, .box_h = 15, .ofs_x = 0, .ofs_y = -3},
    {.bitmap_index = 6046, .adv_w = 264, .box_w = 8, .box_h = 15, .ofs_x = 4, .ofs_y = -3},
    {.bitmap_index = 6061, .adv_w = 272, .box_w = 16, .box_h = 13, .ofs_x = 0, .ofs_y = -2},
    {.bitmap_index = 6087, .adv_w = 272, .box_w = 16, .box_h = 12, .ofs_x = 0, .ofs_y = -2},
    {.bitmap_index = 6111, .adv_w = 264, .box_w = 13, .box_h = 15, .ofs_x = 2, .ofs_y = -3},
    {.bitmap_index = 6136, .adv_w = 272, .box_w = 16, .box_h = 15, .ofs_x = 0, .ofs_y = -3},
    {.bitmap_index = 6166, .adv_w = 272, .box_w = 16, .box_h = 15, .ofs_x = 0, .ofs_y = -3},
    {.bitmap_index = 6196, .adv_w = 272, .box_w = 16, .box_h = 15, .ofs_x = 0, .ofs_y = -3},
    {.bitmap_index = 6226, .adv_w = 272, .box_w = 15, .box_h = 15, .ofs_x = 1, .ofs_y = -3},
    {.bitmap_index = 6255, .adv_w = 272, .box_w = 16, .box_h = 15, .ofs_x = 0, .ofs_y = -3},
    {.bitmap_index = 6285, .adv_w = 304, .box_w = 18, .box_h = 15, .ofs_x = -1, .ofs_y = -3},
    {.bitmap_index = 6319, .adv_w = 288, .box_w = 17, .box_h = 15, .ofs_x = 0, .ofs_y = -3},
    {.bitmap_index = 6351, .adv_w = 304, .box_w = 18, .box_h = 15, .ofs_x = -1, .ofs_y = -3},
    {.bitmap_index = 6385, .adv_w = 272, .box_w = 15, .box_h = 15, .ofs_x = 1, .ofs_y = -3},
    {.bitmap_index = 6414, .adv_w = 272, .box_w = 16, .box_h = 15, .ofs_x = 0, .ofs_y = -3},
    {.bitmap_index = 6444, .adv_w = 272, .box_w = 16, .box_h = 15, .ofs_x = 0, .ofs_y = -3},
    {.bitmap_index = 6474, .adv_w = 264, .box_w = 14, .box_h = 15, .ofs_x = 1, .ofs_y = -3},
    {.bitmap_index = 6501, .adv_w = 264, .box_w = 14, .box_h = 15, .ofs_x = 1, .ofs_y = -3},
    {.bitmap_index = 6528, .adv_w = 264, .box_w = 13, .box_h = 15, .ofs_x = 2, .ofs_y = -3},
    {.bitmap_index = 6553, .adv_w = 264, .box_w = 14, .box_h = 15, .ofs_x = 1, .ofs_y = -3},
    {.bitmap_index = 6580, .adv_w = 272, .box_w = 16, .box_h = 15, .ofs_x = 0, .ofs_y = -3},
    {.bitmap_index = 6610, .adv_w = 264, .box_w = 11, .box_h = 15, .ofs_x = 3, .ofs_y = -3},
    {.bitmap_index = 6631, .adv_w = 272, .box_w = 16, .box_h = 15, .ofs_x = 0, .ofs_y = -3},
    {.bitmap_index = 6661, .adv_w = 264, .box_w = 11, .box_h = 15, .ofs_x = 3, .ofs_y = -3},
    {.bitmap_index = 6682, .adv_w = 272, .box_w = 16, .box_h = 15, .ofs_x = 0, .ofs_y = -3},
    {.bitmap_index = 6712, .adv_w = 264, .box_w = 12, .box_h = 15, .ofs_x = 2, .ofs_y = -3},
    {.bitmap_index = 6735, .adv_w = 272, .box_w = 16, .box_h = 15, .ofs_x = 0, .ofs_y = -3},
    {.bitmap_index = 6765, .adv_w = 264, .box_w = 15, .box_h = 15, .ofs_x = 0, .ofs_y = -3},
    {.bitmap_index = 6794, .adv_w = 264, .box_w = 15, .box_h = 15, .ofs_x = 0, .ofs_y = -3},
    {.bitmap_index = 6823, .adv_w = 272, .box_w = 16, .box_h = 15, .ofs_x = 0, .ofs_y = -3},
    {.bitmap_index = 6853, .adv_w = 264, .box_w = 13, .box_h = 15, .ofs_x = 2, .ofs_y = -3},
    {.bitmap_index = 6878, .adv_w = 264, .box_w = 14, .box_h = 15, .ofs_x = 1, .ofs_y = -3},
    {.bitmap_index = 6905, .adv_w = 288, .box_w = 17, .box_h = 14, .ofs_x = 0, .ofs_y = -3},
    {.bitmap_index = 6935, .adv_w = 264, .box_w = 10, .box_h = 15, .ofs_x = 4, .ofs_y = -3},
    {.bitmap_index = 6954, .adv_w = 264, .box_w = 14, .box_h = 15, .ofs_x = 1, .ofs_y = -3},
    {.bitmap_index = 6981, .adv_w = 288, .box_w = 17, .box_h = 14, .ofs_x = 0, .ofs_y = -3},
    {.bitmap_index = 7011, .adv_w = 272, .box_w = 16, .box_h = 15, .ofs_x = 0, .ofs_y = -3},
    {.bitmap_index = 7041, .adv_w = 264, .box_w = 14, .box_h = 15, .ofs_x = 1, .ofs_y = -3},
    {.bitmap_index = 7068, .adv_w = 264, .box_w = 14, .box_h = 15, .ofs_x = 1, .ofs_y = -3},
    {.bitmap_index = 7095, .adv_w = 272, .box_w = 16, .box_h = 14, .ofs_x = 0, .ofs_y = -3},
    {.bitmap_index = 7123, .adv_w = 272, .box_w = 16, .box_h = 15, .ofs_x = 0, .ofs_y = -3},
    {.bitmap_index = 7153, .adv_w = 272, .box_w = 16, .box_h = 14, .ofs_x = 0, .ofs_y = -3},
    {.bitmap_index = 7181, .adv_w = 264, .box_w = 13, .box_h = 15, .ofs_x = 1, .ofs_y = -3},
    {.bitmap_index = 7206, .adv_w = 264, .box_w = 10, .box_h = 15, .ofs_x = 3, .ofs_y = -3},
    {.bitmap_index = 7225, .adv_w = 264, .box_w = 14, .box_h = 15, .ofs_x = 1, .ofs_y = -3},
    {.bitmap_index = 7252, .adv_w = 272, .box_w = 15, .box_h = 15, .ofs_x = 1, .ofs_y = -3},
    {.bitmap_index = 7281, .adv_w = 264, .box_w = 12, .box_h = 15, .ofs_x = 2, .ofs_y = -3},
    {.bitmap_index = 7304, .adv_w = 272, .box_w = 16, .box_h = 15, .ofs_x = 0, .ofs_y = -3},
    {.bitmap_index = 7334, .adv_w = 264, .box_w = 13, .box_h = 15, .ofs_x = 2, .ofs_y = -3},
    {.bitmap_index = 7359, .adv_w = 264, .box_w = 13, .box_h = 15, .ofs_x = 2, .ofs_y = -3},
    {.bitmap_index = 7384, .adv_w = 272, .box_w = 15, .box_h = 15, .ofs_x = 1, .ofs_y = -3},
    {.bitmap_index = 7413, .adv_w = 264, .box_w = 14, .box_h = 15, .ofs_x = 1, .ofs_y = -3},
    {.bitmap_index = 7440, .adv_w = 264, .box_w = 14, .box_h = 15, .ofs_x = 1, .ofs_y = -3},
    {.bitmap_index = 7467, .adv_w = 272, .box_w = 15, .box_h = 15, .ofs_x = 1, .ofs_y = -3},
    {.bitmap_index = 7496, .adv_w = 272, .box_w = 15, .box_h = 15, .ofs_x = 1, .ofs_y = -3},
    {.bitmap_index = 7525, .adv_w = 272, .box_w = 16, .box_h = 15, .ofs_x = 0, .ofs_y = -3},
    {.bitmap_index = 7555, .adv_w = 272, .box_w = 16, .box_h = 15, .ofs_x = 0, .ofs_y = -3},
    {.bitmap_index = 7585, .adv_w = 288, .box_w = 17, .box_h = 15, .ofs_x = 0, .ofs_y = -3},
    {.bitmap_index = 7617, .adv_w = 272, .box_w = 16, .box_h = 16, .ofs_x = 0, .ofs_y = -4},
    {.bitmap_index = 7649, .adv_w = 272, .box_w = 15, .box_h = 15, .ofs_x = 1, .ofs_y = -3},
    {.bitmap_index = 7678, .adv_w = 272, .box_w = 15, .box_h = 15, .ofs_x = 1, .ofs_y = -3},
    {.bitmap_index = 7707, .adv_w = 264, .box_w = 12, .box_h = 15, .ofs_x = 2, .ofs_y = -3},
    {.bitmap_index = 7730, .adv_w = 272, .box_w = 15, .box_h = 15, .ofs_x = 1, .ofs_y = -3},
    {.bitmap_index = 7759, .adv_w = 272, .box_w = 15, .box_h = 15, .ofs_x = 1, .ofs_y = -3},
    {.bitmap_index = 7788, .adv_w = 272, .box_w = 15, .box_h = 15, .ofs_x = 1, .ofs_y = -3},
    {.bitmap_index = 7817, .adv_w = 272, .box_w = 15, .box_h = 15, .ofs_x = 1, .ofs_y = -3},
    {.bitmap_index = 7846, .adv_w = 288, .box_w = 17, .box_h = 15, .ofs_x = 0, .ofs_y = -3},
    {.bitmap_index = 7878, .adv_w = 272, .box_w = 16, .box_h = 15, .ofs_x = 0, .ofs_y = -3},
    {.bitmap_index = 7908, .adv_w = 264, .box_w = 10, .box_h = 15, .ofs_x = 3, .ofs_y = -3},
    {.bitmap_index = 7927, .adv_w = 264, .box_w = 14, .box_h = 15, .ofs_x = 1, .ofs_y = -3},
    {.bitmap_index = 7954, .adv_w = 264, .box_w = 12, .box_h = 15, .ofs_x = 2, .ofs_y = -3},
    {.bitmap_index = 7977, .adv_w = 272, .box_w = 16, .box_h = 13, .ofs_x = 0, .ofs_y = -2},
    {.bitmap_index = 8003, .adv_w = 272, .box_w = 16, .box_h = 15, .ofs_x = 0, .ofs_y = -3},
    {.bitmap_index = 8033, .adv_w = 272, .box_w = 15, .box_h = 15, .ofs_x = 1, .ofs_y = -3},
    {.bitmap_index = 8062, .adv_w = 272, .box_w = 15, .box_h = 15, .ofs_x = 1, .ofs_y = -3},
    {.bitmap_index = 8091, .adv_w = 272, .box_w = 16, .box_h = 15, .ofs_x = 0, .ofs_y = -3},
    {.bitmap_index = 8121, .adv_w = 288, .box_w = 17, .box_h = 15, .ofs_x = 0, .ofs_y = -3},
    {.bitmap_index = 8153, .adv_w = 264, .box_w = 13, .box_h = 15, .ofs_x = 2, .ofs_y = -3},
    {.bitmap_index = 8178, .adv_w = 264, .box_w = 14, .box_h = 15, .ofs_x = 1, .ofs_y = -3},
    {.bitmap_index = 8205, .adv_w = 272, .box_w = 16, .box_h = 15, .ofs_x = 0, .ofs_y = -3},
    {.bitmap_index = 8235, .adv_w = 304, .box_w = 18, .box_h = 15, .ofs_x = -1, .ofs_y = -3},
    {.bitmap_index = 8269, .adv_w = 264, .box_w = 13, .box_h = 15, .ofs_x = 2, .ofs_y = -3},
    {.bitmap_index = 8294, .adv_w = 264, .box_w = 8, .box_h = 15, .ofs_x = 4, .ofs_y = -3},
    {.bitmap_index = 8309, .adv_w = 264, .box_w = 10, .box_h = 15, .ofs_x = 3, .ofs_y = -3},
    {.bitmap_index = 8328, .adv_w = 264, .box_w = 12, .box_h = 15, .ofs_x = 2, .ofs_y = -3},
    {.bitmap_index = 8351, .adv_w = 264, .box_w = 8, .box_h = 15, .ofs_x = 4, .ofs_y = -3},
    {.bitmap_index = 8366, .adv_w = 264, .box_w = 13, .box_h = 15, .ofs_x = 2, .ofs_y = -3},
    {.bitmap_index = 8391, .adv_w = 264, .box_w = 9, .box_h = 15, .ofs_x = 3, .ofs_y = -3},
    {.bitmap_index = 8408, .adv_w = 264, .box_w = 12, .box_h = 15, .ofs_x = 2, .ofs_y = -3},
    {.bitmap_index = 8431, .adv_w = 304, .box_w = 18, .box_h = 14, .ofs_x = -1, .ofs_y = -3},
    {.bitmap_index = 8463, .adv_w = 272, .box_w = 16, .box_h = 15, .ofs_x = 0, .ofs_y = -3},
    {.bitmap_index = 8493, .adv_w = 288, .box_w = 17, .box_h = 15, .ofs_x = -1, .ofs_y = -3},
    {.bitmap_index = 8525, .adv_w = 272, .box_w = 15, .box_h = 15, .ofs_x = 1, .ofs_y = -3},
    {.bitmap_index = 8554, .adv_w = 264, .box_w = 13, .box_h = 15, .ofs_x = 2, .ofs_y = -3},
    {.bitmap_index = 8579, .adv_w = 288, .box_w = 17, .box_h = 15, .ofs_x = 0, .ofs_y = -3},
    {.bitmap_index = 8611, .adv_w = 264, .box_w = 14, .box_h = 15, .ofs_x = 1, .ofs_y = -3},
    {.bitmap_index = 8638, .adv_w = 264, .box_w = 13, .box_h = 14, .ofs_x = 2, .ofs_y = -3},
    {.bitmap_index = 8661, .adv_w = 272, .box_w = 16, .box_h = 15, .ofs_x = 0, .ofs_y = -3},
    {.bitmap_index = 8691, .adv_w = 264, .box_w = 14, .box_h = 15, .ofs_x = 1, .ofs_y = -3},
    {.bitmap_index = 8718, .adv_w = 264, .box_w = 13, .box_h = 15, .ofs_x = 2, .ofs_y = -3},
    {.bitmap_index = 8743, .adv_w = 272, .box_w = 16, .box_h = 15, .ofs_x = 0, .ofs_y = -3},
    {.bitmap_index = 8773, .adv_w = 288, .box_w = 16, .box_h = 15, .ofs_x = 1, .ofs_y = -3},
    {.bitmap_index = 8803, .adv_w = 264, .box_w = 11, .box_h = 15, .ofs_x = 3, .ofs_y = -3},
    {.bitmap_index = 8824, .adv_w = 272, .box_w = 15, .box_h = 15, .ofs_x = 1, .ofs_y = -3},
    {.bitmap_index = 8853, .adv_w = 272, .box_w = 15, .box_h = 15, .ofs_x = 1, .ofs_y = -3},
    {.bitmap_index = 8882, .adv_w = 272, .box_w = 15, .box_h = 15, .ofs_x = 1, .ofs_y = -3},
    {.bitmap_index = 8911, .adv_w = 288, .box_w = 17, .box_h = 15, .ofs_x = 0, .ofs_y = -3},
    {.bitmap_index = 8943, .adv_w = 264, .box_w = 11, .box_h = 15, .ofs_x = 3, .ofs_y = -3},
    {.bitmap_index = 8964, .adv_w = 288, .box_w = 17, .box_h = 15, .ofs_x = 0, .ofs_y = -3},
    {.bitmap_index = 8996, .adv_w = 288, .box_w = 17, .box_h = 15, .ofs_x = 0, .ofs_y = -3},
    {.bitmap_index = 9028, .adv_w = 264, .box_w = 12, .box_h = 14, .ofs_x = 2, .ofs_y = -3},
    {.bitmap_index = 9049, .adv_w = 272, .box_w = 16, .box_h = 15, .ofs_x = 0, .ofs_y = -3},
    {.bitmap_index = 9079, .adv_w = 272, .box_w = 16, .box_h = 15, .ofs_x = 0, .ofs_y = -3},
    {.bitmap_index = 9109, .adv_w = 288, .box_w = 17, .box_h = 15, .ofs_x = 0, .ofs_y = -3},
    {.bitmap_index = 9141, .adv_w = 264, .box_w = 10, .box_h = 15, .ofs_x = 3, .ofs_y = -3},
    {.bitmap_index = 9160, .adv_w = 264, .box_w = 12, .box_h = 15, .ofs_x = 2, .ofs_y = -3},
    {.bitmap_index = 9183, .adv_w = 264, .box_w = 11, .box_h = 15, .ofs_x = 3, .ofs_y = -3},
    {.bitmap_index = 9204, .adv_w = 264, .box_w = 11, .box_h = 15, .ofs_x = 3, .ofs_y = -3},
    {.bitmap_index = 9225, .adv_w = 272, .box_w = 16, .box_h = 15, .ofs_x = 0, .ofs_y = -3},
    {.bitmap_index = 9255, .adv_w = 264, .box_w = 14, .box_h = 11, .ofs_x = 1, .ofs_y = -1},
    {.bitmap_index = 9275, .adv_w = 288, .box_w = 17, .box_h = 11, .ofs_x = 0, .ofs_y = -1},
    {.bitmap_index = 9299, .adv_w = 264, .box_w = 15, .box_h = 15, .ofs_x = 0, .ofs_y = -3},
    {.bitmap_index = 9328, .adv_w = 264, .box_w = 14, .box_h = 15, .ofs_x = 1, .ofs_y = -3},
    {.bitmap_index = 9355, .adv_w = 272, .box_w = 15, .box_h = 15, .ofs_x = 1, .ofs_y = -3},
    {.bitmap_index = 9384, .adv_w = 272, .box_w = 15, .box_h = 15, .ofs_x = 1, .ofs_y = -3},
    {.bitmap_index = 9413, .adv_w = 288, .box_w = 16, .box_h = 15, .ofs_x = 1, .ofs_y = -3},
    {.bitmap_index = 9443, .adv_w = 272, .box_w = 16, .box_h = 15, .ofs_x = 0, .ofs_y = -3},
    {.bitmap_index = 9473, .adv_w = 272, .box_w = 15, .box_h = 15, .ofs_x = 1, .ofs_y = -3},
    {.bitmap_index = 9502, .adv_w = 272, .box_w = 15, .box_h = 15, .ofs_x = 1, .ofs_y = -3},
    {.bitmap_index = 9531, .adv_w = 288, .box_w = 17, .box_h = 15, .ofs_x = 0, .ofs_y = -3},
    {.bitmap_index = 9563, .adv_w = 304, .box_w = 18, .box_h = 15, .ofs_x = -1, .ofs_y = -3},
    {.bitmap_index = 9597, .adv_w = 272, .box_w = 15, .box_h = 15, .ofs_x = 1, .ofs_y = -3},
    {.bitmap_index = 9626, .adv_w = 288, .box_w = 17, .box_h = 11, .ofs_x = 0, .ofs_y = -1},
    {.bitmap_index = 9650, .adv_w = 272, .box_w = 15, .box_h = 15, .ofs_x = 1, .ofs_y = -3},
    {.bitmap_index = 9679, .adv_w = 304, .box_w = 18, .box_h = 15, .ofs_x = -1, .ofs_y = -3},
    {.bitmap_index = 9713, .adv_w = 288, .box_w = 17, .box_h = 12, .ofs_x = 0, .ofs_y = -2},
    {.bitmap_index = 9739, .adv_w = 272, .box_w = 16, .box_h = 15, .ofs_x = 0, .ofs_y = -3},
    {.bitmap_index = 9769, .adv_w = 272, .box_w = 16, .box_h = 15, .ofs_x = 0, .ofs_y = -3},
    {.bitmap_index = 9799, .adv_w = 272, .box_w = 15, .box_h = 15, .ofs_x = 1, .ofs_y = -3},
    {.bitmap_index = 9828, .adv_w = 272, .box_w = 15, .box_h = 15, .ofs_x = 1, .ofs_y = -3},
    {.bitmap_index = 9857, .adv_w = 264, .box_w = 14, .box_h = 15, .ofs_x = 1, .ofs_y = -3},
    {.bitmap_index = 9884, .adv_w = 264, .box_w = 12, .box_h = 15, .ofs_x = 2, .ofs_y = -3},
    {.bitmap_index = 9907, .adv_w = 264, .box_w = 13, .box_h = 15, .ofs_x = 2, .ofs_y = -3},
    {.bitmap_index = 9932, .adv_w = 272, .box_w = 16, .box_h = 14, .ofs_x = 0, .ofs_y = -3},
    {.bitmap_index = 9960, .adv_w = 272, .box_w = 16, .box_h = 15, .ofs_x = 0, .ofs_y = -3},
    {.bitmap_index = 9990, .adv_w = 272, .box_w = 15, .box_h = 15, .ofs_x = 1, .ofs_y = -3},
    {.bitmap_index = 10019, .adv_w = 272, .box_w = 16, .box_h = 15, .ofs_x = 0, .ofs_y = -3},
    {.bitmap_index = 10049, .adv_w = 272, .box_w = 16, .box_h = 15, .ofs_x = 0, .ofs_y = -3},
    {.bitmap_index = 10079, .adv_w = 272, .box_w = 16, .box_h = 15, .ofs_x = 0, .ofs_y = -3},
    {.bitmap_index = 10109, .adv_w = 272, .box_w = 16, .box_h = 15, .ofs_x = 0, .ofs_y = -3},
    {.bitmap_index = 10139, .adv_w = 264, .box_w = 13, .box_h = 15, .ofs_x = 2, .ofs_y = -3},
    {.bitmap_index = 10164, .adv_w = 272, .box_w = 15, .box_h = 15, .ofs_x = 1, .ofs_y = -3},
    {.bitmap_index = 10193, .adv_w = 288, .box_w = 17, .box_h = 13, .ofs_x = 0, .ofs_y = -2},
    {.bitmap_index = 10221, .adv_w = 272, .box_w = 16, .box_h = 15, .ofs_x = 0, .ofs_y = -3},
    {.bitmap_index = 10251, .adv_w = 272, .box_w = 15, .box_h = 15, .ofs_x = 1, .ofs_y = -3},
    {.bitmap_index = 10280, .adv_w = 264, .box_w = 13, .box_h = 15, .ofs_x = 2, .ofs_y = -3},
    {.bitmap_index = 10305, .adv_w = 272, .box_w = 15, .box_h = 15, .ofs_x = 1, .ofs_y = -3},
    {.bitmap_index = 10334, .adv_w = 264, .box_w = 14, .box_h = 15, .ofs_x = 1, .ofs_y = -3},
    {.bitmap_index = 10361, .adv_w = 264, .box_w = 11, .box_h = 15, .ofs_x = 3, .ofs_y = -3},
    {.bitmap_index = 10382, .adv_w = 272, .box_w = 16, .box_h = 15, .ofs_x = 0, .ofs_y = -3},
    {.bitmap_index = 10412, .adv_w = 272, .box_w = 16, .box_h = 14, .ofs_x = 0, .ofs_y = -3},
    {.bitmap_index = 10440, .adv_w = 272, .box_w = 15, .box_h = 15, .ofs_x = 1, .ofs_y = -3},
    {.bitmap_index = 10469, .adv_w = 272, .box_w = 15, .box_h = 15, .ofs_x = 1, .ofs_y = -3},
    {.bitmap_index = 10498, .adv_w = 272, .box_w = 16, .box_h = 15, .ofs_x = 0, .ofs_y = -3},
    {.bitmap_index = 10528, .adv_w = 288, .box_w = 17, .box_h = 15, .ofs_x = 0, .ofs_y = -3},
    {.bitmap_index = 10560, .adv_w = 264, .box_w = 12, .box_h = 15, .ofs_x = 2, .ofs_y = -3},
    {.bitmap_index = 10583, .adv_w = 304, .box_w = 18, .box_h = 13, .ofs_x = -1, .ofs_y = -2},
    {.bitmap_index = 10613, .adv_w = 288, .box_w = 17, .box_h = 10, .ofs_x = 0, .ofs_y = -1},
    {.bitmap_index = 10635, .adv_w = 272, .box_w = 16, .box_h = 15, .ofs_x = 0, .ofs_y = -3},
    {.bitmap_index = 10665, .adv_w = 272, .box_w = 16, .box_h = 15, .ofs_x = 0, .ofs_y = -3},
    {.bitmap_index = 10695, .adv_w = 272, .box_w = 16, .box_h = 15, .ofs_x = 0, .ofs_y = -3},
    {.bitmap_index = 10725, .adv_w = 272, .box_w = 16, .box_h = 15, .ofs_x = 0, .ofs_y = -3},
    {.bitmap_index = 10755, .adv_w = 264, .box_w = 14, .box_h = 15, .ofs_x = 1, .ofs_y = -3},
    {.bitmap_index = 10782, .adv_w = 288, .box_w = 17, .box_h = 15, .ofs_x = 0, .ofs_y = -3},
    {.bitmap_index = 10814, .adv_w = 272, .box_w = 16, .box_h = 15, .ofs_x = 0, .ofs_y = -3},
    {.bitmap_index = 10844, .adv_w = 272, .box_w = 15, .box_h = 15, .ofs_x = 1, .ofs_y = -3},
    {.bitmap_index = 10873, .adv_w = 304, .box_w = 18, .box_h = 15, .ofs_x = -1, .ofs_y = -3},
    {.bitmap_index = 10907, .adv_w = 288, .box_w = 17, .box_h = 15, .ofs_x = 0, .ofs_y = -3},
    {.bitmap_index = 10939, .adv_w = 272, .box_w = 16, .box_h = 15, .ofs_x = 0, .ofs_y = -3},
    {.bitmap_index = 10969, .adv_w = 272, .box_w = 15, .box_h = 15, .ofs_x = 1, .ofs_y = -3},
    {.bitmap_index = 10998, .adv_w = 272, .box_w = 16, .box_h = 15, .ofs_x = 0, .ofs_y = -3},
    {.bitmap_index = 11028, .adv_w = 272, .box_w = 15, .box_h = 15, .ofs_x = 1, .ofs_y = -3},
    {.bitmap_index = 11057, .adv_w = 264, .box_w = 14, .box_h = 15, .ofs_x = 1, .ofs_y = -3},
    {.bitmap_index = 11084, .adv_w = 272, .box_w = 16, .box_h = 15, .ofs_x = 0, .ofs_y = -3},
    {.bitmap_index = 11114, .adv_w = 272, .box_w = 16, .box_h = 15, .ofs_x = 0, .ofs_y = -3},
    {.bitmap_index = 11144, .adv_w = 272, .box_w = 15, .box_h = 15, .ofs_x = 1, .ofs_y = -3},
    {.bitmap_index = 11173, .adv_w = 272, .box_w = 16, .box_h = 15, .ofs_x = 0, .ofs_y = -3},
    {.bitmap_index = 11203, .adv_w = 272, .box_w = 16, .box_h = 15, .ofs_x = 0, .ofs_y = -3},
    {.bitmap_index = 11233, .adv_w = 304, .box_w = 18, .box_h = 15, .ofs_x = -1, .ofs_y = -3},
    {.bitmap_index = 11267, .adv_w = 272, .box_w = 16, .box_h = 14, .ofs_x = 0, .ofs_y = -3},
    {.bitmap_index = 11295, .adv_w = 272, .box_w = 16, .box_h = 15, .ofs_x = 0, .ofs_y = -3},
    {.bitmap_index = 11325, .adv_w = 272, .box_w = 16, .box_h = 15, .ofs_x = 0, .ofs_y = -3},
    {.bitmap_index = 11355, .adv_w = 272, .box_w = 15, .box_h = 15, .ofs_x = 1, .ofs_y = -3},
    {.bitmap_index = 11384, .adv_w = 272, .box_w = 16, .box_h = 15, .ofs_x = 0, .ofs_y = -3},
    {.bitmap_index = 11414, .adv_w = 272, .box_w = 16, .box_h = 16, .ofs_x = 0, .ofs_y = -4},
    {.bitmap_index = 11446, .adv_w = 272, .box_w = 16, .box_h = 15, .ofs_x = 0, .ofs_y = -3},
    {.bitmap_index = 11476, .adv_w = 288, .box_w = 17, .box_h = 16, .ofs_x = 0, .ofs_y = -4},
    {.bitmap_index = 11510, .adv_w = 304, .box_w = 18, .box_h = 15, .ofs_x = -1, .ofs_y = -3},
    {.bitmap_index = 11544, .adv_w = 272, .box_w = 16, .box_h = 15, .ofs_x = 0, .ofs_y = -3},
    {.bitmap_index = 11574, .adv_w = 264, .box_w = 11, .box_h = 15, .ofs_x = 3, .ofs_y = -3},
    {.bitmap_index = 11595, .adv_w = 272, .box_w = 15, .box_h = 15, .ofs_x = 1, .ofs_y = -3},
    {.bitmap_index = 11624, .adv_w = 272, .box_w = 16, .box_h = 15, .ofs_x = 0, .ofs_y = -3},
    {.bitmap_index = 11654, .adv_w = 264, .box_w = 14, .box_h = 13, .ofs_x = 1, .ofs_y = -1},
    {.bitmap_index = 11677, .adv_w = 264, .box_w = 14, .box_h = 13, .ofs_x = 1, .ofs_y = -1},
    {.bitmap_index = 11700, .adv_w = 272, .box_w = 15, .box_h = 15, .ofs_x = 1, .ofs_y = -3},
    {.bitmap_index = 11729, .adv_w = 272, .box_w = 16, .box_h = 15, .ofs_x = 0, .ofs_y = -3},
    {.bitmap_index = 11759, .adv_w = 272, .box_w = 16, .box_h = 16, .ofs_x = 0, .ofs_y = -4},
    {.bitmap_index = 11791, .adv_w = 272, .box_w = 15, .box_h = 15, .ofs_x = 1, .ofs_y = -3},
    {.bitmap_index = 11820, .adv_w = 264, .box_w = 11, .box_h = 15, .ofs_x = 3, .ofs_y = -3},
    {.bitmap_index = 11841, .adv_w = 0, .box_w = 0, .box_h = 0, .ofs_x = 0, .ofs_y = 0},
    {.bitmap_index = 11841, .adv_w = 0, .box_w = 0, .box_h = 0, .ofs_x = 0, .ofs_y = 0},
    {.bitmap_index = 11841, .adv_w = 0, .box_w = 0, .box_h = 0, .ofs_x = 0, .ofs_y = 0},
    {.bitmap_index = 11841, .adv_w = 0, .box_w = 0, .box_h = 0, .ofs_x = 0, .ofs_y = 0},
    {.bitmap_index = 11841, .adv_w = 0, .box_w = 0, .box_h = 0, .ofs_x = 0, .ofs_y = 0},
    {.bitmap_index = 11841, .adv_w = 288, .box_w = 17, .box_h = 15, .ofs_x = 0, .ofs_y = -3},
    {.bitmap_index = 11873, .adv_w = 272, .box_w = 15, .box_h = 14, .ofs_x = 1, .ofs_y = -2},
    {.bitmap_index = 11900, .adv_w = 288, .box_w = 17, .box_h = 15, .ofs_x = 0, .ofs_y = -3},
    {.bitmap_index = 11932, .adv_w = 304, .box_w = 18, .box_h = 15, .ofs_x = -1, .ofs_y = -3},
    {.bitmap_index = 11966, .adv_w = 304, .box_w = 18, .box_h = 15, .ofs_x = -1, .ofs_y = -3},
    {.bitmap_index = 12000, .adv_w = 304, .box_w = 18, .box_h = 15, .ofs_x = -1, .ofs_y = -3},
    {.bitmap_index = 12034, .adv_w = 304, .box_w = 18, .box_h = 15, .ofs_x = -1, .ofs_y = -3},
    {.bitmap_index = 12068, .adv_w = 264, .box_w = 13, .box_h = 15, .ofs_x = 2, .ofs_y = -3},
    {.bitmap_index = 12093, .adv_w = 272, .box_w = 14, .box_h = 15, .ofs_x = 2, .ofs_y = -3},
    {.bitmap_index = 12120, .adv_w = 264, .box_w = 13, .box_h = 15, .ofs_x = 2, .ofs_y = -3},
    {.bitmap_index = 12145, .adv_w = 264, .box_w = 14, .box_h = 15, .ofs_x = 1, .ofs_y = -3},
    {.bitmap_index = 12172, .adv_w = 288, .box_w = 17, .box_h = 15, .ofs_x = 0, .ofs_y = -3},
    {.bitmap_index = 12204, .adv_w = 288, .box_w = 17, .box_h = 15, .ofs_x = 0, .ofs_y = -3},
    {.bitmap_index = 12236, .adv_w = 272, .box_w = 15, .box_h = 15, .ofs_x = 1, .ofs_y = -3},
    {.bitmap_index = 12265, .adv_w = 288, .box_w = 17, .box_h = 15, .ofs_x = -1, .ofs_y = -3},
    {.bitmap_index = 12297, .adv_w = 272, .box_w = 16, .box_h = 15, .ofs_x = 0, .ofs_y = -3},
    {.bitmap_index = 12327, .adv_w = 264, .box_w = 12, .box_h = 15, .ofs_x = 2, .ofs_y = -3},
    {.bitmap_index = 12350, .adv_w = 272, .box_w = 15, .box_h = 15, .ofs_x = 1, .ofs_y = -3},
    {.bitmap_index = 12379, .adv_w = 272, .box_w = 15, .box_h = 15, .ofs_x = 1, .ofs_y = -3},
    {.bitmap_index = 12408, .adv_w = 264, .box_w = 14, .box_h = 15, .ofs_x = 1, .ofs_y = -3},
    {.bitmap_index = 12435, .adv_w = 272, .box_w = 15, .box_h = 15, .ofs_x = 1, .ofs_y = -3},
    {.bitmap_index = 12464, .adv_w = 272, .box_w = 15, .box_h = 15, .ofs_x = 1, .ofs_y = -3},
    {.bitmap_index = 12493, .adv_w = 288, .box_w = 17, .box_h = 15, .ofs_x = 0, .ofs_y = -3},
    {.bitmap_index = 12525, .adv_w = 272, .box_w = 16, .box_h = 15, .ofs_x = 0, .ofs_y = -3},
    {.bitmap_index = 12555, .adv_w = 288, .box_w = 17, .box_h = 15, .ofs_x = -1, .ofs_y = -3},
    {.bitmap_index = 12587, .adv_w = 304, .box_w = 18, .box_h = 15, .ofs_x = -1, .ofs_y = -3},
    {.bitmap_index = 12621, .adv_w = 272, .box_w = 16, .box_h = 15, .ofs_x = 0, .ofs_y = -3},
    {.bitmap_index = 12651, .adv_w = 272, .box_w = 15, .box_h = 15, .ofs_x = 1, .ofs_y = -3},
    {.bitmap_index = 12680, .adv_w = 288, .box_w = 17, .box_h = 15, .ofs_x = 0, .ofs_y = -3},
    {.bitmap_index = 12712, .adv_w = 272, .box_w = 16, .box_h = 15, .ofs_x = 0, .ofs_y = -3},
    {.bitmap_index = 12742, .adv_w = 272, .box_w = 14, .box_h = 15, .ofs_x = 2, .ofs_y = -3},
    {.bitmap_index = 12769, .adv_w = 288, .box_w = 17, .box_h = 13, .ofs_x = 0, .ofs_y = -2},
    {.bitmap_index = 12797, .adv_w = 272, .box_w = 16, .box_h = 15, .ofs_x = 0, .ofs_y = -3},
    {.bitmap_index = 12827, .adv_w = 288, .box_w = 17, .box_h = 14, .ofs_x = 0, .ofs_y = -2},
    {.bitmap_index = 12857, .adv_w = 288, .box_w = 17, .box_h = 15, .ofs_x = 0, .ofs_y = -3},
    {.bitmap_index = 12889, .adv_w = 272, .box_w = 16, .box_h = 15, .ofs_x = 0, .ofs_y = -3},
    {.bitmap_index = 12919, .adv_w = 272, .box_w = 16, .box_h = 15, .ofs_x = 0, .ofs_y = -3},
    {.bitmap_index = 12949, .adv_w = 272, .box_w = 16, .box_h = 15, .ofs_x = 0, .ofs_y = -3},
    {.bitmap_index = 12979, .adv_w = 288, .box_w = 17, .box_h = 15, .ofs_x = 0, .ofs_y = -3},
    {.bitmap_index = 13011, .adv_w = 264, .box_w = 10, .box_h = 15, .ofs_x = 3, .ofs_y = -3},
    {.bitmap_index = 13030, .adv_w = 288, .box_w = 17, .box_h = 15, .ofs_x = 0, .ofs_y = -3},
    {.bitmap_index = 13062, .adv_w = 272, .box_w = 15, .box_h = 15, .ofs_x = 1, .ofs_y = -3},
    {.bitmap_index = 13091, .adv_w = 272, .box_w = 16, .box_h = 15, .ofs_x = 0, .ofs_y = -3},
    {.bitmap_index = 13121, .adv_w = 272, .box_w = 16, .box_h = 15, .ofs_x = 0, .ofs_y = -3},
    {.bitmap_index = 13151, .adv_w = 272, .box_w = 15, .box_h = 15, .ofs_x = 1, .ofs_y = -3},
    {.bitmap_index = 13180, .adv_w = 288, .box_w = 17, .box_h = 15, .ofs_x = 0, .ofs_y = -3},
    {.bitmap_index = 13212, .adv_w = 272, .box_w = 16, .box_h = 15, .ofs_x = 0, .ofs_y = -3},
    {.bitmap_index = 13242, .adv_w = 264, .box_w = 15, .box_h = 15, .ofs_x = 0, .ofs_y = -3},
    {.bitmap_index = 13271, .adv_w = 264, .box_w = 12, .box_h = 15, .ofs_x = 3, .ofs_y = -3},
    {.bitmap_index = 13294, .adv_w = 272, .box_w = 16, .box_h = 15, .ofs_x = 0, .ofs_y = -3},
    {.bitmap_index = 13324, .adv_w = 288, .box_w = 17, .box_h = 15, .ofs_x = 0, .ofs_y = -3},
    {.bitmap_index = 13356, .adv_w = 288, .box_w = 17, .box_h = 15, .ofs_x = 0, .ofs_y = -3},
    {.bitmap_index = 13388, .adv_w = 272, .box_w = 15, .box_h = 15, .ofs_x = 1, .ofs_y = -3},
    {.bitmap_index = 13417, .adv_w = 288, .box_w = 17, .box_h = 15, .ofs_x = 0, .ofs_y = -3},
    {.bitmap_index = 13449, .adv_w = 304, .box_w = 18, .box_h = 15, .ofs_x = -1, .ofs_y = -3},
    {.bitmap_index = 13483, .adv_w = 272, .box_w = 16, .box_h = 15, .ofs_x = 0, .ofs_y = -3},
    {.bitmap_index = 13513, .adv_w = 288, .box_w = 17, .box_h = 15, .ofs_x = 0, .ofs_y = -3},
    {.bitmap_index = 13545, .adv_w = 272, .box_w = 15, .box_h = 15, .ofs_x = 1, .ofs_y = -3},
    {.bitmap_index = 13574, .adv_w = 272, .box_w = 15, .box_h = 15, .ofs_x = 1, .ofs_y = -3},
    {.bitmap_index = 13603, .adv_w = 272, .box_w = 16, .box_h = 15, .ofs_x = 0, .ofs_y = -3},
    {.bitmap_index = 13633, .adv_w = 288, .box_w = 17, .box_h = 15, .ofs_x = 0, .ofs_y = -3},
    {.bitmap_index = 13665, .adv_w = 288, .box_w = 17, .box_h = 15, .ofs_x = 0, .ofs_y = -3},
    {.bitmap_index = 13697, .adv_w = 264, .box_w = 14, .box_h = 13, .ofs_x = 1, .ofs_y = -2},
    {.bitmap_index = 13720, .adv_w = 288, .box_w = 17, .box_h = 15, .ofs_x = 0, .ofs_y = -3},
    {.bitmap_index = 13752, .adv_w = 304, .box_w = 18, .box_h = 13, .ofs_x = -1, .ofs_y = -2},
    {.bitmap_index = 13782, .adv_w = 288, .box_w = 17, .box_h = 13, .ofs_x = 0, .ofs_y = -2},
    {.bitmap_index = 13810, .adv_w = 264, .box_w = 11, .box_h = 15, .ofs_x = 3, .ofs_y = -3},
    {.bitmap_index = 13831, .adv_w = 264, .box_w = 13, .box_h = 15, .ofs_x = 2, .ofs_y = -3},
    {.bitmap_index = 13856, .adv_w = 288, .box_w = 17, .box_h = 11, .ofs_x = 0, .ofs_y = -1},
    {.bitmap_index = 13880, .adv_w = 272, .box_w = 16, .box_h = 15, .ofs_x = 0, .ofs_y = -3},
    {.bitmap_index = 13910, .adv_w = 264, .box_w = 12, .box_h = 15, .ofs_x = 2, .ofs_y = -3},
    {.bitmap_index = 13933, .adv_w = 264, .box_w = 12, .box_h = 15, .ofs_x = 2, .ofs_y = -3},
    {.bitmap_index = 13956, .adv_w = 288, .box_w = 17, .box_h = 14, .ofs_x = 0, .ofs_y = -3},
    {.bitmap_index = 13986, .adv_w = 288, .box_w = 17, .box_h = 14, .ofs_x = 0, .ofs_y = -3},
    {.bitmap_index = 14016, .adv_w = 272, .box_w = 16, .box_h = 14, .ofs_x = 0, .ofs_y = -3},
    {.bitmap_index = 14044, .adv_w = 272, .box_w = 15, .box_h = 15, .ofs_x = 1, .ofs_y = -3},
    {.bitmap_index = 14073, .adv_w = 264, .box_w = 11, .box_h = 15, .ofs_x = 3, .ofs_y = -3},
    {.bitmap_index = 14094, .adv_w = 264, .box_w = 14, .box_h = 15, .ofs_x = 1, .ofs_y = -3},
    {.bitmap_index = 14121, .adv_w = 264, .box_w = 14, .box_h = 15, .ofs_x = 1, .ofs_y = -3},
    {.bitmap_index = 14148, .adv_w = 264, .box_w = 14, .box_h = 15, .ofs_x = 1, .ofs_y = -3},
    {.bitmap_index = 14175, .adv_w = 288, .box_w = 17, .box_h = 11, .ofs_x = 0, .ofs_y = -1},
    {.bitmap_index = 14199, .adv_w = 288, .box_w = 17, .box_h = 15, .ofs_x = 0, .ofs_y = -3},
    {.bitmap_index = 14231, .adv_w = 288, .box_w = 17, .box_h = 13, .ofs_x = -1, .ofs_y = -2},
    {.bitmap_index = 14259, .adv_w = 288, .box_w = 17, .box_h = 7, .ofs_x = 0, .ofs_y = 1},
    {.bitmap_index = 14274, .adv_w = 288, .box_w = 16, .box_h = 15, .ofs_x = 1, .ofs_y = -3},
    {.bitmap_index = 14304, .adv_w = 288, .box_w = 17, .box_h = 15, .ofs_x = 0, .ofs_y = -3},
    {.bitmap_index = 14336, .adv_w = 264, .box_w = 10, .box_h = 15, .ofs_x = 3, .ofs_y = -3},
    {.bitmap_index = 14355, .adv_w = 264, .box_w = 12, .box_h = 15, .ofs_x = 2, .ofs_y = -3},
    {.bitmap_index = 14378, .adv_w = 272, .box_w = 16, .box_h = 15, .ofs_x = 0, .ofs_y = -3},
    {.bitmap_index = 14408, .adv_w = 264, .box_w = 11, .box_h = 15, .ofs_x = 3, .ofs_y = -3},
    {.bitmap_index = 14429, .adv_w = 272, .box_w = 16, .box_h = 15, .ofs_x = 0, .ofs_y = -3},
    {.bitmap_index = 14459, .adv_w = 272, .box_w = 16, .box_h = 15, .ofs_x = 0, .ofs_y = -3},
    {.bitmap_index = 14489, .adv_w = 272, .box_w = 15, .box_h = 15, .ofs_x = 1, .ofs_y = -3},
    {.bitmap_index = 14518, .adv_w = 288, .box_w = 17, .box_h = 11, .ofs_x = 0, .ofs_y = -1},
    {.bitmap_index = 14542, .adv_w = 272, .box_w = 16, .box_h = 9, .ofs_x = 0, .ofs_y = 0},
    {.bitmap_index = 14560, .adv_w = 272, .box_w = 16, .box_h = 11, .ofs_x = 0, .ofs_y = -1},
    {.bitmap_index = 14582, .adv_w = 272, .box_w = 15, .box_h = 15, .ofs_x = 1, .ofs_y = -3},
    {.bitmap_index = 14611, .adv_w = 272, .box_w = 15, .box_h = 9, .ofs_x = 1, .ofs_y = 0},
    {.bitmap_index = 14628, .adv_w = 264, .box_w = 12, .box_h = 15, .ofs_x = 2, .ofs_y = -3},
    {.bitmap_index = 14651, .adv_w = 264, .box_w = 13, .box_h = 15, .ofs_x = 2, .ofs_y = -3},
    {.bitmap_index = 14676, .adv_w = 264, .box_w = 14, .box_h = 15, .ofs_x = 1, .ofs_y = -3},
    {.bitmap_index = 14703, .adv_w = 304, .box_w = 18, .box_h = 15, .ofs_x = -1, .ofs_y = -3},
    {.bitmap_index = 14737, .adv_w = 264, .box_w = 13, .box_h = 15, .ofs_x = 2, .ofs_y = -3},
    {.bitmap_index = 14762, .adv_w = 272, .box_w = 15, .box_h = 15, .ofs_x = 1, .ofs_y = -3},
    {.bitmap_index = 14791, .adv_w = 264, .box_w = 11, .box_h = 15, .ofs_x = 3, .ofs_y = -3},
    {.bitmap_index = 14812, .adv_w = 264, .box_w = 13, .box_h = 15, .ofs_x = 2, .ofs_y = -3},
    {.bitmap_index = 14837, .adv_w = 304, .box_w = 18, .box_h = 11, .ofs_x = -1, .ofs_y = -1},
    {.bitmap_index = 14862, .adv_w = 304, .box_w = 18, .box_h = 11, .ofs_x = -1, .ofs_y = -2},
    {.bitmap_index = 14887, .adv_w = 304, .box_w = 18, .box_h = 11, .ofs_x = -1, .ofs_y = -2},
    {.bitmap_index = 14912, .adv_w = 304, .box_w = 18, .box_h = 11, .ofs_x = -1, .ofs_y = -2},
    {.bitmap_index = 14937, .adv_w = 264, .box_w = 11, .box_h = 15, .ofs_x = 3, .ofs_y = -3},
    {.bitmap_index = 14958, .adv_w = 264, .box_w = 11, .box_h = 15, .ofs_x = 3, .ofs_y = -3},
    {.bitmap_index = 14979, .adv_w = 272, .box_w = 15, .box_h = 15, .ofs_x = 1, .ofs_y = -3},
    {.bitmap_index = 15008, .adv_w = 264, .box_w = 13, .box_h = 15, .ofs_x = 2, .ofs_y = -3},
    {.bitmap_index = 15033, .adv_w = 264, .box_w = 11, .box_h = 15, .ofs_x = 3, .ofs_y = -3},
    {.bitmap_index = 15054, .adv_w = 264, .box_w = 12, .box_h = 15, .ofs_x = 2, .ofs_y = -3},
    {.bitmap_index = 15077, .adv_w = 264, .box_w = 12, .box_h = 15, .ofs_x = 2, .ofs_y = -3},
    {.bitmap_index = 15100, .adv_w = 264, .box_w = 14, .box_h = 15, .ofs_x = 1, .ofs_y = -3},
    {.bitmap_index = 15127, .adv_w = 264, .box_w = 11, .box_h = 15, .ofs_x = 3, .ofs_y = -3},
    {.bitmap_index = 15148, .adv_w = 264, .box_w = 12, .box_h = 15, .ofs_x = 2, .ofs_y = -3},
    {.bitmap_index = 15171, .adv_w = 264, .box_w = 13, .box_h = 15, .ofs_x = 2, .ofs_y = -3},
    {.bitmap_index = 15196, .adv_w = 272, .box_w = 15, .box_h = 15, .ofs_x = 1, .ofs_y = -3},
    {.bitmap_index = 15225, .adv_w = 272, .box_w = 15, .box_h = 15, .ofs_x = 1, .ofs_y = -3},
    {.bitmap_index = 15254, .adv_w = 264, .box_w = 14, .box_h = 15, .ofs_x = 1, .ofs_y = -3},
    {.bitmap_index = 15281, .adv_w = 272, .box_w = 16, .box_h = 15, .ofs_x = 0, .ofs_y = -3},
    {.bitmap_index = 15311, .adv_w = 272, .box_w = 15, .box_h = 15, .ofs_x = 1, .ofs_y = -3},
    {.bitmap_index = 15340, .adv_w = 304, .box_w = 18, .box_h = 15, .ofs_x = -1, .ofs_y = -3},
    {.bitmap_index = 15374, .adv_w = 272, .box_w = 16, .box_h = 15, .ofs_x = 0, .ofs_y = -3},
    {.bitmap_index = 15404, .adv_w = 264, .box_w = 13, .box_h = 15, .ofs_x = 2, .ofs_y = -3},
    {.bitmap_index = 15429, .adv_w = 264, .box_w = 14, .box_h = 15, .ofs_x = 1, .ofs_y = -3},
    {.bitmap_index = 15456, .adv_w = 264, .box_w = 11, .box_h = 15, .ofs_x = 3, .ofs_y = -3},
    {.bitmap_index = 15477, .adv_w = 264, .box_w = 12, .box_h = 15, .ofs_x = 2, .ofs_y = -3},
    {.bitmap_index = 15500, .adv_w = 264, .box_w = 10, .box_h = 15, .ofs_x = 3, .ofs_y = -3},
    {.bitmap_index = 15519, .adv_w = 272, .box_w = 15, .box_h = 15, .ofs_x = 1, .ofs_y = -3},
    {.bitmap_index = 15548, .adv_w = 272, .box_w = 16, .box_h = 15, .ofs_x = 0, .ofs_y = -3},
    {.bitmap_index = 15578, .adv_w = 288, .box_w = 17, .box_h = 15, .ofs_x = 0, .ofs_y = -3},
    {.bitmap_index = 15610, .adv_w = 264, .box_w = 9, .box_h = 15, .ofs_x = 4, .ofs_y = -3},
    {.bitmap_index = 15627, .adv_w = 264, .box_w = 13, .box_h = 12, .ofs_x = 1, .ofs_y = -2},
    {.bitmap_index = 15647, .adv_w = 272, .box_w = 16, .box_h = 15, .ofs_x = 0, .ofs_y = -3},
    {.bitmap_index = 15677, .adv_w = 272, .box_w = 15, .box_h = 15, .ofs_x = 1, .ofs_y = -3},
    {.bitmap_index = 15706, .adv_w = 288, .box_w = 17, .box_h = 13, .ofs_x = 0, .ofs_y = -2},
    {.bitmap_index = 15734, .adv_w = 264, .box_w = 13, .box_h = 15, .ofs_x = 2, .ofs_y = -3},
    {.bitmap_index = 15759, .adv_w = 288, .box_w = 17, .box_h = 15, .ofs_x = 0, .ofs_y = -3},
    {.bitmap_index = 15791, .adv_w = 304, .box_w = 18, .box_h = 15, .ofs_x = -1, .ofs_y = -3},
    {.bitmap_index = 15825, .adv_w = 264, .box_w = 14, .box_h = 15, .ofs_x = 1, .ofs_y = -3},
    {.bitmap_index = 15852, .adv_w = 304, .box_w = 18, .box_h = 15, .ofs_x = -1, .ofs_y = -3},
    {.bitmap_index = 15886, .adv_w = 272, .box_w = 16, .box_h = 16, .ofs_x = 0, .ofs_y = -4},
    {.bitmap_index = 15918, .adv_w = 288, .box_w = 16, .box_h = 15, .ofs_x = 1, .ofs_y = -3},
    {.bitmap_index = 15948, .adv_w = 288, .box_w = 17, .box_h = 15, .ofs_x = 0, .ofs_y = -3},
    {.bitmap_index = 15980, .adv_w = 272, .box_w = 16, .box_h = 15, .ofs_x = 0, .ofs_y = -3},
    {.bitmap_index = 16010, .adv_w = 288, .box_w = 17, .box_h = 15, .ofs_x = 0, .ofs_y = -3},
    {.bitmap_index = 16042, .adv_w = 272, .box_w = 16, .box_h = 15, .ofs_x = 0, .ofs_y = -3},
    {.bitmap_index = 16072, .adv_w = 264, .box_w = 14, .box_h = 15, .ofs_x = 1, .ofs_y = -3},
    {.bitmap_index = 16099, .adv_w = 272, .box_w = 16, .box_h = 15, .ofs_x = 0, .ofs_y = -3},
    {.bitmap_index = 16129, .adv_w = 288, .box_w = 17, .box_h = 15, .ofs_x = 0, .ofs_y = -3},
    {.bitmap_index = 16161, .adv_w = 272, .box_w = 16, .box_h = 15, .ofs_x = 0, .ofs_y = -3},
    {.bitmap_index = 16191, .adv_w = 288, .box_w = 17, .box_h = 15, .ofs_x = 0, .ofs_y = -3},
    {.bitmap_index = 16223, .adv_w = 288, .box_w = 17, .box_h = 15, .ofs_x = 0, .ofs_y = -3},
    {.bitmap_index = 16255, .adv_w = 272, .box_w = 16, .box_h = 15, .ofs_x = 0, .ofs_y = -3},
    {.bitmap_index = 16285, .adv_w = 272, .box_w = 15, .box_h = 15, .ofs_x = 1, .ofs_y = -3},
    {.bitmap_index = 16314, .adv_w = 272, .box_w = 15, .box_h = 15, .ofs_x = 1, .ofs_y = -3},
    {.bitmap_index = 16343, .adv_w = 264, .box_w = 11, .box_h = 15, .ofs_x = 3, .ofs_y = -3},
    {.bitmap_index = 16364, .adv_w = 272, .box_w = 15, .box_h = 15, .ofs_x = 1, .ofs_y = -3},
    {.bitmap_index = 16393, .adv_w = 264, .box_w = 13, .box_h = 14, .ofs_x = 2, .ofs_y = -3},
    {.bitmap_index = 16416, .adv_w = 272, .box_w = 15, .box_h = 12, .ofs_x = 1, .ofs_y = -1},
    {.bitmap_index = 16439, .adv_w = 272, .box_w = 15, .box_h = 14, .ofs_x = 1, .ofs_y = -2},
    {.bitmap_index = 16466, .adv_w = 272, .box_w = 15, .box_h = 15, .ofs_x = 1, .ofs_y = -3},
    {.bitmap_index = 16495, .adv_w = 264, .box_w = 11, .box_h = 15, .ofs_x = 3, .ofs_y = -3},
    {.bitmap_index = 16516, .adv_w = 288, .box_w = 17, .box_h = 15, .ofs_x = 0, .ofs_y = -3},
    {.bitmap_index = 16548, .adv_w = 272, .box_w = 15, .box_h = 15, .ofs_x = 1, .ofs_y = -3},
    {.bitmap_index = 16577, .adv_w = 272, .box_w = 15, .box_h = 15, .ofs_x = 1, .ofs_y = -3},
    {.bitmap_index = 16606, .adv_w = 272, .box_w = 15, .box_h = 15, .ofs_x = 1, .ofs_y = -3},
    {.bitmap_index = 16635, .adv_w = 264, .box_w = 14, .box_h = 13, .ofs_x = 1, .ofs_y = -2},
    {.bitmap_index = 16658, .adv_w = 272, .box_w = 16, .box_h = 15, .ofs_x = 0, .ofs_y = -3},
    {.bitmap_index = 16688, .adv_w = 264, .box_w = 15, .box_h = 15, .ofs_x = 0, .ofs_y = -3},
    {.bitmap_index = 16717, .adv_w = 272, .box_w = 15, .box_h = 15, .ofs_x = 1, .ofs_y = -3},
    {.bitmap_index = 16746, .adv_w = 264, .box_w = 14, .box_h = 15, .ofs_x = 1, .ofs_y = -3},
    {.bitmap_index = 16773, .adv_w = 264, .box_w = 14, .box_h = 15, .ofs_x = 1, .ofs_y = -3},
    {.bitmap_index = 16800, .adv_w = 264, .box_w = 9, .box_h = 15, .ofs_x = 4, .ofs_y = -3},
    {.bitmap_index = 16817, .adv_w = 288, .box_w = 17, .box_h = 13, .ofs_x = 0, .ofs_y = -2},
    {.bitmap_index = 16845, .adv_w = 288, .box_w = 17, .box_h = 13, .ofs_x = 0, .ofs_y = -2},
    {.bitmap_index = 16873, .adv_w = 288, .box_w = 17, .box_h = 13, .ofs_x = 0, .ofs_y = -2},
    {.bitmap_index = 16901, .adv_w = 288, .box_w = 17, .box_h = 13, .ofs_x = 0, .ofs_y = -2},
    {.bitmap_index = 16929, .adv_w = 288, .box_w = 17, .box_h = 13, .ofs_x = 0, .ofs_y = -2},
    {.bitmap_index = 16957, .adv_w = 288, .box_w = 17, .box_h = 15, .ofs_x = -1, .ofs_y = -3},
    {.bitmap_index = 16989, .adv_w = 272, .box_w = 15, .box_h = 15, .ofs_x = 1, .ofs_y = -3},
    {.bitmap_index = 17018, .adv_w = 264, .box_w = 12, .box_h = 15, .ofs_x = 2, .ofs_y = -3},
    {.bitmap_index = 17041, .adv_w = 288, .box_w = 17, .box_h = 13, .ofs_x = 0, .ofs_y = -2},
    {.bitmap_index = 17069, .adv_w = 288, .box_w = 17, .box_h = 15, .ofs_x = 0, .ofs_y = -3},
    {.bitmap_index = 17101, .adv_w = 272, .box_w = 16, .box_h = 15, .ofs_x = 0, .ofs_y = -3},
    {.bitmap_index = 17131, .adv_w = 272, .box_w = 15, .box_h = 15, .ofs_x = 1, .ofs_y = -3},
    {.bitmap_index = 17160, .adv_w = 272, .box_w = 16, .box_h = 15, .ofs_x = 0, .ofs_y = -3},
    {.bitmap_index = 17190, .adv_w = 272, .box_w = 15, .box_h = 15, .ofs_x = 1, .ofs_y = -3},
    {.bitmap_index = 17219, .adv_w = 272, .box_w = 16, .box_h = 15, .ofs_x = 0, .ofs_y = -3},
    {.bitmap_index = 17249, .adv_w = 288, .box_w = 17, .box_h = 15, .ofs_x = -1, .ofs_y = -3},
    {.bitmap_index = 17281, .adv_w = 264, .box_w = 14, .box_h = 15, .ofs_x = 1, .ofs_y = -3},
    {.bitmap_index = 17308, .adv_w = 264, .box_w = 13, .box_h = 15, .ofs_x = 2, .ofs_y = -3},
    {.bitmap_index = 17333, .adv_w = 272, .box_w = 15, .box_h = 15, .ofs_x = 1, .ofs_y = -3},
    {.bitmap_index = 17362, .adv_w = 272, .box_w = 16, .box_h = 15, .ofs_x = 0, .ofs_y = -3},
    {.bitmap_index = 17392, .adv_w = 288, .box_w = 17, .box_h = 15, .ofs_x = 0, .ofs_y = -3},
    {.bitmap_index = 17424, .adv_w = 272, .box_w = 16, .box_h = 15, .ofs_x = 0, .ofs_y = -3},
    {.bitmap_index = 17454, .adv_w = 272, .box_w = 16, .box_h = 15, .ofs_x = 0, .ofs_y = -3},
    {.bitmap_index = 17484, .adv_w = 272, .box_w = 16, .box_h = 15, .ofs_x = 0, .ofs_y = -3},
    {.bitmap_index = 17514, .adv_w = 264, .box_w = 12, .box_h = 15, .ofs_x = 2, .ofs_y = -3},
    {.bitmap_index = 17537, .adv_w = 272, .box_w = 15, .box_h = 15, .ofs_x = 1, .ofs_y = -3},
    {.bitmap_index = 17566, .adv_w = 264, .box_w = 9, .box_h = 16, .ofs_x = 4, .ofs_y = -4},
    {.bitmap_index = 17584, .adv_w = 272, .box_w = 16, .box_h = 15, .ofs_x = 0, .ofs_y = -3},
    {.bitmap_index = 17614, .adv_w = 272, .box_w = 15, .box_h = 15, .ofs_x = 1, .ofs_y = -3},
    {.bitmap_index = 17643, .adv_w = 264, .box_w = 15, .box_h = 15, .ofs_x = 0, .ofs_y = -3},
    {.bitmap_index = 17672, .adv_w = 264, .box_w = 14, .box_h = 15, .ofs_x = 1, .ofs_y = -3},
    {.bitmap_index = 17699, .adv_w = 264, .box_w = 14, .box_h = 15, .ofs_x = 1, .ofs_y = -3},
    {.bitmap_index = 17726, .adv_w = 264, .box_w = 14, .box_h = 15, .ofs_x = 1, .ofs_y = -3},
    {.bitmap_index = 17753, .adv_w = 264, .box_w = 14, .box_h = 15, .ofs_x = 1, .ofs_y = -3},
    {.bitmap_index = 17780, .adv_w = 264, .box_w = 14, .box_h = 15, .ofs_x = 1, .ofs_y = -3},
    {.bitmap_index = 17807, .adv_w = 288, .box_w = 17, .box_h = 14, .ofs_x = 0, .ofs_y = -3},
    {.bitmap_index = 17837, .adv_w = 264, .box_w = 14, .box_h = 15, .ofs_x = 1, .ofs_y = -3},
    {.bitmap_index = 17864, .adv_w = 264, .box_w = 14, .box_h = 15, .ofs_x = 1, .ofs_y = -3},
    {.bitmap_index = 17891, .adv_w = 264, .box_w = 14, .box_h = 15, .ofs_x = 1, .ofs_y = -3},
    {.bitmap_index = 17918, .adv_w = 288, .box_w = 16, .box_h = 15, .ofs_x = 1, .ofs_y = -3},
    {.bitmap_index = 17948, .adv_w = 272, .box_w = 15, .box_h = 15, .ofs_x = 1, .ofs_y = -3},
    {.bitmap_index = 17977, .adv_w = 272, .box_w = 16, .box_h = 15, .ofs_x = 0, .ofs_y = -3},
    {.bitmap_index = 18007, .adv_w = 272, .box_w = 16, .box_h = 15, .ofs_x = 0, .ofs_y = -3},
    {.bitmap_index = 18037, .adv_w = 272, .box_w = 16, .box_h = 15, .ofs_x = 0, .ofs_y = -3},
    {.bitmap_index = 18067, .adv_w = 272, .box_w = 16, .box_h = 11, .ofs_x = 0, .ofs_y = -1},
    {.bitmap_index = 18089, .adv_w = 272, .box_w = 16, .box_h = 15, .ofs_x = 0, .ofs_y = -3},
    {.bitmap_index = 18119, .adv_w = 272, .box_w = 15, .box_h = 15, .ofs_x = 1, .ofs_y = -3},
    {.bitmap_index = 18148, .adv_w = 272, .box_w = 16, .box_h = 15, .ofs_x = 0, .ofs_y = -3},
    {.bitmap_index = 18178, .adv_w = 288, .box_w = 17, .box_h = 15, .ofs_x = -1, .ofs_y = -3},
    {.bitmap_index = 18210, .adv_w = 272, .box_w = 15, .box_h = 15, .ofs_x = 1, .ofs_y = -3},
    {.bitmap_index = 18239, .adv_w = 272, .box_w = 15, .box_h = 15, .ofs_x = 1, .ofs_y = -3},
    {.bitmap_index = 18268, .adv_w = 272, .box_w = 15, .box_h = 15, .ofs_x = 1, .ofs_y = -3},
    {.bitmap_index = 18297, .adv_w = 288, .box_w = 17, .box_h = 13, .ofs_x = 0, .ofs_y = -2},
    {.bitmap_index = 18325, .adv_w = 272, .box_w = 16, .box_h = 11, .ofs_x = 0, .ofs_y = -1},
    {.bitmap_index = 18347, .adv_w = 264, .box_w = 14, .box_h = 15, .ofs_x = 1, .ofs_y = -3},
    {.bitmap_index = 18374, .adv_w = 272, .box_w = 16, .box_h = 13, .ofs_x = 0, .ofs_y = -3},
    {.bitmap_index = 18400, .adv_w = 272, .box_w = 16, .box_h = 15, .ofs_x = 0, .ofs_y = -3},
    {.bitmap_index = 18430, .adv_w = 272, .box_w = 15, .box_h = 15, .ofs_x = 1, .ofs_y = -3},
    {.bitmap_index = 18459, .adv_w = 272, .box_w = 16, .box_h = 13, .ofs_x = 0, .ofs_y = -3},
    {.bitmap_index = 18485, .adv_w = 264, .box_w = 13, .box_h = 15, .ofs_x = 2, .ofs_y = -3},
    {.bitmap_index = 18510, .adv_w = 272, .box_w = 16, .box_h = 13, .ofs_x = 0, .ofs_y = -2},
    {.bitmap_index = 18536, .adv_w = 272, .box_w = 16, .box_h = 13, .ofs_x = 0, .ofs_y = -2},
    {.bitmap_index = 18562, .adv_w = 264, .box_w = 11, .box_h = 15, .ofs_x = 3, .ofs_y = -3},
    {.bitmap_index = 18583, .adv_w = 272, .box_w = 15, .box_h = 15, .ofs_x = 1, .ofs_y = -3},
    {.bitmap_index = 18612, .adv_w = 272, .box_w = 15, .box_h = 15, .ofs_x = 1, .ofs_y = -3},
    {.bitmap_index = 18641, .adv_w = 272, .box_w = 15, .box_h = 15, .ofs_x = 1, .ofs_y = -3},
    {.bitmap_index = 18670, .adv_w = 272, .box_w = 16, .box_h = 15, .ofs_x = 0, .ofs_y = -3},
    {.bitmap_index = 18700, .adv_w = 272, .box_w = 15, .box_h = 15, .ofs_x = 1, .ofs_y = -3},
    {.bitmap_index = 18729, .adv_w = 288, .box_w = 17, .box_h = 14, .ofs_x = 0, .ofs_y = -3},
    {.bitmap_index = 18759, .adv_w = 288, .box_w = 17, .box_h = 14, .ofs_x = 0, .ofs_y = -3},
    {.bitmap_index = 18789, .adv_w = 288, .box_w = 17, .box_h = 15, .ofs_x = 0, .ofs_y = -3},
    {.bitmap_index = 18821, .adv_w = 272, .box_w = 16, .box_h = 15, .ofs_x = 0, .ofs_y = -3},
    {.bitmap_index = 18851, .adv_w = 304, .box_w = 18, .box_h = 15, .ofs_x = -1, .ofs_y = -3},
    {.bitmap_index = 18885, .adv_w = 272, .box_w = 16, .box_h = 11, .ofs_x = 0, .ofs_y = -1},
    {.bitmap_index = 18907, .adv_w = 288, .box_w = 17, .box_h = 15, .ofs_x = 0, .ofs_y = -3},
    {.bitmap_index = 18939, .adv_w = 320, .box_w = 19, .box_h = 15, .ofs_x = -1, .ofs_y = -3},
    {.bitmap_index = 18975, .adv_w = 272, .box_w = 16, .box_h = 15, .ofs_x = 0, .ofs_y = -3},
    {.bitmap_index = 19005, .adv_w = 272, .box_w = 15, .box_h = 15, .ofs_x = 1, .ofs_y = -3},
    {.bitmap_index = 19034, .adv_w = 272, .box_w = 16, .box_h = 15, .ofs_x = 0, .ofs_y = -3},
    {.bitmap_index = 19064, .adv_w = 272, .box_w = 15, .box_h = 15, .ofs_x = 1, .ofs_y = -3},
    {.bitmap_index = 19093, .adv_w = 272, .box_w = 15, .box_h = 15, .ofs_x = 1, .ofs_y = -3},
    {.bitmap_index = 19122, .adv_w = 272, .box_w = 15, .box_h = 15, .ofs_x = 1, .ofs_y = -3},
    {.bitmap_index = 19151, .adv_w = 272, .box_w = 15, .box_h = 15, .ofs_x = 1, .ofs_y = -3},
    {.bitmap_index = 19180, .adv_w = 272, .box_w = 16, .box_h = 15, .ofs_x = 0, .ofs_y = -3},
    {.bitmap_index = 19210, .adv_w = 272, .box_w = 16, .box_h = 15, .ofs_x = 0, .ofs_y = -3},
    {.bitmap_index = 19240, .adv_w = 272, .box_w = 16, .box_h = 15, .ofs_x = 0, .ofs_y = -3},
    {.bitmap_index = 19270, .adv_w = 272, .box_w = 16, .box_h = 16, .ofs_x = 0, .ofs_y = -3},
    {.bitmap_index = 19302, .adv_w = 264, .box_w = 9, .box_h = 15, .ofs_x = 4, .ofs_y = -3},
    {.bitmap_index = 19319, .adv_w = 272, .box_w = 15, .box_h = 15, .ofs_x = 1, .ofs_y = -3},
    {.bitmap_index = 19348, .adv_w = 272, .box_w = 16, .box_h = 15, .ofs_x = 0, .ofs_y = -3},
    {.bitmap_index = 19378, .adv_w = 272, .box_w = 16, .box_h = 15, .ofs_x = 0, .ofs_y = -3},
    {.bitmap_index = 19408, .adv_w = 272, .box_w = 15, .box_h = 15, .ofs_x = 1, .ofs_y = -3},
    {.bitmap_index = 19437, .adv_w = 272, .box_w = 15, .box_h = 15, .ofs_x = 1, .ofs_y = -3},
    {.bitmap_index = 19466, .adv_w = 272, .box_w = 16, .box_h = 15, .ofs_x = 0, .ofs_y = -3},
    {.bitmap_index = 19496, .adv_w = 264, .box_w = 11, .box_h = 15, .ofs_x = 3, .ofs_y = -3},
    {.bitmap_index = 19517, .adv_w = 264, .box_w = 11, .box_h = 15, .ofs_x = 3, .ofs_y = -3},
    {.bitmap_index = 19538, .adv_w = 272, .box_w = 15, .box_h = 15, .ofs_x = 1, .ofs_y = -3},
    {.bitmap_index = 19567, .adv_w = 272, .box_w = 16, .box_h = 15, .ofs_x = 0, .ofs_y = -3},
    {.bitmap_index = 19597, .adv_w = 272, .box_w = 16, .box_h = 15, .ofs_x = 0, .ofs_y = -3},
    {.bitmap_index = 19627, .adv_w = 272, .box_w = 16, .box_h = 15, .ofs_x = 0, .ofs_y = -3},
    {.bitmap_index = 19657, .adv_w = 272, .box_w = 16, .box_h = 15, .ofs_x = 0, .ofs_y = -3},
    {.bitmap_index = 19687, .adv_w = 272, .box_w = 15, .box_h = 15, .ofs_x = 1, .ofs_y = -3},
    {.bitmap_index = 19716, .adv_w = 272, .box_w = 16, .box_h = 15, .ofs_x = 0, .ofs_y = -3},
    {.bitmap_index = 19746, .adv_w = 272, .box_w = 15, .box_h = 15, .ofs_x = 1, .ofs_y = -3},
    {.bitmap_index = 19775, .adv_w = 272, .box_w = 15, .box_h = 15, .ofs_x = 1, .ofs_y = -3},
    {.bitmap_index = 19804, .adv_w = 272, .box_w = 16, .box_h = 15, .ofs_x = 0, .ofs_y = -3},
    {.bitmap_index = 19834, .adv_w = 272, .box_w = 16, .box_h = 15, .ofs_x = 0, .ofs_y = -3},
    {.bitmap_index = 19864, .adv_w = 272, .box_w = 16, .box_h = 15, .ofs_x = 0, .ofs_y = -3},
    {.bitmap_index = 19894, .adv_w = 272, .box_w = 16, .box_h = 15, .ofs_x = 0, .ofs_y = -3},
    {.bitmap_index = 19924, .adv_w = 272, .box_w = 16, .box_h = 15, .ofs_x = 0, .ofs_y = -3},
    {.bitmap_index = 19954, .adv_w = 272, .box_w = 15, .box_h = 15, .ofs_x = 1, .ofs_y = -3},
    {.bitmap_index = 19983, .adv_w = 272, .box_w = 15, .box_h = 15, .ofs_x = 1, .ofs_y = -3},
    {.bitmap_index = 20012, .adv_w = 272, .box_w = 16, .box_h = 15, .ofs_x = 0, .ofs_y = -3},
    {.bitmap_index = 20042, .adv_w = 264, .box_w = 12, .box_h = 15, .ofs_x = 2, .ofs_y = -3},
    {.bitmap_index = 20065, .adv_w = 272, .box_w = 15, .box_h = 15, .ofs_x = 1, .ofs_y = -3},
    {.bitmap_index = 20094, .adv_w = 272, .box_w = 15, .box_h = 15, .ofs_x = 1, .ofs_y = -3},
    {.bitmap_index = 20123, .adv_w = 288, .box_w = 16, .box_h = 15, .ofs_x = 1, .ofs_y = -3},
    {.bitmap_index = 20153, .adv_w = 272, .box_w = 15, .box_h = 15, .ofs_x = 1, .ofs_y = -3},
    {.bitmap_index = 20182, .adv_w = 272, .box_w = 16, .box_h = 15, .ofs_x = 0, .ofs_y = -3},
    {.bitmap_index = 20212, .adv_w = 304, .box_w = 18, .box_h = 14, .ofs_x = -1, .ofs_y = -3},
    {.bitmap_index = 20244, .adv_w = 264, .box_w = 14, .box_h = 15, .ofs_x = 1, .ofs_y = -3},
    {.bitmap_index = 20271, .adv_w = 272, .box_w = 16, .box_h = 15, .ofs_x = 0, .ofs_y = -3},
    {.bitmap_index = 20301, .adv_w = 264, .box_w = 13, .box_h = 15, .ofs_x = 2, .ofs_y = -3},
    {.bitmap_index = 20326, .adv_w = 272, .box_w = 15, .box_h = 15, .ofs_x = 1, .ofs_y = -3},
    {.bitmap_index = 20355, .adv_w = 264, .box_w = 14, .box_h = 15, .ofs_x = 1, .ofs_y = -3},
    {.bitmap_index = 20382, .adv_w = 272, .box_w = 15, .box_h = 15, .ofs_x = 1, .ofs_y = -3},
    {.bitmap_index = 20411, .adv_w = 272, .box_w = 16, .box_h = 15, .ofs_x = 0, .ofs_y = -3},
    {.bitmap_index = 20441, .adv_w = 272, .box_w = 16, .box_h = 15, .ofs_x = 0, .ofs_y = -3},
    {.bitmap_index = 20471, .adv_w = 272, .box_w = 16, .box_h = 15, .ofs_x = 0, .ofs_y = -3},
    {.bitmap_index = 20501, .adv_w = 272, .box_w = 15, .box_h = 15, .ofs_x = 1, .ofs_y = -3},
    {.bitmap_index = 20530, .adv_w = 272, .box_w = 16, .box_h = 15, .ofs_x = 0, .ofs_y = -3},
    {.bitmap_index = 20560, .adv_w = 272, .box_w = 16, .box_h = 15, .ofs_x = 0, .ofs_y = -3},
    {.bitmap_index = 20590, .adv_w = 264, .box_w = 7, .box_h = 7, .ofs_x = 5, .ofs_y = 1},
    {.bitmap_index = 20597, .adv_w = 264, .box_w = 7, .box_h = 7, .ofs_x = 5, .ofs_y = 1},
    {.bitmap_index = 20604, .adv_w = 264, .box_w = 10, .box_h = 9, .ofs_x = 3, .ofs_y = 0},
    {.bitmap_index = 20616, .adv_w = 264, .box_w = 10, .box_h = 9, .ofs_x = 3, .ofs_y = 0},
    {.bitmap_index = 20628, .adv_w = 272, .box_w = 15, .box_h = 15, .ofs_x = 1, .ofs_y = -3},
    {.bitmap_index = 20657, .adv_w = 272, .box_w = 15, .box_h = 15, .ofs_x = 1, .ofs_y = -3},
    {.bitmap_index = 20686, .adv_w = 272, .box_w = 15, .box_h = 15, .ofs_x = 1, .ofs_y = -3},
    {.bitmap_index = 20715, .adv_w = 288, .box_w = 17, .box_h = 15, .ofs_x = 0, .ofs_y = -3},
    {.bitmap_index = 20747, .adv_w = 272, .box_w = 16, .box_h = 15, .ofs_x = 0, .ofs_y = -3},
    {.bitmap_index = 20777, .adv_w = 272, .box_w = 16, .box_h = 16, .ofs_x = 0, .ofs_y = -4},
    {.bitmap_index = 20809, .adv_w = 264, .box_w = 14, .box_h = 16, .ofs_x = 1, .ofs_y = -4},
    {.bitmap_index = 20837, .adv_w = 272, .box_w = 16, .box_h = 15, .ofs_x = 0, .ofs_y = -3},
    {.bitmap_index = 20867, .adv_w = 272, .box_w = 15, .box_h = 15, .ofs_x = 1, .ofs_y = -3},
    {.bitmap_index = 20896, .adv_w = 272, .box_w = 15, .box_h = 15, .ofs_x = 1, .ofs_y = -3},
    {.bitmap_index = 20925, .adv_w = 272, .box_w = 15, .box_h = 15, .ofs_x = 1, .ofs_y = -3},
    {.bitmap_index = 20954, .adv_w = 272, .box_w = 15, .box_h = 15, .ofs_x = 1, .ofs_y = -3},
    {.bitmap_index = 20983, .adv_w = 272, .box_w = 15, .box_h = 15, .ofs_x = 1, .ofs_y = -3},
    {.bitmap_index = 21012, .adv_w = 272, .box_w = 15, .box_h = 15, .ofs_x = 1, .ofs_y = -3},
    {.bitmap_index = 21041, .adv_w = 272, .box_w = 15, .box_h = 15, .ofs_x = 1, .ofs_y = -3},
    {.bitmap_index = 21070, .adv_w = 272, .box_w = 15, .box_h = 15, .ofs_x = 1, .ofs_y = -3},
    {.bitmap_index = 21099, .adv_w = 272, .box_w = 15, .box_h = 15, .ofs_x = 1, .ofs_y = -3},
    {.bitmap_index = 21128, .adv_w = 272, .box_w = 15, .box_h = 15, .ofs_x = 1, .ofs_y = -3},
    {.bitmap_index = 21157, .adv_w = 272, .box_w = 15, .box_h = 15, .ofs_x = 1, .ofs_y = -3},
    {.bitmap_index = 21186, .adv_w = 272, .box_w = 15, .box_h = 15, .ofs_x = 1, .ofs_y = -3},
    {.bitmap_index = 21215, .adv_w = 272, .box_w = 15, .box_h = 15, .ofs_x = 1, .ofs_y = -3},
    {.bitmap_index = 21244, .adv_w = 272, .box_w = 15, .box_h = 15, .ofs_x = 1, .ofs_y = -3},
    {.bitmap_index = 21273, .adv_w = 272, .box_w = 15, .box_h = 15, .ofs_x = 1, .ofs_y = -3},
    {.bitmap_index = 21302, .adv_w = 272, .box_w = 15, .box_h = 15, .ofs_x = 1, .ofs_y = -3},
    {.bitmap_index = 21331, .adv_w = 272, .box_w = 15, .box_h = 15, .ofs_x = 1, .ofs_y = -3},
    {.bitmap_index = 21360, .adv_w = 272, .box_w = 15, .box_h = 15, .ofs_x = 1, .ofs_y = -3},
    {.bitmap_index = 21389, .adv_w = 272, .box_w = 15, .box_h = 15, .ofs_x = 1, .ofs_y = -3},
    {.bitmap_index = 21418, .adv_w = 272, .box_w = 15, .box_h = 15, .ofs_x = 1, .ofs_y = -3},
    {.bitmap_index = 21447, .adv_w = 272, .box_w = 15, .box_h = 15, .ofs_x = 1, .ofs_y = -3},
    {.bitmap_index = 21476, .adv_w = 272, .box_w = 15, .box_h = 15, .ofs_x = 1, .ofs_y = -3},
    {.bitmap_index = 21505, .adv_w = 272, .box_w = 15, .box_h = 15, .ofs_x = 1, .ofs_y = -3},
    {.bitmap_index = 21534, .adv_w = 272, .box_w = 15, .box_h = 15, .ofs_x = 1, .ofs_y = -3},
    {.bitmap_index = 21563, .adv_w = 264, .box_w = 8, .box_h = 15, .ofs_x = 4, .ofs_y = -3},
    {.bitmap_index = 21578, .adv_w = 288, .box_w = 17, .box_h = 15, .ofs_x = 0, .ofs_y = -3},
    {.bitmap_index = 21610, .adv_w = 272, .box_w = 16, .box_h = 9, .ofs_x = 0, .ofs_y = 0},
    {.bitmap_index = 21628, .adv_w = 264, .box_w = 6, .box_h = 15, .ofs_x = 5, .ofs_y = -3},
    {.bitmap_index = 21640, .adv_w = 272, .box_w = 16, .box_h = 15, .ofs_x = 0, .ofs_y = -3},
    {.bitmap_index = 21670, .adv_w = 288, .box_w = 17, .box_h = 7, .ofs_x = 0, .ofs_y = 1},
    {.bitmap_index = 21685, .adv_w = 288, .box_w = 17, .box_h = 14, .ofs_x = 0, .ofs_y = -2},
    {.bitmap_index = 21715, .adv_w = 264, .box_w = 13, .box_h = 14, .ofs_x = 2, .ofs_y = -3},
    {.bitmap_index = 21738, .adv_w = 264, .box_w = 14, .box_h = 15, .ofs_x = 1, .ofs_y = -3},
    {.bitmap_index = 21765, .adv_w = 264, .box_w = 12, .box_h = 15, .ofs_x = 2, .ofs_y = -3},
    {.bitmap_index = 21788, .adv_w = 272, .box_w = 15, .box_h = 15, .ofs_x = 1, .ofs_y = -3},
    {.bitmap_index = 21817, .adv_w = 272, .box_w = 15, .box_h = 15, .ofs_x = 1, .ofs_y = -3},
    {.bitmap_index = 21846, .adv_w = 272, .box_w = 15, .box_h = 15, .ofs_x = 1, .ofs_y = -3},
    {.bitmap_index = 21875, .adv_w = 272, .box_w = 16, .box_h = 15, .ofs_x = 0, .ofs_y = -3},
    {.bitmap_index = 21905, .adv_w = 272, .box_w = 16, .box_h = 15, .ofs_x = 0, .ofs_y = -3},
    {.bitmap_index = 21935, .adv_w = 264, .box_w = 14, .box_h = 15, .ofs_x = 1, .ofs_y = -3},
    {.bitmap_index = 21962, .adv_w = 264, .box_w = 11, .box_h = 15, .ofs_x = 3, .ofs_y = -3},
    {.bitmap_index = 21983, .adv_w = 264, .box_w = 14, .box_h = 15, .ofs_x = 1, .ofs_y = -3},
    {.bitmap_index = 22010, .adv_w = 272, .box_w = 16, .box_h = 15, .ofs_x = 0, .ofs_y = -3},
    {.bitmap_index = 22040, .adv_w = 264, .box_w = 14, .box_h = 15, .ofs_x = 1, .ofs_y = -3},
    {.bitmap_index = 22067, .adv_w = 272, .box_w = 16, .box_h = 15, .ofs_x = 0, .ofs_y = -3},
    {.bitmap_index = 22097, .adv_w = 264, .box_w = 11, .box_h = 15, .ofs_x = 3, .ofs_y = -3},
    {.bitmap_index = 22118, .adv_w = 272, .box_w = 15, .box_h = 15, .ofs_x = 1, .ofs_y = -3},
    {.bitmap_index = 22147, .adv_w = 272, .box_w = 16, .box_h = 15, .ofs_x = 0, .ofs_y = -3},
    {.bitmap_index = 22177, .adv_w = 272, .box_w = 16, .box_h = 15, .ofs_x = 0, .ofs_y = -3},
    {.bitmap_index = 22207, .adv_w = 272, .box_w = 16, .box_h = 15, .ofs_x = 0, .ofs_y = -3},
    {.bitmap_index = 22237, .adv_w = 272, .box_w = 15, .box_h = 15, .ofs_x = 1, .ofs_y = -3},
    {.bitmap_index = 22266, .adv_w = 264, .box_w = 14, .box_h = 15, .ofs_x = 1, .ofs_y = -3},
    {.bitmap_index = 22293, .adv_w = 264, .box_w = 13, .box_h = 15, .ofs_x = 2, .ofs_y = -3},
    {.bitmap_index = 22318, .adv_w = 272, .box_w = 16, .box_h = 15, .ofs_x = 0, .ofs_y = -3},
    {.bitmap_index = 22348, .adv_w = 264, .box_w = 13, .box_h = 15, .ofs_x = 2, .ofs_y = -3},
    {.bitmap_index = 22373, .adv_w = 272, .box_w = 15, .box_h = 15, .ofs_x = 1, .ofs_y = -3},
    {.bitmap_index = 22402, .adv_w = 288, .box_w = 17, .box_h = 15, .ofs_x = 0, .ofs_y = -3},
    {.bitmap_index = 22434, .adv_w = 272, .box_w = 15, .box_h = 15, .ofs_x = 1, .ofs_y = -3},
    {.bitmap_index = 22463, .adv_w = 272, .box_w = 16, .box_h = 15, .ofs_x = 0, .ofs_y = -3},
    {.bitmap_index = 22493, .adv_w = 264, .box_w = 14, .box_h = 13, .ofs_x = 1, .ofs_y = -2},
    {.bitmap_index = 22516, .adv_w = 264, .box_w = 14, .box_h = 15, .ofs_x = 1, .ofs_y = -3},
    {.bitmap_index = 22543, .adv_w = 272, .box_w = 16, .box_h = 15, .ofs_x = 0, .ofs_y = -3},
    {.bitmap_index = 22573, .adv_w = 288, .box_w = 17, .box_h = 14, .ofs_x = 0, .ofs_y = -3},
    {.bitmap_index = 22603, .adv_w = 304, .box_w = 18, .box_h = 13, .ofs_x = -1, .ofs_y = -2},
    {.bitmap_index = 22633, .adv_w = 264, .box_w = 10, .box_h = 15, .ofs_x = 3, .ofs_y = -3},
    {.bitmap_index = 22652, .adv_w = 264, .box_w = 10, .box_h = 12, .ofs_x = 3, .ofs_y = -2},
    {.bitmap_index = 22667, .adv_w = 272, .box_w = 15, .box_h = 15, .ofs_x = 1, .ofs_y = -3},
    {.bitmap_index = 22696, .adv_w = 264, .box_w = 12, .box_h = 15, .ofs_x = 2, .ofs_y = -3},
    {.bitmap_index = 22719, .adv_w = 272, .box_w = 16, .box_h = 15, .ofs_x = 0, .ofs_y = -3},
    {.bitmap_index = 22749, .adv_w = 272, .box_w = 16, .box_h = 15, .ofs_x = 0, .ofs_y = -3},
    {.bitmap_index = 22779, .adv_w = 304, .box_w = 18, .box_h = 15, .ofs_x = -1, .ofs_y = -3},
    {.bitmap_index = 22813, .adv_w = 272, .box_w = 16, .box_h = 15, .ofs_x = 0, .ofs_y = -3},
    {.bitmap_index = 22843, .adv_w = 272, .box_w = 16, .box_h = 15, .ofs_x = 0, .ofs_y = -3},
    {.bitmap_index = 22873, .adv_w = 288, .box_w = 17, .box_h = 15, .ofs_x = 0, .ofs_y = -3},
    {.bitmap_index = 22905, .adv_w = 272, .box_w = 16, .box_h = 15, .ofs_x = 0, .ofs_y = -3},
    {.bitmap_index = 22935, .adv_w = 272, .box_w = 15, .box_h = 15, .ofs_x = 1, .ofs_y = -3},
    {.bitmap_index = 22964, .adv_w = 272, .box_w = 16, .box_h = 15, .ofs_x = 0, .ofs_y = -3},
    {.bitmap_index = 22994, .adv_w = 272, .box_w = 16, .box_h = 15, .ofs_x = 0, .ofs_y = -3},
    {.bitmap_index = 23024, .adv_w = 272, .box_w = 16, .box_h = 15, .ofs_x = 0, .ofs_y = -3},
    {.bitmap_index = 23054, .adv_w = 272, .box_w = 16, .box_h = 15, .ofs_x = 0, .ofs_y = -3},
    {.bitmap_index = 23084, .adv_w = 272, .box_w = 16, .box_h = 15, .ofs_x = 0, .ofs_y = -3},
    {.bitmap_index = 23114, .adv_w = 272, .box_w = 16, .box_h = 15, .ofs_x = 0, .ofs_y = -3},
    {.bitmap_index = 23144, .adv_w = 272, .box_w = 16, .box_h = 15, .ofs_x = 0, .ofs_y = -3},
    {.bitmap_index = 23174, .adv_w = 272, .box_w = 16, .box_h = 15, .ofs_x = 0, .ofs_y = -3},
    {.bitmap_index = 23204, .adv_w = 272, .box_w = 16, .box_h = 15, .ofs_x = 0, .ofs_y = -3},
    {.bitmap_index = 23234, .adv_w = 272, .box_w = 16, .box_h = 15, .ofs_x = 0, .ofs_y = -3},
    {.bitmap_index = 23264, .adv_w = 272, .box_w = 16, .box_h = 15, .ofs_x = 0, .ofs_y = -3},
    {.bitmap_index = 23294, .adv_w = 272, .box_w = 16, .box_h = 15, .ofs_x = 0, .ofs_y = -3},
    {.bitmap_index = 23324, .adv_w = 272, .box_w = 16, .box_h = 15, .ofs_x = 0, .ofs_y = -3},
    {.bitmap_index = 23354, .adv_w = 272, .box_w = 16, .box_h = 15, .ofs_x = 0, .ofs_y = -3},
    {.bitmap_index = 23384, .adv_w = 272, .box_w = 16, .box_h = 15, .ofs_x = 0, .ofs_y = -3},
    {.bitmap_index = 23414, .adv_w = 272, .box_w = 16, .box_h = 15, .ofs_x = 0, .ofs_y = -3},
    {.bitmap_index = 23444, .adv_w = 272, .box_w = 16, .box_h = 15, .ofs_x = 0, .ofs_y = -3},
    {.bitmap_index = 23474, .adv_w = 272, .box_w = 16, .box_h = 15, .ofs_x = 0, .ofs_y = -3},
    {.bitmap_index = 23504, .adv_w = 272, .box_w = 16, .box_h = 15, .ofs_x = 0, .ofs_y = -3},
    {.bitmap_index = 23534, .adv_w = 272, .box_w = 16, .box_h = 16, .ofs_x = 0, .ofs_y = -4},
    {.bitmap_index = 23566, .adv_w = 272, .box_w = 16, .box_h = 16, .ofs_x = 0, .ofs_y = -4},
    {.bitmap_index = 23598, .adv_w = 272, .box_w = 16, .box_h = 16, .ofs_x = 0, .ofs_y = -4},
    {.bitmap_index = 23630, .adv_w = 272, .box_w = 16, .box_h = 15, .ofs_x = 0, .ofs_y = -3},
    {.bitmap_index = 23660, .adv_w = 272, .box_w = 16, .box_h = 15, .ofs_x = 0, .ofs_y = -3},
    {.bitmap_index = 23690, .adv_w = 272, .box_w = 16, .box_h = 15, .ofs_x = 0, .ofs_y = -3},
    {.bitmap_index = 23720, .adv_w = 272, .box_w = 16, .box_h = 15, .ofs_x = 0, .ofs_y = -3},
    {.bitmap_index = 23750, .adv_w = 272, .box_w = 16, .box_h = 15, .ofs_x = 0, .ofs_y = -3},
    {.bitmap_index = 23780, .adv_w = 272, .box_w = 16, .box_h = 15, .ofs_x = 0, .ofs_y = -3},
    {.bitmap_index = 23810, .adv_w = 272, .box_w = 16, .box_h = 15, .ofs_x = 0, .ofs_y = -3},
    {.bitmap_index = 23840, .adv_w = 272, .box_w = 16, .box_h = 15, .ofs_x = 0, .ofs_y = -3},
    {.bitmap_index = 23870, .adv_w = 272, .box_w = 16, .box_h = 15, .ofs_x = 0, .ofs_y = -3},
    {.bitmap_index = 23900, .adv_w = 272, .box_w = 16, .box_h = 15, .ofs_x = 0, .ofs_y = -3},
    {.bitmap_index = 23930, .adv_w = 272, .box_w = 16, .box_h = 15, .ofs_x = 0, .ofs_y = -3},
    {.bitmap_index = 23960, .adv_w = 272, .box_w = 16, .box_h = 15, .ofs_x = 0, .ofs_y = -3},
    {.bitmap_index = 23990, .adv_w = 272, .box_w = 16, .box_h = 15, .ofs_x = 0, .ofs_y = -3},
    {.bitmap_index = 24020, .adv_w = 272, .box_w = 16, .box_h = 15, .ofs_x = 0, .ofs_y = -3},
    {.bitmap_index = 24050, .adv_w = 272, .box_w = 16, .box_h = 15, .ofs_x = 0, .ofs_y = -3},
    {.bitmap_index = 24080, .adv_w = 272, .box_w = 16, .box_h = 16, .ofs_x = 0, .ofs_y = -4},
    {.bitmap_index = 24112, .adv_w = 272, .box_w = 16, .box_h = 15, .ofs_x = 0, .ofs_y = -3},
    {.bitmap_index = 24142, .adv_w = 272, .box_w = 16, .box_h = 15, .ofs_x = 0, .ofs_y = -3},
    {.bitmap_index = 24172, .adv_w = 288, .box_w = 17, .box_h = 15, .ofs_x = 0, .ofs_y = -3},
    {.bitmap_index = 24204, .adv_w = 288, .box_w = 17, .box_h = 16, .ofs_x = 0, .ofs_y = -4},
    {.bitmap_index = 24238, .adv_w = 272, .box_w = 16, .box_h = 15, .ofs_x = 0, .ofs_y = -3},
    {.bitmap_index = 24268, .adv_w = 272, .box_w = 16, .box_h = 15, .ofs_x = 0, .ofs_y = -3},
    {.bitmap_index = 24298, .adv_w = 272, .box_w = 16, .box_h = 15, .ofs_x = 0, .ofs_y = -3},
    {.bitmap_index = 24328, .adv_w = 272, .box_w = 16, .box_h = 15, .ofs_x = 0, .ofs_y = -3},
    {.bitmap_index = 24358, .adv_w = 272, .box_w = 16, .box_h = 15, .ofs_x = 0, .ofs_y = -3},
    {.bitmap_index = 24388, .adv_w = 272, .box_w = 16, .box_h = 15, .ofs_x = 0, .ofs_y = -3},
    {.bitmap_index = 24418, .adv_w = 272, .box_w = 16, .box_h = 15, .ofs_x = 0, .ofs_y = -3},
    {.bitmap_index = 24448, .adv_w = 272, .box_w = 16, .box_h = 15, .ofs_x = 0, .ofs_y = -3},
    {.bitmap_index = 24478, .adv_w = 272, .box_w = 16, .box_h = 15, .ofs_x = 0, .ofs_y = -3},
    {.bitmap_index = 24508, .adv_w = 272, .box_w = 16, .box_h = 15, .ofs_x = 0, .ofs_y = -3},
    {.bitmap_index = 24538, .adv_w = 272, .box_w = 16, .box_h = 15, .ofs_x = 0, .ofs_y = -3},
    {.bitmap_index = 24568, .adv_w = 272, .box_w = 16, .box_h = 15, .ofs_x = 0, .ofs_y = -3},
    {.bitmap_index = 24598, .adv_w = 272, .box_w = 16, .box_h = 15, .ofs_x = 0, .ofs_y = -3},
    {.bitmap_index = 24628, .adv_w = 288, .box_w = 16, .box_h = 14, .ofs_x = 1, .ofs_y = -3},
    {.bitmap_index = 24656, .adv_w = 272, .box_w = 16, .box_h = 15, .ofs_x = 0, .ofs_y = -3},
    {.bitmap_index = 24686, .adv_w = 272, .box_w = 16, .box_h = 15, .ofs_x = 0, .ofs_y = -3},
    {.bitmap_index = 24716, .adv_w = 272, .box_w = 16, .box_h = 15, .ofs_x = 0, .ofs_y = -3},
    {.bitmap_index = 24746, .adv_w = 272, .box_w = 16, .box_h = 15, .ofs_x = 0, .ofs_y = -3},
    {.bitmap_index = 24776, .adv_w = 272, .box_w = 16, .box_h = 15, .ofs_x = 0, .ofs_y = -3},
    {.bitmap_index = 24806, .adv_w = 288, .box_w = 17, .box_h = 13, .ofs_x = 0, .ofs_y = -2},
    {.bitmap_index = 24834, .adv_w = 272, .box_w = 16, .box_h = 15, .ofs_x = 0, .ofs_y = -3},
    {.bitmap_index = 24864, .adv_w = 304, .box_w = 18, .box_h = 14, .ofs_x = -1, .ofs_y = -3},
    {.bitmap_index = 24896, .adv_w = 304, .box_w = 18, .box_h = 15, .ofs_x = -1, .ofs_y = -3},
    {.bitmap_index = 24930, .adv_w = 304, .box_w = 18, .box_h = 15, .ofs_x = -1, .ofs_y = -3},
    {.bitmap_index = 24964, .adv_w = 272, .box_w = 16, .box_h = 15, .ofs_x = 0, .ofs_y = -3},
    {.bitmap_index = 24994, .adv_w = 264, .box_w = 13, .box_h = 15, .ofs_x = 2, .ofs_y = -3},
    {.bitmap_index = 25019, .adv_w = 288, .box_w = 17, .box_h = 15, .ofs_x = 0, .ofs_y = -3},
    {.bitmap_index = 25051, .adv_w = 272, .box_w = 16, .box_h = 13, .ofs_x = 0, .ofs_y = -2},
    {.bitmap_index = 25077, .adv_w = 288, .box_w = 17, .box_h = 13, .ofs_x = 0, .ofs_y = -2},
    {.bitmap_index = 25105, .adv_w = 264, .box_w = 13, .box_h = 15, .ofs_x = 2, .ofs_y = -3},
    {.bitmap_index = 25130, .adv_w = 272, .box_w = 15, .box_h = 15, .ofs_x = 1, .ofs_y = -3},
    {.bitmap_index = 25159, .adv_w = 288, .box_w = 17, .box_h = 14, .ofs_x = 0, .ofs_y = -3},
    {.bitmap_index = 25189, .adv_w = 288, .box_w = 17, .box_h = 15, .ofs_x = 0, .ofs_y = -3},
    {.bitmap_index = 25221, .adv_w = 288, .box_w = 17, .box_h = 13, .ofs_x = 0, .ofs_y = -2},
    {.bitmap_index = 25249, .adv_w = 272, .box_w = 16, .box_h = 15, .ofs_x = 0, .ofs_y = -3},
    {.bitmap_index = 25279, .adv_w = 272, .box_w = 16, .box_h = 15, .ofs_x = 0, .ofs_y = -3},
    {.bitmap_index = 25309, .adv_w = 264, .box_w = 12, .box_h = 15, .ofs_x = 2, .ofs_y = -3},
    {.bitmap_index = 25332, .adv_w = 272, .box_w = 16, .box_h = 15, .ofs_x = 0, .ofs_y = -3},
    {.bitmap_index = 25362, .adv_w = 272, .box_w = 15, .box_h = 15, .ofs_x = 1, .ofs_y = -3},
    {.bitmap_index = 25391, .adv_w = 272, .box_w = 16, .box_h = 15, .ofs_x = 0, .ofs_y = -3},
    {.bitmap_index = 25421, .adv_w = 264, .box_w = 13, .box_h = 15, .ofs_x = 2, .ofs_y = -3},
    {.bitmap_index = 25446, .adv_w = 272, .box_w = 15, .box_h = 15, .ofs_x = 1, .ofs_y = -3},
    {.bitmap_index = 25475, .adv_w = 288, .box_w = 17, .box_h = 13, .ofs_x = 0, .ofs_y = -2},
    {.bitmap_index = 25503, .adv_w = 272, .box_w = 16, .box_h = 15, .ofs_x = 0, .ofs_y = -3},
    {.bitmap_index = 25533, .adv_w = 272, .box_w = 16, .box_h = 15, .ofs_x = 0, .ofs_y = -3},
    {.bitmap_index = 25563, .adv_w = 264, .box_w = 14, .box_h = 15, .ofs_x = 1, .ofs_y = -3},
    {.bitmap_index = 25590, .adv_w = 288, .box_w = 17, .box_h = 15, .ofs_x = -1, .ofs_y = -3},
    {.bitmap_index = 25622, .adv_w = 304, .box_w = 18, .box_h = 15, .ofs_x = -1, .ofs_y = -3},
    {.bitmap_index = 25656, .adv_w = 288, .box_w = 17, .box_h = 15, .ofs_x = 0, .ofs_y = -3},
    {.bitmap_index = 25688, .adv_w = 304, .box_w = 18, .box_h = 14, .ofs_x = -1, .ofs_y = -3},
    {.bitmap_index = 25720, .adv_w = 272, .box_w = 16, .box_h = 15, .ofs_x = 0, .ofs_y = -3},
    {.bitmap_index = 25750, .adv_w = 288, .box_w = 17, .box_h = 13, .ofs_x = 0, .ofs_y = -2},
    {.bitmap_index = 25778, .adv_w = 272, .box_w = 15, .box_h = 15, .ofs_x = 1, .ofs_y = -3},
    {.bitmap_index = 25807, .adv_w = 288, .box_w = 17, .box_h = 11, .ofs_x = 0, .ofs_y = -1},
    {.bitmap_index = 25831, .adv_w = 288, .box_w = 17, .box_h = 15, .ofs_x = -1, .ofs_y = -3},
    {.bitmap_index = 25863, .adv_w = 304, .box_w = 18, .box_h = 13, .ofs_x = -1, .ofs_y = -2},
    {.bitmap_index = 25893, .adv_w = 288, .box_w = 17, .box_h = 15, .ofs_x = 0, .ofs_y = -3},
    {.bitmap_index = 25925, .adv_w = 288, .box_w = 17, .box_h = 13, .ofs_x = 0, .ofs_y = -2},
    {.bitmap_index = 25953, .adv_w = 304, .box_w = 18, .box_h = 15, .ofs_x = -1, .ofs_y = -3},
    {.bitmap_index = 25987, .adv_w = 272, .box_w = 16, .box_h = 15, .ofs_x = 0, .ofs_y = -3},
    {.bitmap_index = 26017, .adv_w = 272, .box_w = 15, .box_h = 15, .ofs_x = 1, .ofs_y = -3},
    {.bitmap_index = 26046, .adv_w = 272, .box_w = 15, .box_h = 15, .ofs_x = 1, .ofs_y = -3},
    {.bitmap_index = 26075, .adv_w = 264, .box_w = 14, .box_h = 16, .ofs_x = 1, .ofs_y = -4},
    {.bitmap_index = 26103, .adv_w = 264, .box_w = 9, .box_h = 15, .ofs_x = 4, .ofs_y = -3},
    {.bitmap_index = 26120, .adv_w = 272, .box_w = 16, .box_h = 15, .ofs_x = 0, .ofs_y = -3},
    {.bitmap_index = 26150, .adv_w = 272, .box_w = 16, .box_h = 14, .ofs_x = 0, .ofs_y = -3},
    {.bitmap_index = 26178, .adv_w = 288, .box_w = 17, .box_h = 9, .ofs_x = 0, .ofs_y = 0},
    {.bitmap_index = 26198, .adv_w = 304, .box_w = 18, .box_h = 10, .ofs_x = -1, .ofs_y = -1},
    {.bitmap_index = 26221, .adv_w = 264, .box_w = 9, .box_h = 15, .ofs_x = 4, .ofs_y = -3},
    {.bitmap_index = 26238, .adv_w = 272, .box_w = 16, .box_h = 15, .ofs_x = 0, .ofs_y = -3},
    {.bitmap_index = 26268, .adv_w = 264, .box_w = 14, .box_h = 15, .ofs_x = 1, .ofs_y = -3},
    {.bitmap_index = 26295, .adv_w = 264, .box_w = 14, .box_h = 15, .ofs_x = 1, .ofs_y = -3},
    {.bitmap_index = 26322, .adv_w = 264, .box_w = 10, .box_h = 15, .ofs_x = 3, .ofs_y = -3},
    {.bitmap_index = 26341, .adv_w = 272, .box_w = 15, .box_h = 15, .ofs_x = 1, .ofs_y = -3},
    {.bitmap_index = 26370, .adv_w = 272, .box_w = 16, .box_h = 15, .ofs_x = 0, .ofs_y = -3},
    {.bitmap_index = 26400, .adv_w = 272, .box_w = 16, .box_h = 15, .ofs_x = 0, .ofs_y = -3},
    {.bitmap_index = 26430, .adv_w = 272, .box_w = 15, .box_h = 15, .ofs_x = 1, .ofs_y = -3},
    {.bitmap_index = 26459, .adv_w = 272, .box_w = 16, .box_h = 15, .ofs_x = 0, .ofs_y = -3},
    {.bitmap_index = 26489, .adv_w = 272, .box_w = 15, .box_h = 15, .ofs_x = 1, .ofs_y = -3},
    {.bitmap_index = 26518, .adv_w = 272, .box_w = 16, .box_h = 15, .ofs_x = 0, .ofs_y = -3},
    {.bitmap_index = 26548, .adv_w = 288, .box_w = 17, .box_h = 13, .ofs_x = 0, .ofs_y = -2},
    {.bitmap_index = 26576, .adv_w = 272, .box_w = 16, .box_h = 15, .ofs_x = 0, .ofs_y = -3},
    {.bitmap_index = 26606, .adv_w = 264, .box_w = 14, .box_h = 15, .ofs_x = 1, .ofs_y = -3},
    {.bitmap_index = 26633, .adv_w = 288, .box_w = 17, .box_h = 15, .ofs_x = 0, .ofs_y = -3},
    {.bitmap_index = 26665, .adv_w = 264, .box_w = 9, .box_h = 15, .ofs_x = 4, .ofs_y = -3},
    {.bitmap_index = 26682, .adv_w = 272, .box_w = 16, .box_h = 15, .ofs_x = 0, .ofs_y = -3},
    {.bitmap_index = 26712, .adv_w = 272, .box_w = 16, .box_h = 15, .ofs_x = 0, .ofs_y = -3},
    {.bitmap_index = 26742, .adv_w = 272, .box_w = 16, .box_h = 15, .ofs_x = 0, .ofs_y = -3},
    {.bitmap_index = 26772, .adv_w = 272, .box_w = 16, .box_h = 15, .ofs_x = 0, .ofs_y = -3},
    {.bitmap_index = 26802, .adv_w = 272, .box_w = 16, .box_h = 15, .ofs_x = 0, .ofs_y = -3},
    {.bitmap_index = 26832, .adv_w = 272, .box_w = 15, .box_h = 15, .ofs_x = 1, .ofs_y = -3},
    {.bitmap_index = 26861, .adv_w = 264, .box_w = 12, .box_h = 15, .ofs_x = 2, .ofs_y = -3},
    {.bitmap_index = 26884, .adv_w = 272, .box_w = 15, .box_h = 15, .ofs_x = 1, .ofs_y = -3},
    {.bitmap_index = 26913, .adv_w = 272, .box_w = 15, .box_h = 15, .ofs_x = 1, .ofs_y = -3},
    {.bitmap_index = 26942, .adv_w = 272, .box_w = 15, .box_h = 14, .ofs_x = 1, .ofs_y = -3},
    {.bitmap_index = 26969, .adv_w = 272, .box_w = 15, .box_h = 15, .ofs_x = 1, .ofs_y = -3},
    {.bitmap_index = 26998, .adv_w = 272, .box_w = 16, .box_h = 15, .ofs_x = 0, .ofs_y = -3},
    {.bitmap_index = 27028, .adv_w = 272, .box_w = 15, .box_h = 15, .ofs_x = 1, .ofs_y = -3},
    {.bitmap_index = 27057, .adv_w = 272, .box_w = 15, .box_h = 15, .ofs_x = 1, .ofs_y = -3},
    {.bitmap_index = 27086, .adv_w = 272, .box_w = 15, .box_h = 15, .ofs_x = 1, .ofs_y = -3},
    {.bitmap_index = 27115, .adv_w = 272, .box_w = 16, .box_h = 15, .ofs_x = 0, .ofs_y = -3},
    {.bitmap_index = 27145, .adv_w = 288, .box_w = 17, .box_h = 13, .ofs_x = 0, .ofs_y = -2},
    {.bitmap_index = 27173, .adv_w = 264, .box_w = 14, .box_h = 15, .ofs_x = 1, .ofs_y = -3},
    {.bitmap_index = 27200, .adv_w = 272, .box_w = 16, .box_h = 15, .ofs_x = 0, .ofs_y = -3},
    {.bitmap_index = 27230, .adv_w = 288, .box_w = 17, .box_h = 13, .ofs_x = 0, .ofs_y = -2},
    {.bitmap_index = 27258, .adv_w = 272, .box_w = 16, .box_h = 15, .ofs_x = 0, .ofs_y = -3},
    {.bitmap_index = 27288, .adv_w = 272, .box_w = 16, .box_h = 15, .ofs_x = 0, .ofs_y = -3},
    {.bitmap_index = 27318, .adv_w = 264, .box_w = 14, .box_h = 15, .ofs_x = 1, .ofs_y = -3},
    {.bitmap_index = 27345, .adv_w = 264, .box_w = 13, .box_h = 15, .ofs_x = 2, .ofs_y = -4},
    {.bitmap_index = 27370, .adv_w = 272, .box_w = 16, .box_h = 15, .ofs_x = 0, .ofs_y = -3},
    {.bitmap_index = 27400, .adv_w = 272, .box_w = 15, .box_h = 15, .ofs_x = 1, .ofs_y = -3},
    {.bitmap_index = 27429, .adv_w = 272, .box_w = 15, .box_h = 15, .ofs_x = 1, .ofs_y = -3},
    {.bitmap_index = 27458, .adv_w = 264, .box_w = 14, .box_h = 15, .ofs_x = 1, .ofs_y = -3},
    {.bitmap_index = 27485, .adv_w = 272, .box_w = 16, .box_h = 15, .ofs_x = 0, .ofs_y = -3},
    {.bitmap_index = 27515, .adv_w = 272, .box_w = 16, .box_h = 15, .ofs_x = 0, .ofs_y = -3},
    {.bitmap_index = 27545, .adv_w = 272, .box_w = 16, .box_h = 15, .ofs_x = 0, .ofs_y = -3},
    {.bitmap_index = 27575, .adv_w = 272, .box_w = 14, .box_h = 15, .ofs_x = 2, .ofs_y = -3},
    {.bitmap_index = 27602, .adv_w = 264, .box_w = 11, .box_h = 15, .ofs_x = 3, .ofs_y = -3},
    {.bitmap_index = 27623, .adv_w = 272, .box_w = 16, .box_h = 15, .ofs_x = 0, .ofs_y = -3},
    {.bitmap_index = 27653, .adv_w = 272, .box_w = 15, .box_h = 15, .ofs_x = 1, .ofs_y = -3},
    {.bitmap_index = 27682, .adv_w = 288, .box_w = 17, .box_h = 11, .ofs_x = 0, .ofs_y = -1},
    {.bitmap_index = 27706, .adv_w = 288, .box_w = 17, .box_h = 15, .ofs_x = 0, .ofs_y = -3},
    {.bitmap_index = 27738, .adv_w = 272, .box_w = 16, .box_h = 15, .ofs_x = 0, .ofs_y = -3},
    {.bitmap_index = 27768, .adv_w = 272, .box_w = 14, .box_h = 14, .ofs_x = 2, .ofs_y = -3},
    {.bitmap_index = 27793, .adv_w = 272, .box_w = 16, .box_h = 11, .ofs_x = 0, .ofs_y = -1},
    {.bitmap_index = 27815, .adv_w = 272, .box_w = 15, .box_h = 15, .ofs_x = 1, .ofs_y = -3},
    {.bitmap_index = 27844, .adv_w = 272, .box_w = 15, .box_h = 15, .ofs_x = 1, .ofs_y = -3},
    {.bitmap_index = 27873, .adv_w = 272, .box_w = 16, .box_h = 15, .ofs_x = 0, .ofs_y = -3},
    {.bitmap_index = 27903, .adv_w = 304, .box_w = 18, .box_h = 15, .ofs_x = -1, .ofs_y = -3},
    {.bitmap_index = 27937, .adv_w = 304, .box_w = 18, .box_h = 13, .ofs_x = -1, .ofs_y = -2},
    {.bitmap_index = 27967, .adv_w = 272, .box_w = 15, .box_h = 11, .ofs_x = 1, .ofs_y = -1},
    {.bitmap_index = 27988, .adv_w = 304, .box_w = 18, .box_h = 13, .ofs_x = -1, .ofs_y = -2},
    {.bitmap_index = 28018, .adv_w = 288, .box_w = 17, .box_h = 15, .ofs_x = 0, .ofs_y = -3},
    {.bitmap_index = 28050, .adv_w = 304, .box_w = 18, .box_h = 13, .ofs_x = -1, .ofs_y = -2},
    {.bitmap_index = 28080, .adv_w = 272, .box_w = 16, .box_h = 15, .ofs_x = 0, .ofs_y = -3},
    {.bitmap_index = 28110, .adv_w = 272, .box_w = 16, .box_h = 15, .ofs_x = 0, .ofs_y = -3},
    {.bitmap_index = 28140, .adv_w = 272, .box_w = 15, .box_h = 15, .ofs_x = 1, .ofs_y = -3},
    {.bitmap_index = 28169, .adv_w = 272, .box_w = 16, .box_h = 15, .ofs_x = 0, .ofs_y = -3},
    {.bitmap_index = 28199, .adv_w = 272, .box_w = 16, .box_h = 15, .ofs_x = 0, .ofs_y = -3},
    {.bitmap_index = 28229, .adv_w = 272, .box_w = 15, .box_h = 15, .ofs_x = 1, .ofs_y = -3},
    {.bitmap_index = 28258, .adv_w = 272, .box_w = 16, .box_h = 15, .ofs_x = 0, .ofs_y = -3},
    {.bitmap_index = 28288, .adv_w = 272, .box_w = 15, .box_h = 15, .ofs_x = 1, .ofs_y = -3},
    {.bitmap_index = 28317, .adv_w = 272, .box_w = 16, .box_h = 15, .ofs_x = 0, .ofs_y = -3},
    {.bitmap_index = 28347, .adv_w = 272, .box_w = 16, .box_h = 15, .ofs_x = 0, .ofs_y = -3},
    {.bitmap_index = 28377, .adv_w = 272, .box_w = 16, .box_h = 15, .ofs_x = 0, .ofs_y = -3},
    {.bitmap_index = 28407, .adv_w = 272, .box_w = 16, .box_h = 15, .ofs_x = 0, .ofs_y = -3},
    {.bitmap_index = 28437, .adv_w = 272, .box_w = 15, .box_h = 15, .ofs_x = 1, .ofs_y = -3},
    {.bitmap_index = 28466, .adv_w = 272, .box_w = 15, .box_h = 10, .ofs_x = 1, .ofs_y = -1},
    {.bitmap_index = 28485, .adv_w = 264, .box_w = 13, .box_h = 15, .ofs_x = 2, .ofs_y = -3},
    {.bitmap_index = 28510, .adv_w = 288, .box_w = 17, .box_h = 15, .ofs_x = 0, .ofs_y = -3},
    {.bitmap_index = 28542, .adv_w = 288, .box_w = 17, .box_h = 15, .ofs_x = 0, .ofs_y = -3},
    {.bitmap_index = 28574, .adv_w = 272, .box_w = 16, .box_h = 15, .ofs_x = 0, .ofs_y = -3},
    {.bitmap_index = 28604, .adv_w = 272, .box_w = 16, .box_h = 15, .ofs_x = 0, .ofs_y = -3},
    {.bitmap_index = 28634, .adv_w = 272, .box_w = 16, .box_h = 16, .ofs_x = 0, .ofs_y = -4},
    {.bitmap_index = 28666, .adv_w = 272, .box_w = 16, .box_h = 15, .ofs_x = 0, .ofs_y = -3},
    {.bitmap_index = 28696, .adv_w = 272, .box_w = 16, .box_h = 15, .ofs_x = 0, .ofs_y = -3},
    {.bitmap_index = 28726, .adv_w = 272, .box_w = 16, .box_h = 16, .ofs_x = 0, .ofs_y = -4},
    {.bitmap_index = 28758, .adv_w = 272, .box_w = 16, .box_h = 15, .ofs_x = 0, .ofs_y = -3},
    {.bitmap_index = 28788, .adv_w = 272, .box_w = 16, .box_h = 15, .ofs_x = 0, .ofs_y = -3},
    {.bitmap_index = 28818, .adv_w = 304, .box_w = 18, .box_h = 16, .ofs_x = -1, .ofs_y = -4},
    {.bitmap_index = 28854, .adv_w = 264, .box_w = 12, .box_h = 15, .ofs_x = 2, .ofs_y = -3},
    {.bitmap_index = 28877, .adv_w = 272, .box_w = 15, .box_h = 15, .ofs_x = 1, .ofs_y = -3},
    {.bitmap_index = 28906, .adv_w = 264, .box_w = 12, .box_h = 15, .ofs_x = 2, .ofs_y = -3},
    {.bitmap_index = 28929, .adv_w = 272, .box_w = 16, .box_h = 13, .ofs_x = 0, .ofs_y = -2},
    {.bitmap_index = 28955, .adv_w = 272, .box_w = 16, .box_h = 13, .ofs_x = 0, .ofs_y = -2},
    {.bitmap_index = 28981, .adv_w = 288, .box_w = 17, .box_h = 12, .ofs_x = 0, .ofs_y = -2},
    {.bitmap_index = 29007, .adv_w = 264, .box_w = 11, .box_h = 15, .ofs_x = 3, .ofs_y = -3},
    {.bitmap_index = 29028, .adv_w = 264, .box_w = 14, .box_h = 15, .ofs_x = 1, .ofs_y = -3},
    {.bitmap_index = 29055, .adv_w = 272, .box_w = 15, .box_h = 15, .ofs_x = 1, .ofs_y = -3},
    {.bitmap_index = 29084, .adv_w = 288, .box_w = 17, .box_h = 15, .ofs_x = 0, .ofs_y = -3},
    {.bitmap_index = 29116, .adv_w = 272, .box_w = 16, .box_h = 15, .ofs_x = 0, .ofs_y = -3},
    {.bitmap_index = 29146, .adv_w = 272, .box_w = 16, .box_h = 15, .ofs_x = 0, .ofs_y = -3},
    {.bitmap_index = 29176, .adv_w = 272, .box_w = 16, .box_h = 16, .ofs_x = 0, .ofs_y = -4},
    {.bitmap_index = 29208, .adv_w = 272, .box_w = 16, .box_h = 15, .ofs_x = 0, .ofs_y = -3},
    {.bitmap_index = 29238, .adv_w = 272, .box_w = 16, .box_h = 13, .ofs_x = 0, .ofs_y = -2},
    {.bitmap_index = 29264, .adv_w = 288, .box_w = 16, .box_h = 16, .ofs_x = 1, .ofs_y = -4},
    {.bitmap_index = 29296, .adv_w = 272, .box_w = 16, .box_h = 15, .ofs_x = 0, .ofs_y = -3},
    {.bitmap_index = 29326, .adv_w = 272, .box_w = 16, .box_h = 15, .ofs_x = 0, .ofs_y = -3},
    {.bitmap_index = 29356, .adv_w = 272, .box_w = 16, .box_h = 16, .ofs_x = 0, .ofs_y = -4},
    {.bitmap_index = 29388, .adv_w = 272, .box_w = 15, .box_h = 16, .ofs_x = 1, .ofs_y = -4},
    {.bitmap_index = 29418, .adv_w = 272, .box_w = 16, .box_h = 15, .ofs_x = 0, .ofs_y = -3},
    {.bitmap_index = 29448, .adv_w = 272, .box_w = 16, .box_h = 15, .ofs_x = 0, .ofs_y = -3},
    {.bitmap_index = 29478, .adv_w = 272, .box_w = 16, .box_h = 16, .ofs_x = 0, .ofs_y = -4},
    {.bitmap_index = 29510, .adv_w = 272, .box_w = 15, .box_h = 15, .ofs_x = 1, .ofs_y = -3},
    {.bitmap_index = 29539, .adv_w = 264, .box_w = 11, .box_h = 15, .ofs_x = 3, .ofs_y = -3},
    {.bitmap_index = 29560, .adv_w = 264, .box_w = 11, .box_h = 15, .ofs_x = 3, .ofs_y = -3},
    {.bitmap_index = 29581, .adv_w = 272, .box_w = 16, .box_h = 13, .ofs_x = 0, .ofs_y = -2},
    {.bitmap_index = 29607, .adv_w = 264, .box_w = 14, .box_h = 15, .ofs_x = 1, .ofs_y = -3},
    {.bitmap_index = 29634, .adv_w = 264, .box_w = 13, .box_h = 15, .ofs_x = 2, .ofs_y = -3},
    {.bitmap_index = 29659, .adv_w = 264, .box_w = 11, .box_h = 15, .ofs_x = 3, .ofs_y = -3},
    {.bitmap_index = 29680, .adv_w = 264, .box_w = 13, .box_h = 15, .ofs_x = 2, .ofs_y = -3},
    {.bitmap_index = 29705, .adv_w = 304, .box_w = 18, .box_h = 13, .ofs_x = -1, .ofs_y = -2},
    {.bitmap_index = 29735, .adv_w = 272, .box_w = 15, .box_h = 15, .ofs_x = 1, .ofs_y = -3},
    {.bitmap_index = 29764, .adv_w = 264, .box_w = 13, .box_h = 15, .ofs_x = 2, .ofs_y = -3},
    {.bitmap_index = 29789, .adv_w = 272, .box_w = 14, .box_h = 15, .ofs_x = 2, .ofs_y = -3},
    {.bitmap_index = 29816, .adv_w = 272, .box_w = 16, .box_h = 13, .ofs_x = 0, .ofs_y = -2},
    {.bitmap_index = 29842, .adv_w = 272, .box_w = 15, .box_h = 15, .ofs_x = 1, .ofs_y = -3},
    {.bitmap_index = 29871, .adv_w = 264, .box_w = 12, .box_h = 15, .ofs_x = 2, .ofs_y = -3},
    {.bitmap_index = 29894, .adv_w = 272, .box_w = 15, .box_h = 15, .ofs_x = 1, .ofs_y = -3},
    {.bitmap_index = 29923, .adv_w = 264, .box_w = 14, .box_h = 15, .ofs_x = 1, .ofs_y = -3},
    {.bitmap_index = 29950, .adv_w = 272, .box_w = 15, .box_h = 15, .ofs_x = 1, .ofs_y = -3},
    {.bitmap_index = 29979, .adv_w = 272, .box_w = 15, .box_h = 15, .ofs_x = 1, .ofs_y = -3},
    {.bitmap_index = 30008, .adv_w = 264, .box_w = 13, .box_h = 15, .ofs_x = 2, .ofs_y = -3},
    {.bitmap_index = 30033, .adv_w = 272, .box_w = 15, .box_h = 15, .ofs_x = 1, .ofs_y = -3},
    {.bitmap_index = 30062, .adv_w = 304, .box_w = 18, .box_h = 13, .ofs_x = -1, .ofs_y = -2},
    {.bitmap_index = 30092, .adv_w = 264, .box_w = 11, .box_h = 15, .ofs_x = 3, .ofs_y = -3},
    {.bitmap_index = 30113, .adv_w = 264, .box_w = 11, .box_h = 15, .ofs_x = 3, .ofs_y = -3},
    {.bitmap_index = 30134, .adv_w = 264, .box_w = 11, .box_h = 15, .ofs_x = 3, .ofs_y = -3},
    {.bitmap_index = 30155, .adv_w = 264, .box_w = 12, .box_h = 15, .ofs_x = 2, .ofs_y = -3},
    {.bitmap_index = 30178, .adv_w = 272, .box_w = 16, .box_h = 15, .ofs_x = 0, .ofs_y = -3},
    {.bitmap_index = 30208, .adv_w = 304, .box_w = 18, .box_h = 15, .ofs_x = -1, .ofs_y = -3},
    {.bitmap_index = 30242, .adv_w = 272, .box_w = 16, .box_h = 15, .ofs_x = 0, .ofs_y = -3},
    {.bitmap_index = 30272, .adv_w = 272, .box_w = 16, .box_h = 15, .ofs_x = 0, .ofs_y = -3},
    {.bitmap_index = 30302, .adv_w = 264, .box_w = 14, .box_h = 13, .ofs_x = 1, .ofs_y = -2},
    {.bitmap_index = 30325, .adv_w = 272, .box_w = 16, .box_h = 15, .ofs_x = 0, .ofs_y = -3},
    {.bitmap_index = 30355, .adv_w = 272, .box_w = 15, .box_h = 15, .ofs_x = 1, .ofs_y = -3},
    {.bitmap_index = 30384, .adv_w = 272, .box_w = 15, .box_h = 15, .ofs_x = 1, .ofs_y = -3},
    {.bitmap_index = 30413, .adv_w = 288, .box_w = 17, .box_h = 13, .ofs_x = 0, .ofs_y = -2},
    {.bitmap_index = 30441, .adv_w = 272, .box_w = 16, .box_h = 15, .ofs_x = 0, .ofs_y = -3},
    {.bitmap_index = 30471, .adv_w = 272, .box_w = 16, .box_h = 14, .ofs_x = 0, .ofs_y = -3},
    {.bitmap_index = 30499, .adv_w = 272, .box_w = 15, .box_h = 15, .ofs_x = 1, .ofs_y = -3},
    {.bitmap_index = 30528, .adv_w = 288, .box_w = 17, .box_h = 15, .ofs_x = 0, .ofs_y = -3},
    {.bitmap_index = 30560, .adv_w = 272, .box_w = 15, .box_h = 15, .ofs_x = 1, .ofs_y = -3},
    {.bitmap_index = 30589, .adv_w = 272, .box_w = 15, .box_h = 15, .ofs_x = 1, .ofs_y = -3},
    {.bitmap_index = 30618, .adv_w = 264, .box_w = 12, .box_h = 15, .ofs_x = 2, .ofs_y = -3},
    {.bitmap_index = 30641, .adv_w = 264, .box_w = 10, .box_h = 15, .ofs_x = 3, .ofs_y = -3},
    {.bitmap_index = 30660, .adv_w = 272, .box_w = 16, .box_h = 15, .ofs_x = 0, .ofs_y = -3},
    {.bitmap_index = 30690, .adv_w = 272, .box_w = 15, .box_h = 15, .ofs_x = 1, .ofs_y = -3},
    {.bitmap_index = 30719, .adv_w = 272, .box_w = 15, .box_h = 15, .ofs_x = 1, .ofs_y = -3},
    {.bitmap_index = 30748, .adv_w = 272, .box_w = 15, .box_h = 13, .ofs_x = 1, .ofs_y = -2},
    {.bitmap_index = 30773, .adv_w = 272, .box_w = 15, .box_h = 14, .ofs_x = 1, .ofs_y = -2},
    {.bitmap_index = 30800, .adv_w = 272, .box_w = 15, .box_h = 15, .ofs_x = 1, .ofs_y = -3},
    {.bitmap_index = 30829, .adv_w = 272, .box_w = 15, .box_h = 15, .ofs_x = 1, .ofs_y = -3},
    {.bitmap_index = 30858, .adv_w = 288, .box_w = 17, .box_h = 15, .ofs_x = 0, .ofs_y = -3},
    {.bitmap_index = 30890, .adv_w = 264, .box_w = 11, .box_h = 15, .ofs_x = 3, .ofs_y = -3},
    {.bitmap_index = 30911, .adv_w = 272, .box_w = 15, .box_h = 14, .ofs_x = 1, .ofs_y = -3},
    {.bitmap_index = 30938, .adv_w = 272, .box_w = 15, .box_h = 15, .ofs_x = 1, .ofs_y = -3},
    {.bitmap_index = 30967, .adv_w = 288, .box_w = 17, .box_h = 15, .ofs_x = 0, .ofs_y = -3},
    {.bitmap_index = 30999, .adv_w = 304, .box_w = 18, .box_h = 15, .ofs_x = -1, .ofs_y = -3},
    {.bitmap_index = 31033, .adv_w = 272, .box_w = 16, .box_h = 15, .ofs_x = 0, .ofs_y = -3},
    {.bitmap_index = 31063, .adv_w = 288, .box_w = 17, .box_h = 15, .ofs_x = 0, .ofs_y = -3},
    {.bitmap_index = 31095, .adv_w = 264, .box_w = 10, .box_h = 15, .ofs_x = 3, .ofs_y = -3},
    {.bitmap_index = 31114, .adv_w = 264, .box_w = 14, .box_h = 15, .ofs_x = 1, .ofs_y = -3},
    {.bitmap_index = 31141, .adv_w = 272, .box_w = 16, .box_h = 15, .ofs_x = 0, .ofs_y = -3},
    {.bitmap_index = 31171, .adv_w = 272, .box_w = 15, .box_h = 15, .ofs_x = 1, .ofs_y = -3},
    {.bitmap_index = 31200, .adv_w = 288, .box_w = 17, .box_h = 15, .ofs_x = -1, .ofs_y = -3},
    {.bitmap_index = 31232, .adv_w = 288, .box_w = 17, .box_h = 15, .ofs_x = 0, .ofs_y = -3},
    {.bitmap_index = 31264, .adv_w = 272, .box_w = 16, .box_h = 16, .ofs_x = 0, .ofs_y = -4},
    {.bitmap_index = 31296, .adv_w = 272, .box_w = 16, .box_h = 15, .ofs_x = 0, .ofs_y = -3},
    {.bitmap_index = 31326, .adv_w = 272, .box_w = 14, .box_h = 15, .ofs_x = 2, .ofs_y = -3},
    {.bitmap_index = 31353, .adv_w = 272, .box_w = 16, .box_h = 15, .ofs_x = 0, .ofs_y = -3},
    {.bitmap_index = 31383, .adv_w = 288, .box_w = 17, .box_h = 16, .ofs_x = 0, .ofs_y = -4},
    {.bitmap_index = 31417, .adv_w = 288, .box_w = 17, .box_h = 15, .ofs_x = 0, .ofs_y = -3},
    {.bitmap_index = 31449, .adv_w = 264, .box_w = 14, .box_h = 15, .ofs_x = 1, .ofs_y = -3},
    {.bitmap_index = 31476, .adv_w = 272, .box_w = 16, .box_h = 15, .ofs_x = 0, .ofs_y = -3},
    {.bitmap_index = 31506, .adv_w = 272, .box_w = 16, .box_h = 15, .ofs_x = 0, .ofs_y = -3},
    {.bitmap_index = 31536, .adv_w = 272, .box_w = 16, .box_h = 15, .ofs_x = 0, .ofs_y = -3},
    {.bitmap_index = 31566, .adv_w = 264, .box_w = 12, .box_h = 15, .ofs_x = 2, .ofs_y = -3},
    {.bitmap_index = 31589, .adv_w = 272, .box_w = 15, .box_h = 15, .ofs_x = 1, .ofs_y = -3},
    {.bitmap_index = 31618, .adv_w = 272, .box_w = 16, .box_h = 13, .ofs_x = 0, .ofs_y = -2},
    {.bitmap_index = 31644, .adv_w = 272, .box_w = 16, .box_h = 15, .ofs_x = 0, .ofs_y = -3},
    {.bitmap_index = 31674, .adv_w = 272, .box_w = 16, .box_h = 9, .ofs_x = 0, .ofs_y = 0},
    {.bitmap_index = 31692, .adv_w = 272, .box_w = 16, .box_h = 15, .ofs_x = 0, .ofs_y = -3},
    {.bitmap_index = 31722, .adv_w = 264, .box_w = 14, .box_h = 15, .ofs_x = 1, .ofs_y = -3},
    {.bitmap_index = 31749, .adv_w = 272, .box_w = 15, .box_h = 15, .ofs_x = 1, .ofs_y = -3},
    {.bitmap_index = 31778, .adv_w = 272, .box_w = 16, .box_h = 15, .ofs_x = 0, .ofs_y = -3},
    {.bitmap_index = 31808, .adv_w = 272, .box_w = 15, .box_h = 15, .ofs_x = 1, .ofs_y = -3},
    {.bitmap_index = 31837, .adv_w = 272, .box_w = 15, .box_h = 15, .ofs_x = 1, .ofs_y = -3},
    {.bitmap_index = 31866, .adv_w = 264, .box_w = 14, .box_h = 15, .ofs_x = 1, .ofs_y = -3},
    {.bitmap_index = 31893, .adv_w = 304, .box_w = 18, .box_h = 12, .ofs_x = -1, .ofs_y = -2},
    {.bitmap_index = 31920, .adv_w = 272, .box_w = 16, .box_h = 15, .ofs_x = 0, .ofs_y = -3},
    {.bitmap_index = 31950, .adv_w = 264, .box_w = 13, .box_h = 15, .ofs_x = 2, .ofs_y = -3},
    {.bitmap_index = 31975, .adv_w = 272, .box_w = 16, .box_h = 15, .ofs_x = 0, .ofs_y = -3},
    {.bitmap_index = 32005, .adv_w = 288, .box_w = 17, .box_h = 15, .ofs_x = 0, .ofs_y = -3},
    {.bitmap_index = 32037, .adv_w = 264, .box_w = 11, .box_h = 15, .ofs_x = 3, .ofs_y = -3},
    {.bitmap_index = 32058, .adv_w = 264, .box_w = 13, .box_h = 15, .ofs_x = 1, .ofs_y = -3},
    {.bitmap_index = 32083, .adv_w = 264, .box_w = 13, .box_h = 15, .ofs_x = 2, .ofs_y = -3},
    {.bitmap_index = 32108, .adv_w = 288, .box_w = 17, .box_h = 15, .ofs_x = 0, .ofs_y = -3},
    {.bitmap_index = 32140, .adv_w = 288, .box_w = 17, .box_h = 15, .ofs_x = 0, .ofs_y = -3},
    {.bitmap_index = 32172, .adv_w = 272, .box_w = 16, .box_h = 15, .ofs_x = 0, .ofs_y = -3},
    {.bitmap_index = 32202, .adv_w = 264, .box_w = 14, .box_h = 15, .ofs_x = 1, .ofs_y = -3},
    {.bitmap_index = 32229, .adv_w = 272, .box_w = 15, .box_h = 15, .ofs_x = 1, .ofs_y = -3},
    {.bitmap_index = 32258, .adv_w = 304, .box_w = 18, .box_h = 14, .ofs_x = -1, .ofs_y = -3},
    {.bitmap_index = 32290, .adv_w = 272, .box_w = 16, .box_h = 15, .ofs_x = 0, .ofs_y = -3},
    {.bitmap_index = 32320, .adv_w = 304, .box_w = 18, .box_h = 15, .ofs_x = -1, .ofs_y = -3},
    {.bitmap_index = 32354, .adv_w = 288, .box_w = 17, .box_h = 15, .ofs_x = 0, .ofs_y = -3},
    {.bitmap_index = 32386, .adv_w = 272, .box_w = 16, .box_h = 13, .ofs_x = 0, .ofs_y = -2},
    {.bitmap_index = 32412, .adv_w = 272, .box_w = 15, .box_h = 15, .ofs_x = 1, .ofs_y = -3},
    {.bitmap_index = 32441, .adv_w = 272, .box_w = 15, .box_h = 14, .ofs_x = 1, .ofs_y = -2},
    {.bitmap_index = 32468, .adv_w = 304, .box_w = 18, .box_h = 14, .ofs_x = -1, .ofs_y = -3},
    {.bitmap_index = 32500, .adv_w = 264, .box_w = 14, .box_h = 15, .ofs_x = 1, .ofs_y = -3},
    {.bitmap_index = 32527, .adv_w = 288, .box_w = 17, .box_h = 15, .ofs_x = 0, .ofs_y = -3},
    {.bitmap_index = 32559, .adv_w = 264, .box_w = 14, .box_h = 15, .ofs_x = 1, .ofs_y = -3},
    {.bitmap_index = 32586, .adv_w = 288, .box_w = 16, .box_h = 15, .ofs_x = 1, .ofs_y = -3},
    {.bitmap_index = 32616, .adv_w = 264, .box_w = 14, .box_h = 15, .ofs_x = 1, .ofs_y = -3},
    {.bitmap_index = 32643, .adv_w = 304, .box_w = 18, .box_h = 11, .ofs_x = -1, .ofs_y = -1},
    {.bitmap_index = 32668, .adv_w = 288, .box_w = 17, .box_h = 15, .ofs_x = 0, .ofs_y = -3},
    {.bitmap_index = 32700, .adv_w = 272, .box_w = 16, .box_h = 15, .ofs_x = 0, .ofs_y = -3},
    {.bitmap_index = 32730, .adv_w = 272, .box_w = 15, .box_h = 15, .ofs_x = 1, .ofs_y = -3},
    {.bitmap_index = 32759, .adv_w = 272, .box_w = 15, .box_h = 15, .ofs_x = 1, .ofs_y = -3},
    {.bitmap_index = 32788, .adv_w = 304, .box_w = 18, .box_h = 15, .ofs_x = -1, .ofs_y = -3},
    {.bitmap_index = 32822, .adv_w = 272, .box_w = 16, .box_h = 15, .ofs_x = 0, .ofs_y = -3},
    {.bitmap_index = 32852, .adv_w = 264, .box_w = 14, .box_h = 15, .ofs_x = 1, .ofs_y = -3},
    {.bitmap_index = 32879, .adv_w = 264, .box_w = 13, .box_h = 16, .ofs_x = 2, .ofs_y = -3},
    {.bitmap_index = 32905, .adv_w = 272, .box_w = 16, .box_h = 15, .ofs_x = 0, .ofs_y = -3},
    {.bitmap_index = 32935, .adv_w = 272, .box_w = 16, .box_h = 15, .ofs_x = 0, .ofs_y = -3},
    {.bitmap_index = 32965, .adv_w = 272, .box_w = 16, .box_h = 15, .ofs_x = 0, .ofs_y = -3},
    {.bitmap_index = 32995, .adv_w = 288, .box_w = 17, .box_h = 15, .ofs_x = 0, .ofs_y = -3},
    {.bitmap_index = 33027, .adv_w = 272, .box_w = 16, .box_h = 15, .ofs_x = 0, .ofs_y = -3},
    {.bitmap_index = 33057, .adv_w = 272, .box_w = 16, .box_h = 15, .ofs_x = 0, .ofs_y = -3},
    {.bitmap_index = 33087, .adv_w = 272, .box_w = 16, .box_h = 15, .ofs_x = 0, .ofs_y = -3},
    {.bitmap_index = 33117, .adv_w = 272, .box_w = 16, .box_h = 15, .ofs_x = 0, .ofs_y = -3},
    {.bitmap_index = 33147, .adv_w = 272, .box_w = 16, .box_h = 15, .ofs_x = 0, .ofs_y = -3},
    {.bitmap_index = 33177, .adv_w = 272, .box_w = 16, .box_h = 15, .ofs_x = 0, .ofs_y = -3},
    {.bitmap_index = 33207, .adv_w = 272, .box_w = 16, .box_h = 15, .ofs_x = 0, .ofs_y = -3},
    {.bitmap_index = 33237, .adv_w = 264, .box_w = 14, .box_h = 15, .ofs_x = 1, .ofs_y = -3},
    {.bitmap_index = 33264, .adv_w = 272, .box_w = 15, .box_h = 15, .ofs_x = 1, .ofs_y = -3},
    {.bitmap_index = 33293, .adv_w = 264, .box_w = 13, .box_h = 15, .ofs_x = 2, .ofs_y = -3},
    {.bitmap_index = 33318, .adv_w = 288, .box_w = 17, .box_h = 15, .ofs_x = 0, .ofs_y = -3},
    {.bitmap_index = 33350, .adv_w = 288, .box_w = 17, .box_h = 15, .ofs_x = 0, .ofs_y = -3},
    {.bitmap_index = 33382, .adv_w = 264, .box_w = 14, .box_h = 15, .ofs_x = 1, .ofs_y = -3},
    {.bitmap_index = 33409, .adv_w = 264, .box_w = 13, .box_h = 15, .ofs_x = 2, .ofs_y = -3},
    {.bitmap_index = 33434, .adv_w = 264, .box_w = 13, .box_h = 15, .ofs_x = 2, .ofs_y = -3},
    {.bitmap_index = 33459, .adv_w = 272, .box_w = 16, .box_h = 15, .ofs_x = 0, .ofs_y = -3},
    {.bitmap_index = 33489, .adv_w = 272, .box_w = 16, .box_h = 15, .ofs_x = 0, .ofs_y = -3},
    {.bitmap_index = 33519, .adv_w = 264, .box_w = 11, .box_h = 15, .ofs_x = 3, .ofs_y = -3},
    {.bitmap_index = 33540, .adv_w = 272, .box_w = 16, .box_h = 14, .ofs_x = 0, .ofs_y = -3},
    {.bitmap_index = 33568, .adv_w = 264, .box_w = 12, .box_h = 15, .ofs_x = 2, .ofs_y = -3},
    {.bitmap_index = 33591, .adv_w = 264, .box_w = 10, .box_h = 15, .ofs_x = 3, .ofs_y = -3},
    {.bitmap_index = 33610, .adv_w = 264, .box_w = 11, .box_h = 15, .ofs_x = 3, .ofs_y = -3},
    {.bitmap_index = 33631, .adv_w = 264, .box_w = 13, .box_h = 15, .ofs_x = 2, .ofs_y = -3},
    {.bitmap_index = 33656, .adv_w = 264, .box_w = 14, .box_h = 15, .ofs_x = 1, .ofs_y = -3},
    {.bitmap_index = 33683, .adv_w = 304, .box_w = 18, .box_h = 15, .ofs_x = -1, .ofs_y = -3},
    {.bitmap_index = 33717, .adv_w = 304, .box_w = 18, .box_h = 15, .ofs_x = -1, .ofs_y = -3},
    {.bitmap_index = 33751, .adv_w = 304, .box_w = 18, .box_h = 13, .ofs_x = -1, .ofs_y = -2},
    {.bitmap_index = 33781, .adv_w = 264, .box_w = 12, .box_h = 15, .ofs_x = 2, .ofs_y = -3},
    {.bitmap_index = 33804, .adv_w = 272, .box_w = 16, .box_h = 15, .ofs_x = 0, .ofs_y = -3},
    {.bitmap_index = 33834, .adv_w = 264, .box_w = 11, .box_h = 15, .ofs_x = 3, .ofs_y = -3},
    {.bitmap_index = 33855, .adv_w = 272, .box_w = 16, .box_h = 16, .ofs_x = 0, .ofs_y = -3},
    {.bitmap_index = 33887, .adv_w = 264, .box_w = 9, .box_h = 15, .ofs_x = 4, .ofs_y = -3},
    {.bitmap_index = 33904, .adv_w = 264, .box_w = 10, .box_h = 15, .ofs_x = 3, .ofs_y = -3},
    {.bitmap_index = 33923, .adv_w = 288, .box_w = 17, .box_h = 15, .ofs_x = 0, .ofs_y = -3},
    {.bitmap_index = 33955, .adv_w = 272, .box_w = 16, .box_h = 15, .ofs_x = 0, .ofs_y = -3},
    {.bitmap_index = 33985, .adv_w = 264, .box_w = 13, .box_h = 15, .ofs_x = 2, .ofs_y = -3},
    {.bitmap_index = 34010, .adv_w = 264, .box_w = 12, .box_h = 15, .ofs_x = 2, .ofs_y = -3},
    {.bitmap_index = 34033, .adv_w = 264, .box_w = 13, .box_h = 15, .ofs_x = 2, .ofs_y = -3},
    {.bitmap_index = 34058, .adv_w = 264, .box_w = 13, .box_h = 15, .ofs_x = 2, .ofs_y = -3},
    {.bitmap_index = 34083, .adv_w = 264, .box_w = 12, .box_h = 15, .ofs_x = 2, .ofs_y = -3},
    {.bitmap_index = 34106, .adv_w = 264, .box_w = 13, .box_h = 15, .ofs_x = 2, .ofs_y = -3},
    {.bitmap_index = 34131, .adv_w = 264, .box_w = 11, .box_h = 15, .ofs_x = 2, .ofs_y = -3},
    {.bitmap_index = 34152, .adv_w = 264, .box_w = 13, .box_h = 15, .ofs_x = 2, .ofs_y = -3},
    {.bitmap_index = 34177, .adv_w = 272, .box_w = 16, .box_h = 15, .ofs_x = 0, .ofs_y = -3},
    {.bitmap_index = 34207, .adv_w = 288, .box_w = 17, .box_h = 14, .ofs_x = 0, .ofs_y = -3},
    {.bitmap_index = 34237, .adv_w = 288, .box_w = 17, .box_h = 15, .ofs_x = 0, .ofs_y = -3},
    {.bitmap_index = 34269, .adv_w = 272, .box_w = 16, .box_h = 15, .ofs_x = 0, .ofs_y = -3},
    {.bitmap_index = 34299, .adv_w = 264, .box_w = 14, .box_h = 15, .ofs_x = 1, .ofs_y = -3},
    {.bitmap_index = 34326, .adv_w = 272, .box_w = 16, .box_h = 15, .ofs_x = 0, .ofs_y = -3},
    {.bitmap_index = 34356, .adv_w = 264, .box_w = 13, .box_h = 15, .ofs_x = 2, .ofs_y = -3},
    {.bitmap_index = 34381, .adv_w = 288, .box_w = 17, .box_h = 13, .ofs_x = 0, .ofs_y = -2},
    {.bitmap_index = 34409, .adv_w = 288, .box_w = 17, .box_h = 15, .ofs_x = 0, .ofs_y = -3},
    {.bitmap_index = 34441, .adv_w = 288, .box_w = 17, .box_h = 13, .ofs_x = 0, .ofs_y = -2},
    {.bitmap_index = 34469, .adv_w = 264, .box_w = 11, .box_h = 15, .ofs_x = 3, .ofs_y = -3},
    {.bitmap_index = 34490, .adv_w = 304, .box_w = 18, .box_h = 15, .ofs_x = -1, .ofs_y = -3},
    {.bitmap_index = 34524, .adv_w = 288, .box_w = 17, .box_h = 15, .ofs_x = 0, .ofs_y = -3},
    {.bitmap_index = 34556, .adv_w = 272, .box_w = 15, .box_h = 15, .ofs_x = 1, .ofs_y = -3},
    {.bitmap_index = 34585, .adv_w = 264, .box_w = 12, .box_h = 15, .ofs_x = 2, .ofs_y = -3},
    {.bitmap_index = 34608, .adv_w = 288, .box_w = 17, .box_h = 14, .ofs_x = 0, .ofs_y = -3},
    {.bitmap_index = 34638, .adv_w = 264, .box_w = 14, .box_h = 15, .ofs_x = 1, .ofs_y = -3},
    {.bitmap_index = 34665, .adv_w = 304, .box_w = 18, .box_h = 15, .ofs_x = -1, .ofs_y = -3},
    {.bitmap_index = 34699, .adv_w = 304, .box_w = 18, .box_h = 11, .ofs_x = -1, .ofs_y = -1},
    {.bitmap_index = 34724, .adv_w = 264, .box_w = 10, .box_h = 16, .ofs_x = 3, .ofs_y = -3},
    {.bitmap_index = 34744, .adv_w = 272, .box_w = 16, .box_h = 15, .ofs_x = 0, .ofs_y = -3},
    {.bitmap_index = 34774, .adv_w = 288, .box_w = 17, .box_h = 15, .ofs_x = 0, .ofs_y = -3},
    {.bitmap_index = 34806, .adv_w = 264, .box_w = 9, .box_h = 15, .ofs_x = 4, .ofs_y = -3},
    {.bitmap_index = 34823, .adv_w = 272, .box_w = 16, .box_h = 15, .ofs_x = 0, .ofs_y = -3},
    {.bitmap_index = 34853, .adv_w = 272, .box_w = 16, .box_h = 15, .ofs_x = 0, .ofs_y = -3},
    {.bitmap_index = 34883, .adv_w = 272, .box_w = 15, .box_h = 14, .ofs_x = 1, .ofs_y = -3},
    {.bitmap_index = 34910, .adv_w = 264, .box_w = 12, .box_h = 15, .ofs_x = 2, .ofs_y = -3},
    {.bitmap_index = 34933, .adv_w = 264, .box_w = 10, .box_h = 15, .ofs_x = 3, .ofs_y = -3},
    {.bitmap_index = 34952, .adv_w = 264, .box_w = 12, .box_h = 15, .ofs_x = 2, .ofs_y = -3},
    {.bitmap_index = 34975, .adv_w = 264, .box_w = 14, .box_h = 15, .ofs_x = 1, .ofs_y = -3},
    {.bitmap_index = 35002, .adv_w = 272, .box_w = 16, .box_h = 15, .ofs_x = 0, .ofs_y = -3},
    {.bitmap_index = 35032, .adv_w = 264, .box_w = 14, .box_h = 15, .ofs_x = 1, .ofs_y = -3},
    {.bitmap_index = 35059, .adv_w = 288, .box_w = 16, .box_h = 15, .ofs_x = 1, .ofs_y = -3},
    {.bitmap_index = 35089, .adv_w = 272, .box_w = 16, .box_h = 15, .ofs_x = 0, .ofs_y = -3},
    {.bitmap_index = 35119, .adv_w = 264, .box_w = 13, .box_h = 15, .ofs_x = 2, .ofs_y = -3},
    {.bitmap_index = 35144, .adv_w = 288, .box_w = 17, .box_h = 15, .ofs_x = 0, .ofs_y = -3},
    {.bitmap_index = 35176, .adv_w = 288, .box_w = 17, .box_h = 15, .ofs_x = 0, .ofs_y = -3},
    {.bitmap_index = 35208, .adv_w = 272, .box_w = 15, .box_h = 15, .ofs_x = 1, .ofs_y = -3},
    {.bitmap_index = 35237, .adv_w = 272, .box_w = 15, .box_h = 15, .ofs_x = 1, .ofs_y = -3},
    {.bitmap_index = 35266, .adv_w = 272, .box_w = 15, .box_h = 15, .ofs_x = 1, .ofs_y = -3},
    {.bitmap_index = 35295, .adv_w = 264, .box_w = 10, .box_h = 15, .ofs_x = 3, .ofs_y = -3},
    {.bitmap_index = 35314, .adv_w = 272, .box_w = 16, .box_h = 11, .ofs_x = 0, .ofs_y = -1},
    {.bitmap_index = 35336, .adv_w = 272, .box_w = 16, .box_h = 15, .ofs_x = 0, .ofs_y = -3},
    {.bitmap_index = 35366, .adv_w = 264, .box_w = 10, .box_h = 15, .ofs_x = 3, .ofs_y = -3},
    {.bitmap_index = 35385, .adv_w = 272, .box_w = 16, .box_h = 15, .ofs_x = 0, .ofs_y = -3},
    {.bitmap_index = 35415, .adv_w = 288, .box_w = 17, .box_h = 15, .ofs_x = 0, .ofs_y = -3},
    {.bitmap_index = 35447, .adv_w = 288, .box_w = 17, .box_h = 15, .ofs_x = 0, .ofs_y = -3},
    {.bitmap_index = 35479, .adv_w = 264, .box_w = 11, .box_h = 15, .ofs_x = 3, .ofs_y = -3},
    {.bitmap_index = 35500, .adv_w = 272, .box_w = 16, .box_h = 15, .ofs_x = 0, .ofs_y = -3},
    {.bitmap_index = 35530, .adv_w = 272, .box_w = 16, .box_h = 15, .ofs_x = 0, .ofs_y = -3},
    {.bitmap_index = 35560, .adv_w = 272, .box_w = 16, .box_h = 15, .ofs_x = 0, .ofs_y = -3},
    {.bitmap_index = 35590, .adv_w = 272, .box_w = 15, .box_h = 15, .ofs_x = 1, .ofs_y = -3},
    {.bitmap_index = 35619, .adv_w = 272, .box_w = 15, .box_h = 15, .ofs_x = 1, .ofs_y = -3},
    {.bitmap_index = 35648, .adv_w = 272, .box_w = 16, .box_h = 14, .ofs_x = 0, .ofs_y = -2},
    {.bitmap_index = 35676, .adv_w = 272, .box_w = 15, .box_h = 14, .ofs_x = 1, .ofs_y = -2},
    {.bitmap_index = 35703, .adv_w = 272, .box_w = 16, .box_h = 15, .ofs_x = 0, .ofs_y = -3},
    {.bitmap_index = 35733, .adv_w = 272, .box_w = 15, .box_h = 15, .ofs_x = 1, .ofs_y = -3},
    {.bitmap_index = 35762, .adv_w = 272, .box_w = 16, .box_h = 15, .ofs_x = 0, .ofs_y = -3},
    {.bitmap_index = 35792, .adv_w = 264, .box_w = 14, .box_h = 15, .ofs_x = 1, .ofs_y = -3},
    {.bitmap_index = 35819, .adv_w = 288, .box_w = 17, .box_h = 15, .ofs_x = 0, .ofs_y = -3},
    {.bitmap_index = 35851, .adv_w = 272, .box_w = 15, .box_h = 15, .ofs_x = 1, .ofs_y = -3},
    {.bitmap_index = 35880, .adv_w = 288, .box_w = 17, .box_h = 12, .ofs_x = 0, .ofs_y = -2},
    {.bitmap_index = 35906, .adv_w = 264, .box_w = 11, .box_h = 15, .ofs_x = 3, .ofs_y = -3},
    {.bitmap_index = 35927, .adv_w = 264, .box_w = 14, .box_h = 15, .ofs_x = 1, .ofs_y = -3},
    {.bitmap_index = 35954, .adv_w = 272, .box_w = 16, .box_h = 15, .ofs_x = 0, .ofs_y = -3},
    {.bitmap_index = 35984, .adv_w = 272, .box_w = 15, .box_h = 14, .ofs_x = 1, .ofs_y = -3},
    {.bitmap_index = 36011, .adv_w = 272, .box_w = 16, .box_h = 15, .ofs_x = 0, .ofs_y = -3},
    {.bitmap_index = 36041, .adv_w = 288, .box_w = 17, .box_h = 15, .ofs_x = 0, .ofs_y = -3},
    {.bitmap_index = 36073, .adv_w = 272, .box_w = 15, .box_h = 13, .ofs_x = 1, .ofs_y = -2},
    {.bitmap_index = 36098, .adv_w = 264, .box_w = 14, .box_h = 15, .ofs_x = 1, .ofs_y = -3},
    {.bitmap_index = 36125, .adv_w = 264, .box_w = 14, .box_h = 15, .ofs_x = 1, .ofs_y = -3},
    {.bitmap_index = 36152, .adv_w = 272, .box_w = 15, .box_h = 15, .ofs_x = 1, .ofs_y = -3},
    {.bitmap_index = 36181, .adv_w = 272, .box_w = 16, .box_h = 15, .ofs_x = 0, .ofs_y = -3},
    {.bitmap_index = 36211, .adv_w = 264, .box_w = 10, .box_h = 15, .ofs_x = 3, .ofs_y = -3},
    {.bitmap_index = 36230, .adv_w = 264, .box_w = 11, .box_h = 15, .ofs_x = 2, .ofs_y = -3},
    {.bitmap_index = 36251, .adv_w = 264, .box_w = 14, .box_h = 15, .ofs_x = 1, .ofs_y = -3},
    {.bitmap_index = 36278, .adv_w = 272, .box_w = 15, .box_h = 15, .ofs_x = 1, .ofs_y = -3},
    {.bitmap_index = 36307, .adv_w = 272, .box_w = 16, .box_h = 15, .ofs_x = 0, .ofs_y = -3},
    {.bitmap_index = 36337, .adv_w = 272, .box_w = 15, .box_h = 14, .ofs_x = 1, .ofs_y = -2},
    {.bitmap_index = 36364, .adv_w = 264, .box_w = 10, .box_h = 15, .ofs_x = 3, .ofs_y = -3},
    {.bitmap_index = 36383, .adv_w = 272, .box_w = 15, .box_h = 15, .ofs_x = 1, .ofs_y = -3},
    {.bitmap_index = 36412, .adv_w = 272, .box_w = 15, .box_h = 15, .ofs_x = 1, .ofs_y = -3},
    {.bitmap_index = 36441, .adv_w = 272, .box_w = 16, .box_h = 15, .ofs_x = 0, .ofs_y = -3},
    {.bitmap_index = 36471, .adv_w = 264, .box_w = 14, .box_h = 15, .ofs_x = 1, .ofs_y = -3},
    {.bitmap_index = 36498, .adv_w = 264, .box_w = 13, .box_h = 15, .ofs_x = 2, .ofs_y = -3},
    {.bitmap_index = 36523, .adv_w = 272, .box_w = 16, .box_h = 15, .ofs_x = 0, .ofs_y = -3},
    {.bitmap_index = 36553, .adv_w = 272, .box_w = 15, .box_h = 15, .ofs_x = 1, .ofs_y = -3},
    {.bitmap_index = 36582, .adv_w = 288, .box_w = 17, .box_h = 12, .ofs_x = 0, .ofs_y = -2},
    {.bitmap_index = 36608, .adv_w = 264, .box_w = 9, .box_h = 15, .ofs_x = 4, .ofs_y = -3},
    {.bitmap_index = 36625, .adv_w = 264, .box_w = 14, .box_h = 15, .ofs_x = 1, .ofs_y = -3},
    {.bitmap_index = 36652, .adv_w = 288, .box_w = 17, .box_h = 12, .ofs_x = 0, .ofs_y = -2},
    {.bitmap_index = 36678, .adv_w = 264, .box_w = 14, .box_h = 13, .ofs_x = 1, .ofs_y = -3},
    {.bitmap_index = 36701, .adv_w = 272, .box_w = 15, .box_h = 15, .ofs_x = 1, .ofs_y = -3},
    {.bitmap_index = 36730, .adv_w = 264, .box_w = 14, .box_h = 15, .ofs_x = 1, .ofs_y = -3},
    {.bitmap_index = 36757, .adv_w = 304, .box_w = 18, .box_h = 13, .ofs_x = -1, .ofs_y = -2},
    {.bitmap_index = 36787, .adv_w = 264, .box_w = 15, .box_h = 15, .ofs_x = 0, .ofs_y = -3},
    {.bitmap_index = 36816, .adv_w = 272, .box_w = 16, .box_h = 15, .ofs_x = 0, .ofs_y = -3},
    {.bitmap_index = 36846, .adv_w = 272, .box_w = 16, .box_h = 15, .ofs_x = 0, .ofs_y = -3},
    {.bitmap_index = 36876, .adv_w = 264, .box_w = 12, .box_h = 15, .ofs_x = 2, .ofs_y = -3},
    {.bitmap_index = 36899, .adv_w = 264, .box_w = 14, .box_h = 14, .ofs_x = 1, .ofs_y = -2},
    {.bitmap_index = 36924, .adv_w = 272, .box_w = 15, .box_h = 14, .ofs_x = 1, .ofs_y = -3},
    {.bitmap_index = 36951, .adv_w = 272, .box_w = 16, .box_h = 15, .ofs_x = 0, .ofs_y = -3},
    {.bitmap_index = 36981, .adv_w = 272, .box_w = 16, .box_h = 12, .ofs_x = 0, .ofs_y = -2},
    {.bitmap_index = 37005, .adv_w = 272, .box_w = 16, .box_h = 12, .ofs_x = 0, .ofs_y = -2},
    {.bitmap_index = 37029, .adv_w = 264, .box_w = 10, .box_h = 15, .ofs_x = 3, .ofs_y = -3},
    {.bitmap_index = 37048, .adv_w = 264, .box_w = 12, .box_h = 15, .ofs_x = 2, .ofs_y = -3},
    {.bitmap_index = 37071, .adv_w = 288, .box_w = 17, .box_h = 15, .ofs_x = 0, .ofs_y = -3},
    {.bitmap_index = 37103, .adv_w = 264, .box_w = 12, .box_h = 15, .ofs_x = 2, .ofs_y = -3},
    {.bitmap_index = 37126, .adv_w = 264, .box_w = 13, .box_h = 15, .ofs_x = 2, .ofs_y = -3},
    {.bitmap_index = 37151, .adv_w = 304, .box_w = 18, .box_h = 15, .ofs_x = -1, .ofs_y = -3},
    {.bitmap_index = 37185, .adv_w = 272, .box_w = 15, .box_h = 15, .ofs_x = 1, .ofs_y = -3},
    {.bitmap_index = 37214, .adv_w = 264, .box_w = 11, .box_h = 15, .ofs_x = 3, .ofs_y = -3},
    {.bitmap_index = 37235, .adv_w = 264, .box_w = 11, .box_h = 15, .ofs_x = 3, .ofs_y = -3},
    {.bitmap_index = 37256, .adv_w = 264, .box_w = 13, .box_h = 15, .ofs_x = 2, .ofs_y = -3},
    {.bitmap_index = 37281, .adv_w = 272, .box_w = 16, .box_h = 15, .ofs_x = 0, .ofs_y = -3},
    {.bitmap_index = 37311, .adv_w = 288, .box_w = 17, .box_h = 15, .ofs_x = 0, .ofs_y = -3},
    {.bitmap_index = 37343, .adv_w = 272, .box_w = 16, .box_h = 15, .ofs_x = 0, .ofs_y = -3},
    {.bitmap_index = 37373, .adv_w = 264, .box_w = 12, .box_h = 15, .ofs_x = 2, .ofs_y = -3},
    {.bitmap_index = 37396, .adv_w = 288, .box_w = 17, .box_h = 15, .ofs_x = 0, .ofs_y = -3},
    {.bitmap_index = 37428, .adv_w = 272, .box_w = 15, .box_h = 15, .ofs_x = 1, .ofs_y = -3},
    {.bitmap_index = 37457, .adv_w = 272, .box_w = 16, .box_h = 15, .ofs_x = 0, .ofs_y = -3},
    {.bitmap_index = 37487, .adv_w = 272, .box_w = 16, .box_h = 15, .ofs_x = 0, .ofs_y = -3},
    {.bitmap_index = 37517, .adv_w = 304, .box_w = 18, .box_h = 13, .ofs_x = -1, .ofs_y = -2},
    {.bitmap_index = 37547, .adv_w = 264, .box_w = 14, .box_h = 15, .ofs_x = 1, .ofs_y = -3},
    {.bitmap_index = 37574, .adv_w = 288, .box_w = 17, .box_h = 15, .ofs_x = 0, .ofs_y = -3},
    {.bitmap_index = 37606, .adv_w = 264, .box_w = 12, .box_h = 15, .ofs_x = 2, .ofs_y = -3},
    {.bitmap_index = 37629, .adv_w = 264, .box_w = 15, .box_h = 15, .ofs_x = 0, .ofs_y = -3},
    {.bitmap_index = 37658, .adv_w = 272, .box_w = 16, .box_h = 15, .ofs_x = 0, .ofs_y = -3},
    {.bitmap_index = 37688, .adv_w = 264, .box_w = 13, .box_h = 15, .ofs_x = 1, .ofs_y = -3},
    {.bitmap_index = 37713, .adv_w = 272, .box_w = 16, .box_h = 15, .ofs_x = 0, .ofs_y = -3},
    {.bitmap_index = 37743, .adv_w = 272, .box_w = 16, .box_h = 16, .ofs_x = 0, .ofs_y = -4},
    {.bitmap_index = 37775, .adv_w = 288, .box_w = 17, .box_h = 15, .ofs_x = 0, .ofs_y = -3},
    {.bitmap_index = 37807, .adv_w = 272, .box_w = 16, .box_h = 15, .ofs_x = 0, .ofs_y = -3},
    {.bitmap_index = 37837, .adv_w = 272, .box_w = 15, .box_h = 15, .ofs_x = 1, .ofs_y = -3},
    {.bitmap_index = 37866, .adv_w = 304, .box_w = 18, .box_h = 11, .ofs_x = -1, .ofs_y = -1},
    {.bitmap_index = 37891, .adv_w = 272, .box_w = 16, .box_h = 15, .ofs_x = 0, .ofs_y = -3},
    {.bitmap_index = 37921, .adv_w = 288, .box_w = 17, .box_h = 16, .ofs_x = 0, .ofs_y = -4},
    {.bitmap_index = 37955, .adv_w = 264, .box_w = 12, .box_h = 15, .ofs_x = 2, .ofs_y = -3},
    {.bitmap_index = 37978, .adv_w = 272, .box_w = 16, .box_h = 13, .ofs_x = 0, .ofs_y = -2},
    {.bitmap_index = 38004, .adv_w = 272, .box_w = 16, .box_h = 13, .ofs_x = 0, .ofs_y = -2},
    {.bitmap_index = 38030, .adv_w = 272, .box_w = 15, .box_h = 12, .ofs_x = 1, .ofs_y = -2},
    {.bitmap_index = 38053, .adv_w = 272, .box_w = 16, .box_h = 10, .ofs_x = 0, .ofs_y = -1},
    {.bitmap_index = 38073, .adv_w = 272, .box_w = 16, .box_h = 15, .ofs_x = 0, .ofs_y = -3},
    {.bitmap_index = 38103, .adv_w = 288, .box_w = 17, .box_h = 13, .ofs_x = 0, .ofs_y = -2},
    {.bitmap_index = 38131, .adv_w = 264, .box_w = 14, .box_h = 15, .ofs_x = 1, .ofs_y = -3},
    {.bitmap_index = 38158, .adv_w = 264, .box_w = 13, .box_h = 15, .ofs_x = 2, .ofs_y = -3},
};

/*---------------------
 *  CHARACTER MAPPING
 *--------------------*/

static const uint16_t unicode_list_0[] = {
    0x0, 0x5, 0x1f64, 0x1f93, 0x1fa0, 0x2079, 0x2090, 0x20eb, 0x20ec, 0x20ed, 0x20ee, 0x20ef,
    0x20f0, 0x2100, 0x2101, 0x2271, 0x2272, 0x227f, 0x2326, 0x2340, 0x2341, 0x2342, 0x2343, 0x2344,
    0x2345, 0x2346, 0x2347, 0x2348, 0x2349, 0x234a, 0x234f, 0x2350, 0x2351, 0x2419, 0x2501, 0x2502,
    0x250d, 0x2517, 0x2552, 0x2553, 0x2554, 0x2555, 0x2557, 0x2558, 0x2559, 0x255a, 0x255b, 0x2565,
    0x2568, 0x256b, 0x256c, 0x256f, 0x2574, 0x2577, 0x2579, 0x257a, 0x257d, 0x2581, 0x2585, 0x2586,
    0x258f, 0x2590, 0x2591, 0x2597, 0x2599, 0x259f, 0x25a0, 0x25a1, 0x25a2, 0x25a3, 0x25a4, 0x25a5,
    0x25a6, 0x25a7, 0x25a8, 0x25a9, 0x25aa, 0x25b6, 0x25b7, 0x25ba, 0x25bc, 0x25bd, 0x25bf, 0x25d2,
    0x25d5, 0x25d6, 0x25e9, 0x25ea, 0x25eb, 0x25ec, 0x25ed, 0x25ee, 0x25f0, 0x25f2, 0x25f3, 0x25f7,
    0x25f8, 0x25fe, 0x2601, 0x2602, 0x2607, 0x2608, 0x2614, 0x2615, 0x261b, 0x261c, 0x261f, 0x2625,
    0x2626, 0x2628, 0x262a, 0x262b, 0x2640, 0x2641, 0x2647, 0x2648, 0x2649, 0x264a, 0x264b, 0x264c,
    0x264e, 0x264f, 0x2650, 0x2651, 0x2654, 0x2659, 0x265c, 0x265f, 0x2660, 0x2661, 0x2662, 0x2663,
    0x2664, 0x2666, 0x2669, 0x266b, 0x266d, 0x2674, 0x2678, 0x267f, 0x268a, 0x268b, 0x269b, 0x269e,
    0x26a3, 0x26a5, 0x26aa, 0x26ab, 0x26ac, 0x26ae, 0x26ba, 0x26bb, 0x26ec, 0x26ed, 0x26ee, 0x26f8,
    0x2707, 0x2716, 0x288b, 0x288c, 0x2a5c, 0x2a5d, 0x2a5e, 0x2a72, 0x2a73, 0x2aa7, 0x2aac, 0x2f87,
    0x2f94, 0x31ee, 0x31f0, 0xfd65, 0xfd66,
};

static const uint16_t unicode_list_1[] = {
    0x0, 0xcb, 0x1fd, 0x1fe, 0x216, 0x22b, 0x22e, 0x22f, 0x230, 0x231, 0x232, 0x233,
    0x234, 0x235, 0x236, 0x24c, 0x24d, 0x2fc, 0x2fd, 0x2fe, 0x2ff, 0x300, 0x301, 0x302,
    0x303, 0x304, 0x305, 0x306, 0x307, 0x308, 0x309, 0x30a, 0x30b, 0x30c, 0x30d, 0x30e,
    0x30f, 0x310, 0x311, 0x312, 0x313, 0x314, 0x315, 0x316, 0x317, 0x318, 0x319, 0x31a,
    0x31b, 0x31c, 0x31d, 0x320, 0x321, 0x322, 0x323, 0x324, 0x325, 0x326, 0x327, 0x328,
    0x329, 0x32a, 0x32b, 0x32c, 0x32d, 0x32e, 0x32f, 0x330, 0x331, 0x332, 0x333, 0x334,
    0x335, 0x336, 0x337, 0x338, 0x339, 0x33a, 0x33b, 0x33c, 0x33d, 0x33e, 0x33f, 0x340,
    0x341, 0x342, 0x343, 0x344, 0x345, 0x346, 0x347, 0x348, 0x349, 0x34a, 0x34b, 0x34c,
    0x34d, 0x34e, 0x34f, 0x350, 0x351, 0x352, 0x353, 0x354, 0x355, 0x356, 0x357, 0x358,
    0x359, 0x35a, 0x35b, 0x35c, 0x35d, 0x35e, 0x35f, 0x360, 0x361, 0x362, 0x363, 0x364,
    0x365, 0x366, 0x367, 0x368, 0x369, 0x36a, 0x36b, 0x36c, 0x36d, 0x36e, 0x36f, 0x370,
    0x371, 0x372, 0x373, 0x374, 0x375, 0x376, 0x377, 0x378, 0x379, 0x37a, 0x37b, 0x37c,
    0x37d, 0x37e, 0x37f, 0x380, 0x381, 0x382, 0x383, 0x384, 0x385, 0x386, 0x387, 0x388,
    0x389, 0x38a, 0x38b, 0x38c, 0x38d, 0x38e, 0x38f, 0x392, 0x393, 0x395, 0x396, 0x397,
    0x39a, 0x39b, 0x39c, 0x39d, 0x39e, 0x39f, 0x3a0, 0x3a1, 0x3a2, 0x3a3, 0x3a4, 0x3a5,
    0x3a6, 0x3a7, 0x3a8, 0x3a9, 0x3aa, 0x3ab, 0x3ac, 0x3ad, 0x3ae, 0x3af, 0x3b0, 0x3b1,
    0x3b2, 0x3b3, 0x3b4, 0x3b5, 0x3b6, 0x3b7, 0x3b8, 0x3b9, 0x3ba, 0x3bb, 0x3bc, 0x3bd,
    0x3be, 0x3bf, 0x3c0, 0x3c1, 0x3c2, 0x3c3, 0x3c4, 0x3c5, 0x3c6, 0x3c7, 0x3c8, 0x3c9,
    0x3ca, 0x3cb, 0x3cc, 0x3cd, 0x3ce, 0x3cf, 0x3d0, 0x3d1, 0x3d2, 0x3d3, 0x3d4, 0x3d5,
    0x3d6, 0x3d7, 0x3d8, 0x3d9, 0x3da, 0x3db, 0x3dc, 0x3dd, 0x3de, 0x3df, 0x3e0, 0x3e1,
    0x3e2, 0x3e3, 0x3e4, 0x3e5, 0x3e6, 0x3e7, 0x3e8, 0x3e9, 0x3ea, 0x3eb, 0x3ec, 0x3ef,
    0x3f0, 0x3f1, 0x3f3, 0x3f4, 0x3f5, 0x3f6, 0x3f7, 0x3f8, 0x3f9, 0x3fa, 0x3fb, 0x3fc,
    0x3fd, 0x3fe, 0x3ff, 0x400, 0x401, 0x402, 0x403, 0x404, 0x405, 0x406, 0x407, 0x408,
    0x409, 0x40a, 0x40b, 0x40c, 0x40d, 0x40e, 0x40f, 0x410, 0x411, 0x412, 0x413, 0x414,
    0x415, 0x416, 0x417, 0x418, 0x419, 0x41a, 0x41b, 0x41c, 0x41d, 0x41e, 0x41f, 0x420,
    0x421, 0x422, 0x423, 0x424, 0x425, 0x426, 0x427, 0x428, 0x429, 0x42a, 0x42b, 0x42c,
    0x42d, 0x42e, 0x42f, 0x430, 0x431, 0x432, 0x433, 0x434, 0x435, 0x436, 0x437, 0x438,
    0x439, 0x43a, 0x43b, 0x43c, 0x43d, 0x43e, 0x43f, 0x440, 0x441, 0x442, 0x443, 0x444,
    0x445, 0x446, 0x447, 0x448, 0x449, 0x44a, 0x44b, 0x44c, 0x44d, 0x44e, 0x44f, 0x450,
    0x451, 0x452, 0x453, 0x454, 0x455, 0x456, 0x457, 0x458, 0x459, 0x45a, 0x45b, 0x45c,
    0x45d, 0x45e, 0x45f, 0x460, 0x461, 0x462, 0x463, 0x464, 0x465, 0x466, 0x467, 0x468,
    0x469, 0x46a, 0x46b, 0x46c, 0x46d, 0x46e, 0x46f, 0x470, 0x471, 0x472, 0x473, 0x474,
    0x475, 0x476, 0x477, 0x478, 0x479, 0x47a, 0x47b, 0x47c, 0x47d, 0x47e, 0x47f, 0x480,
    0x481, 0x482, 0x483, 0x484, 0x485, 0x486, 0x487, 0x488, 0x489, 0x48a, 0x48b, 0x48c,
    0x48d, 0x48e, 0x48f, 0x490, 0x491, 0x492, 0x493, 0x494, 0x495, 0x496, 0x497, 0x498,
    0x499, 0x49a, 0x49b, 0x49c, 0x49d, 0x49e, 0x49f, 0x4a0, 0x4a1, 0x4a2, 0x4a3, 0x4a4,
    0x4a5, 0x4a6, 0x4a7, 0x4a8, 0x4a9, 0x4aa, 0x4ab, 0x4ac, 0x4ad, 0x4ae, 0x4af, 0x4b0,
    0x4b1, 0x4b2, 0x4b3, 0x4b4, 0x4b5, 0x4b6, 0x4b7, 0x4b8, 0x4b9, 0x4ba, 0x4bb, 0x4bc,
    0x4bd, 0x4be, 0x4bf, 0x4c0, 0x4c1, 0x4c2, 0x4c3, 0x4c4, 0x4c5, 0x4c6, 0x4c7, 0x4c8,
    0x4c9, 0x4ca, 0x4cb, 0x4cc, 0x4cd, 0x4ce, 0x4cf, 0x4d0, 0x4d1, 0x4d2, 0x4d3, 0x4d4,
    0x4d5, 0x4d6, 0x4d7, 0x4d8, 0x4d9, 0x4da, 0x4db, 0x4dc, 0x4dd, 0x4de, 0x4df, 0x4e0,
    0x4e1, 0x4e2, 0x4e3, 0x4e4, 0x4e5, 0x4e6, 0x4e7, 0x4e8, 0x4e9, 0x4ea, 0x4eb, 0x4ec,
    0x4ed, 0x4ee, 0x4ef, 0x4f0, 0x4f1, 0x4f2, 0x4f3, 0x4f4, 0x4f5, 0x4f6, 0x4f7, 0x4f8,
    0x4f9, 0x4fb, 0x4fc, 0x4fd, 0x4fe, 0x4ff, 0x500, 0x501, 0x502, 0x503, 0x504, 0x505,
    0x506, 0x507, 0x508, 0x509, 0x50a, 0x50b, 0x50c, 0x50d, 0x50e, 0x50f, 0x510, 0x511,
    0x512, 0x513, 0x514, 0x515, 0x516, 0x517, 0x518, 0x519, 0x51a, 0x51b, 0x51c, 0x51d,
    0x51e, 0x51f, 0x520, 0x521, 0x522, 0x523, 0x524, 0x525, 0x526, 0x527, 0x528, 0x529,
    0x52a, 0x52b, 0x52c, 0x52d, 0x52e, 0x52f, 0x530, 0x531, 0x532, 0x533, 0x534, 0x535,
    0x536, 0x537, 0x538, 0x539, 0x545, 0x546, 0x547, 0x548, 0x549, 0x54a, 0x54c, 0x54d,
    0x54e, 0x54f, 0x550, 0x551, 0x552, 0x553, 0x554, 0x555, 0x556, 0x557, 0x558, 0x559,
    0x55a, 0x55b, 0x55c, 0x55d, 0x55e, 0x55f, 0x560, 0x561, 0x562, 0x563, 0x56b, 0x56c,
    0x56f, 0x570, 0x571, 0x572, 0x573, 0x574, 0x575, 0x576, 0x583, 0x586, 0x587, 0x588,
    0x589, 0x58c, 0x591, 0x592, 0x5a0, 0x5a1, 0x5a4, 0x5ad, 0x5ae, 0x5b8, 0x5be, 0x5bf,
    0x5c0, 0x5cd, 0x5ce, 0x5cf, 0x5d8, 0x5d9, 0x5da, 0x5dd, 0x5df, 0x5e4, 0x5eb, 0x5ef,
    0x5f6, 0x5f7, 0x5f8, 0x5f9, 0x5fa, 0x5fb, 0x5fc, 0x5fd, 0x5fe, 0x5ff, 0x600, 0x601,
    0x602, 0x603, 0x604, 0x605, 0x606, 0x607, 0x608, 0x609, 0x60a, 0x60b, 0x60c, 0x60d,
    0x60e, 0x60f, 0x610, 0x611, 0x612, 0x613, 0x614, 0x615, 0x616, 0x617, 0x618, 0x619,
    0x61a, 0x61b, 0x61c, 0x61d, 0x61e, 0x61f, 0x620, 0x621, 0x622, 0x623, 0x624, 0x625,
    0x626, 0x627, 0x628, 0x629, 0x62a, 0x62b, 0x62c, 0x62d, 0x62e, 0x62f, 0x630, 0x631,
    0x632, 0x633, 0x634, 0x635, 0x636, 0x637, 0x638, 0x639, 0x63a, 0x63b, 0x63c, 0x63d,
    0x63e, 0x63f, 0x640, 0x641, 0x642, 0x643, 0x644, 0x645, 0x646, 0x647, 0x648, 0x649,
    0x64a, 0x64b, 0x67c, 0x67d, 0x67e, 0x67f, 0x680, 0x681, 0x682, 0x683, 0x684, 0x685,
    0x686, 0x687, 0x688, 0x689, 0x68a, 0x68b, 0x68c, 0x68d, 0x68e, 0x68f, 0x690, 0x691,
    0x692, 0x693, 0x694, 0x695, 0x696, 0x697, 0x698, 0x699, 0x69a, 0x69b, 0x69c, 0x69d,
    0x69e, 0x69f, 0x6a0, 0x6a1, 0x6a2, 0x6a3, 0x6a4, 0x6a5, 0x6a6, 0x6a7, 0x6a8, 0x6a9,
    0x6aa, 0x6ab, 0x6ac, 0x6ad, 0x6ae, 0x6af, 0x6b0, 0x6b1, 0x6b2, 0x6b3, 0x6b4, 0x6b5,
    0x6b6, 0x6b7, 0x6b8, 0x6b9, 0x6ba, 0x6bb, 0x6bc, 0x6bd, 0x6be, 0x6bf, 0x6c0, 0x6c1,
    0x6c7, 0x6c8, 0x6c9, 0x6ca, 0x6cb, 0x6cc, 0x6cd, 0x6ce, 0x6d1, 0x6d2, 0x6d3, 0x6d8,
    0x6d9, 0x6da, 0x6db, 0x6dc, 0x6dd, 0x6de, 0x6df, 0x6e0, 0x6e1, 0x6e5, 0x6e7, 0x6e8,
    0x6ec, 0x6ef, 0x6f0, 0x6f1, 0x6f2, 0x6f3, 0x6f4, 0x6f5, 0x6f6, 0x6f7, 0x6f8, 0x7dc,
    0x7dd, 0x7de, 0x7df, 0x7e0, 0x7e1, 0x7e2, 0x7e3, 0x7e4, 0x7e5, 0x7e6, 0x7e7, 0x7ec,
    0x908, 0x909, 0x90a, 0x90b, 0x90c, 0x90d, 0x90e, 0x90f, 0x910, 0x911, 0x912, 0x913,
    0x914, 0x915, 0x916, 0x917, 0x918, 0x919, 0x91a, 0x91b, 0x91c, 0x91d, 0x91e, 0x91f,
    0x920, 0x921, 0x922, 0x923, 0x924, 0x925, 0x926, 0x927, 0x928, 0x929, 0x92a, 0x92b,
    0x92c, 0x92d, 0x92e, 0x92f, 0x930, 0x931, 0x932, 0x933, 0x934, 0x935, 0x936, 0x938,
    0x939, 0x93a, 0x93b, 0x93c, 0x93d, 0x93e, 0x93f, 0x940, 0x941, 0x943, 0x944, 0x945,
    0x946, 0x947, 0x948, 0x949, 0x94a, 0x94b, 0x94c, 0x94d, 0x94e, 0x94f, 0x950, 0x951,
    0x952, 0x953, 0x954, 0x955, 0x956, 0x957, 0x958, 0x959, 0x95a, 0x95b, 0x95c, 0x95d,
    0x95e, 0x95f, 0x960, 0x961, 0x962, 0x963, 0x964, 0x965, 0x966, 0x967, 0x968, 0x969,
    0x96a, 0x96b, 0x96c, 0x96d, 0x96e, 0x96f, 0x970, 0x971, 0x972, 0x973, 0x974, 0x975,
    0x976, 0x977, 0x978, 0x979, 0x97a, 0x97b, 0x97c, 0x97d, 0x97e, 0x97f, 0x980, 0x981,
    0x982, 0x983, 0x984, 0x985, 0x986, 0x987, 0x988, 0x989, 0x98a, 0x98b, 0x98c, 0x98d,
    0x98e, 0x98f, 0x990, 0x991, 0x992, 0x993, 0x994, 0x995, 0x996, 0x997, 0x998, 0x999,
    0x99a, 0x99b, 0x99c, 0x99d, 0x99e, 0x99f, 0x9a0, 0x9a1, 0x9a2, 0x9a3, 0x9a4, 0x9a5,
    0x9a6, 0x9a7, 0x9a8, 0x9a9, 0x9aa, 0x9ab, 0x9ac, 0x9ad, 0x9ae, 0x9af, 0x9b0, 0x9b1,
    0x9b2, 0x9b3, 0x9b4, 0x9b5, 0x9b6, 0x9b7, 0x9b8, 0x9b9, 0x9ba, 0x9bb, 0x9bc, 0x9bd,
    0x9be, 0x9bf, 0x9c0, 0x9c1, 0x9c2, 0x9c3, 0x9c4, 0x9c5, 0x9c6, 0x9c7, 0x9c8, 0x9c9,
    0x9ca, 0x9cb, 0x9cc, 0x9cd, 0x9ce, 0x9cf, 0x9d0, 0x9d1, 0x9d2, 0x9d3, 0x9d4, 0x9d5,
    0x9d6, 0x9d7, 0x9d8, 0x9d9, 0x9da, 0x9db, 0x9dc, 0x9dd, 0x9de, 0x9df, 0x9e0, 0x9e1,
    0x9e2, 0x9e3, 0x9e4, 0x9e5, 0x9e6, 0x9e7, 0x9e8, 0x9e9, 0x9ea, 0x9eb, 0x9ec, 0x9ed,
    0x9ee, 0x9ef, 0x9f0, 0x9f1, 0x9f2, 0x9f3, 0x9f4, 0x9f5, 0x9f6, 0x9f7, 0x9f8, 0x9f9,
    0x9fa, 0x9fb, 0xa6c, 0xa6d, 0xa6e, 0xa6f, 0xa70, 0xa71, 0xa72, 0xa73, 0xa74, 0xa75,
    0xa76, 0xa77, 0xa78, 0xa7c, 0xa7d, 0xa7e, 0xa7f, 0xa80, 0xa81, 0xa82, 0xa83, 0xa84,
    0xa8c, 0xa8d, 0xa8e, 0xa8f, 0xa90, 0xa91, 0xa92, 0xa93, 0xa94, 0xa95, 0xa96, 0xa97,
    0xa98, 0xa99, 0xa9a, 0xa9b, 0xa9c, 0xa9d, 0xa9e, 0xa9f, 0xaa0, 0xaa1, 0xaa2, 0xaa3,
    0xaa4, 0xaa5, 0xaa6, 0xaa7, 0xaa8, 0xaa9, 0xaaa, 0xaab, 0xaac, 0xaad, 0xaae, 0xaaf,
    0xab0, 0xab1, 0xab2, 0xab3, 0xab4, 0xab5, 0xab6, 0xab7, 0xab8, 0xab9, 0xabb, 0xabc,
    0xabd, 0xabe, 0xabf, 0xac0, 0xac1, 0xaca, 0xacb, 0xacc, 0xacd, 0xace, 0xacf, 0xad0,
    0xad1, 0xad2, 0xad3, 0xad4, 0xad5, 0xad6, 0xad7, 0xadc, 0xadd, 0xade, 0xadf, 0xae0,
    0xae1, 0xae2, 0xae3, 0xae4, 0xaec, 0xaed, 0xaee, 0xaef, 0xaf0, 0xaf1, 0xaf2, 0xaf3,
    0xaf4,
};

static const lv_font_fmt_txt_cmap_t cmaps[] =
{
    {
        .range_start = 169, .range_length = 64871, .glyph_id_start = 1,
        .unicode_list = unicode_list_0, .glyph_id_ofs_list = NULL, .list_length = 173, .type = LV_FONT_FMT_TXT_CMAP_SPARSE_TINY
    },
    {
        .range_start = 126980, .range_length = 2805, .glyph_id_start = 174,
        .unicode_list = unicode_list_1, .glyph_id_ofs_list = NULL, .list_length = 1201, .type = LV_FONT_FMT_TXT_CMAP_SPARSE_TINY
    }
};

/*--------------------
 *  ALL CUSTOM DATA
 *--------------------*/

#if LVGL_VERSION_MAJOR == 8
static lv_font_fmt_txt_glyph_cache_t cache;
#endif

#if LVGL_VERSION_MAJOR >= 8
static const lv_font_fmt_txt_dsc_t font_dsc = {
#else
static lv_font_fmt_txt_dsc_t font_dsc = {
#endif
    .glyph_bitmap = glyph_bitmap,
    .glyph_dsc = glyph_dsc,
    .cmaps = cmaps,
    .kern_dsc = NULL,
    .kern_scale = 0,
    .cmap_num = 2,
    .bpp = 1,
    .kern_classes = 0,
    .bitmap_format = 0,
#if LVGL_VERSION_MAJOR == 8
    .cache = &cache
#endif
};

/*-----------------
 *  PUBLIC FONT
 *----------------*/

#if LVGL_VERSION_MAJOR >= 8
const lv_font_t Font_Emoji_16 = {
#else
lv_font_t Font_Emoji_16 = {
#endif
    .get_glyph_dsc = lv_font_get_glyph_dsc_fmt_txt,
    .get_glyph_bitmap = lv_font_get_bitmap_fmt_txt,
    .line_height = 17,
    .base_line = 4,
#if !(LVGL_VERSION_MAJOR == 6 && LVGL_VERSION_MINOR == 0)
    .subpx = LV_FONT_SUBPX_NONE,
#endif
#if LV_VERSION_CHECK(7, 4, 0) || LVGL_VERSION_MAJOR >= 8
    .underline_position = 0,
    .underline_thickness = 0,
#endif
    .dsc = &font_dsc,
#if LV_VERSION_CHECK(8, 2, 0) || LVGL_VERSION_MAJOR >= 9
    .fallback = NULL,
#endif
    .user_data = NULL,
};

#endif /*#if FONT_EMOJI_16*/
